huc2,tier,GRAND_ID,LAKE_NAME,COMID,gauge,gauge_name,gauge_area_km2,Wshd_area,area_ratio,Vol_total,Res_time,Lake_type,main_purpose,CAP_MCM,DOR_PC,YEAR,IN_RESOPSUS,resops_overlap_days,istarf_fit,glofas_Qf,glofas_Qn,glofas_Qmin,gauge_class,code6_years_wy1996_2010,peak_years_wy1996_2010,n_dams_to_gauge,max_vol_to_gauge,gii_STOR_NOR_2009,gii_MAJ_NDAMS_2009,gii_RAW_DIS_NEAREST_MAJ_DAM,gii_HYDRO_DISTURB_INDX,gauge_dor,gauge_nse_trained,gauge_nse_base,gauge_kge_trained,gauge_kge_base,gauge_beta_trained
01,2,2193,Colebrook River Lake,73003600,01186000,"WEST BRANCH FARMINGTON RIVER AT RIVERTON, CT",333.5841,324.4,1.0283110357583232,169.0,223.6,2,FCON,169.0,61.3,1969.0,True,0,full,,,,Non-ref,15,15,1,169.0,314.32,5,3.0,23,0.8153408654975052,-0.1997160140325049,-0.2842004567797003,0.4237297187181174,0.4040928337749215,1.1656558390873633
01,3,2116,,73000681,01049500,"Cobbosseecontee Stream at Gardiner, Maine",561.3147,570.6,0.9837271293375395,17.4,12.8,2,,,,,False,0,extrapolated,,,,Non-ref,15,15,2,82.6,47.21,1,21.1,15,0.264537981029856,0.7787401714238026,0.7346123609623714,0.8892264461831498,0.8590108100459564,0.986794643169408
01,3,2068,Grand Lake,73000706,01019000,"Grand Lake Stream at Grand Lake Stream, Maine",620.6238,609.2,1.0187521339461587,788.9,674.8,2,,,,,False,0,extrapolated,,,,Non-ref,15,15,1,788.9,639.32,2,1.2,15,2.260017613125473,0.1605283574914098,0.1292486513043398,0.2848260557547736,0.2797668759200378,1.1453975192744716
01,3,2076,Pittsburg Reservoir,73000721,01129200,"CONNECTICUT R BELOW INDIAN STREAM NR PITTSBURG, NH",658.7442,445.6,1.47833078994614,162.0,190.0,2,,,,,False,0,extrapolated,,,,Non-ref,15,15,2,162.0,411.18,4,5.1,10,0.5778257975980334,0.4008404912761173,0.341510992028204,0.4307434793817895,0.4176850954032273,1.15372650995211
01,3,2147,Winnisquam Lake,73001911,01081000,"WINNIPESAUKEE RIVER AT TILTON, NH",1216.967,1116.1,1.0903745184123288,41.0,19.6,2,,,,,False,0,extrapolated,,,,Non-ref,15,15,4,256.6,253.72,6,5.6,26,0.4812586451176281,0.7047206357024578,0.6780796206910469,0.8032180236813836,0.8215784266078949,0.9530913484890652
01,3,2087,,73000610,01053500,"Androscoggin River at Errol, NH",2701.495,2682.8,1.0069684657820186,147.1,27.5,2,,,,,False,0,extrapolated,,,,Non-ref,15,15,6,396.2,303.82,6,0.6,10,0.5080137000175922,0.5084672932040211,0.4699165016114917,0.5732201837543668,0.5745128645161625,1.0874354622175322
01,3,2075,,73000474,01046500,"Kennebec River at Bingham, Maine",7056.902,6788.1,1.0395990041395973,396.2,35.1,2,,,,,False,0,extrapolated,,,,Non-ref,15,15,3,536.6,362.47,12,2.6,10,0.7422221078798119,0.5544783065195279,0.4843108601748253,0.7192811283425018,0.7044093624104311,1.146863413801368
01,3,2118,,73000547,01059000,"Androscoggin River near Auburn, Maine",8444.24,7406.0,1.140189035916824,69.2,3.1,2,,,,,False,0,extrapolated,,,,Non-ref,15,15,2,69.2,161.83,24,7.1,19,0.1808599583434842,0.8495535901367794,0.6207695445068766,0.9231305731231544,0.7915676594179146,0.9864953406513932
01,3,2160,,73001672,01154500,"CONNECTICUT RIVER AT NORTH WALPOLE, NH",14220.09,13949.3,1.0194124436351646,68.5,2.9,2,,,,,False,0,extrapolated,,,,Non-ref,15,15,4,98.4,57.97,30,1.5,21,0.059462506563156,0.882580444545361,0.8010524219734959,0.9029108476961584,0.8991156952809362,0.9660002440726342
01,3,2172,,73001650,01170500,"CONNECTICUT RIVER AT MONTAGUE CITY, MA",20389.69,17262.0,1.1811893175761787,66.6,2.3,2,,,,,False,0,extrapolated,,,,Non-ref,15,15,3,66.6,57.95,52,4.2,21,0.0923135413431635,0.8956245262091306,0.7637584135250752,0.9222186100242392,0.8754915602269386,0.9693814238065204
02,1,1585,Beltzville Lake,73005518,01449800,"Pohopoco Cr bl Beltzville Dam nr Parryville, PA",249.4863,264.0,0.9450238636363636,127.8,289.7,2,FCON,127.8,79.4,1969.0,True,4097,full,,,,Non-ref,15,15,2,127.8,365.47,3,1.7,25,1.0355861095069938,0.2507947214405239,-0.1457899265494524,0.621532986495293,0.4270446635993021,1.123642050777956
02,1,1615,Blue Marsh Lake,73005452,01470960,Tulpehocken Cr at Blue Marsh Damsite near Reading,461.3823,484.9,0.9514998968859559,160.2,211.5,2,FCON,160.2,57.9,1977.0,True,4093,full,,,,Non-ref,15,15,1,160.2,122.86,3,1.1,33,0.6148849128097732,0.5673643551333023,0.5503261913850528,0.6921096800623547,0.6876768241119466,1.0865716810868704
02,3,1555,Stillwater Lake,73003804,01534300,"Lackawanna River near Forest City, PA",98.5212,92.7,1.0627961165048543,21.0,147.0,2,,,,,False,0,extrapolated,,,,Non-ref,15,15,1,21.0,166.43,1,2.3,18,0.2942516258918867,0.5028391229196556,-1.1740580168335382,0.6554998121387001,-0.2316194348821096,0.962973423593144
02,3,1653,Savage Reservoir,73006655,01597500,"SAVAGE RIV BL SAVAGE RIV DAM NEAR BLOOMINGTON, MD",276.0048,289.9,0.9520689893066575,39.2,93.8,2,,,,,False,0,extrapolated,,,,Non-ref,15,15,1,39.2,89.8,1,1.0,17,0.2595529306716774,0.4119817422259787,0.3072319492552582,0.7105957308753521,0.6315641800904748,1.071794147558476
02,3,1679,,73006954,01592500,"PATUXENT RIV NEAR LAUREL, MD",344.178,341.2,1.008728018757327,27.1,56.9,2,,,,,False,0,extrapolated,,,,Non-ref,15,15,1,27.1,124.06,2,0.2,30,0.8645970242504327,0.2286959708713473,-0.5208743613958811,0.3504201517355367,-0.1103022638161284,1.486360478322329
02,3,1575,Blanchard Reservoir,73003252,01547500,"Bald Eagle Creek at Blanchard, PA",878.1579,892.3,0.9841509581979156,229.4,168.0,2,,,,,False,0,extrapolated,,,,Non-ref,15,15,1,229.4,40.64,2,0.6,22,0.5268758323939626,0.2715498881612577,0.1627842163986895,0.5566459966990047,0.5453779700978805,0.9307319239976176
02,3,1579,Curwensville Lake,73005384,01541200,"WB Susquehanna River near Curwensville, PA",951.9687,959.1,0.992564591804817,257.8,116.6,2,,,,,False,0,extrapolated,,,,Non-ref,15,15,1,257.8,12.61,1,1.1,20,0.4471126294804566,0.7379732813666979,0.7061425118726703,0.8339613178805414,0.8348547241861959,1.008116412355218
02,3,2178,,73003419,01350355,SCHOHARIE CREEK AT BREAKABEEN NY,1153.139,915.5,1.2595729109776077,20.1,11.6,2,,,,,False,0,extrapolated,,,,Non-ref,15,15,3,117.9,107.94,6,10.0,20,0.2587898069476135,0.707195945936421,0.6756206814373595,0.7547759480750669,0.7337153410394293,1.1758526481963385
02,3,1613,Raystown Lake,73005301,01563200,"Rays Br Juniata R bl Rays Dam nr Huntingdon, PA",2485.088,2476.5,1.003467797294569,1074.4,363.4,2,,,,,False,0,extrapolated,,,,Non-ref,15,15,1,1074.4,257.17,3,1.5,18,1.020841353016836,0.6443452964898607,0.5062120988961796,0.756912725862364,0.7572297615652959,0.9023032551234956
02,3,2157,,73001748,01327750,HUDSON RIVER AT FORT EDWARD NY,7334.232,7178.4,1.0217084587094618,39.8,2.8,2,,,,,False,0,extrapolated,,,,Non-ref,15,15,1,39.8,184.41,16,6.1,17,0.2587545900308685,0.607564446975583,0.343910416539248,0.7741764652559898,0.6534528970996831,0.9754662825829932
03,1,1776,W. Kerr Scott Reservoir,73009540,02112000,"YADKIN RIVER AT WILKESBORO, NC",1300.812,949.8,1.3695641187618446,377.4,258.1,2,SUPP,377.4,70.7,1963.0,True,5479,full,,,,Non-ref,15,15,1,377.4,42.47,3,7.5,18,0.6134196847275427,0.5649442143214144,0.4831520324678136,0.7110097779398785,0.6846662529518339,1.1901929971449214
03,1,1782,Falls Lake,73009439,02087183,"NEUSE RIVER NEAR FALLS, NC",1998.355,1983.0,1.0077433182047404,1259.4,652.0,2,SUPP,1259.4,178.6,1981.0,True,5479,full,9.0,1.4,0.8,Non-ref,15,15,1,1259.4,99.7,8,0.2,28,2.4718348254758906,-0.3189345645112762,-0.9639785572637692,0.3563378326270353,0.1707622491419732,1.162184695928263
03,1,1872,J. Strom Thurmond Lake,73011226,02197000,"SAVANNAH RIVER AT AUGUSTA, GA",19112.31,15902.9,1.2018128768966667,4711.9,216.9,2,ELEC,4711.9,59.4,1954.0,True,5479,full,665.6,114.3,58.2,Non-ref,15,15,8,4711.9,576.32,41,0.3,29,1.8177089112787528,0.211650044772621,-0.1169069231334314,0.5895880671342788,0.4617394343533618,1.237651477376709
03,2,1758,Philpott Reservoir,73008205,02072000,"SMITH RIVER NEAR PHILPOTT, VA",557.748,573.9,0.9718557239937272,392.6,464.7,2,ELEC,392.6,127.3,1953.0,True,0,full,,,,Non-ref,15,15,1,392.6,371.75,3,0.3,22,1.711296474898029,0.0153249461802069,-0.102987857738749,0.4523287010676581,0.4196577481656089,1.2032985130296372
03,2,1841,Carters Lake,73011734,02382500,"COOSAWATTEE RIVER AT CARTERS, GA",1351.068,977.2,1.3825910765452312,583.2,268.0,2,FCON,583.2,73.4,1974.0,True,0,full,,,,Non-ref,15,15,1,583.2,455.06,28,0.2,26,0.7547348874408932,0.3708514852616974,0.0517287586196492,0.6418345239643117,0.5187443576664733,1.1481697157819328
03,2,1863,Lake Sidney Lanier,73011587,02334430,"CHATTAHOOCHEE RIVER AT BUFORD DAM, NEAR BUFORD, GA",2683.308,2677.1,1.0023189271973405,3150.3,563.8,2,FCON,3150.3,154.5,1958.0,True,0,full,152.1,31.2,11.9,Non-ref,15,15,1,3150.3,885.49,14,0.7,25,2.293929078381816,0.1138501697714319,-0.1100137116717099,0.4082071464671412,0.3369822536108846,1.3423631149039434
03,2,1862,Allatoona Lake,73011526,02394000,"ETOWAH RIVER AT ALLATOONA DAM, ABV CARTERSVILLE,GA",2908.292,2901.3,1.0024099541584806,826.5,166.1,2,FCON,826.5,45.5,1965.0,True,0,full,,,,Non-ref,15,15,2,826.5,306.48,31,1.2,28,0.6059907299383027,-0.1094152223592621,-0.2658150331949573,0.3058537869335317,0.2588917239206517,1.2925729239522727
03,2,1896,West Point Lake,73014783,02339500,"CHATTAHOOCHEE RIVER AT WEST POINT, GA",9166.959,8902.8,1.0296714516781238,746.3,54.1,2,FCON,746.3,14.8,1974.0,True,0,full,9.5,1.1,0.6,Non-ref,15,15,2,746.3,359.02,50,3.6,27,0.9203349483544534,0.5841726276431397,0.2602274778557951,0.7360977460771683,0.6170519891642761,1.0984038684482915
03,2,1831,,73011175,02129000,"PEE DEE R NR ROCKINGHAM, NC",17821.98,17763.8,1.0032752001260992,119.6,5.4,2,ELEC,119.6,1.5,1912.0,True,0,full,,,,Non-ref,15,15,5,354.0,54.45,30,4.8,24,0.2148704528944043,0.8217346819136565,0.4955555350221646,0.817454694953044,0.7282323763886289,1.017816398505902
03,3,1771,,73009785,02094500,"REEDY FORK NEAR GIBSONVILLE, NC",340.7031,275.2,1.2380199854651164,40.3,162.0,2,,,,,False,0,extrapolated,,,,Non-ref,15,15,1,40.3,142.83,4,10.6,23,0.5755928769571949,0.6380647015951273,0.6719820218959981,0.6072619565062021,0.5270764184790561,1.2382234646681096
04,3,1531,,72056197,04240180,NINEMILE CREEK NEAR MARIETTA NY,116.928,111.9,1.0449329758713135,59.1,297.7,2,,,,,False,0,extrapolated,,,,Non-ref,15,15,1,59.1,274.88,1,2.2,24,1.4265526172355918,0.620717051809367,0.533965428014399,0.7372237741420335,0.6547692655324355,1.0803739849966798
04,3,1427,,72041664,04036000,"WEST BRANCH ONTONAGON RIVER NEAR BERGLAND, MI",419.0814,392.3,1.068267652306908,340.4,434.2,2,,,,,False,0,extrapolated,,,,Non-ref,15,15,1,340.4,103.56,1,0.5,9,2.7287472682159386,0.4325827880568987,0.2446519325331922,0.6433330837120504,0.4687097686646554,1.241623529862516
04,3,1435,,72040348,04034500,"MIDDLE BRANCH ONTONAGON RIVER NR TROUT CREEK, MI",502.9371,518.0,0.9709210424710425,44.4,51.5,2,,,,,False,0,extrapolated,,,,Non-ref,15,15,1,44.4,89.09,1,8.2,9,0.6195146243936822,0.1656084561541382,0.1980154627063917,0.0957003592629913,0.1205383489421328,0.7178775684175817
04,3,1536,,72055238,04232482,KEUKA LAKE OUTLET AT DRESDEN NY,532.5489,454.4,1.1719826144366199,203.5,401.3,2,,,,,False,0,extrapolated,,,,Non-ref,15,15,2,203.5,186.84,1,9.1,20,1.860133448119771,0.4886545204157828,0.3796884045116642,0.5729587753950305,0.5534357267408121,0.9756693573195506
04,3,1444,Michigamme Reservoir,72046134,04062500,"MICHIGAMME RIVER NEAR CRYSTAL FALLS, MI",1673.412,1655.1,1.0110639840493023,154.6,71.2,2,,,,,False,0,extrapolated,,,,Non-ref,15,15,1,154.6,85.2,3,5.3,12,0.3025319390954991,0.3401861191217762,-0.0948242430878825,0.5178226134277055,0.3956042811202191,1.0209767946096904
04,3,2113,Raquette Pond,72051591,04266500,RAQUETTE RIVER AT PIERCEFIELD NY,1877.755,1937.3,0.9692639240179632,44.9,11.0,2,,,,,False,0,extrapolated,,,,Non-ref,15,15,3,44.9,46.5,3,3.4,14,0.0759619826166792,0.8592148962078827,0.8658272368642717,0.8905299561275014,0.9066861919878278,0.9165174921719296
05,1,1742,John W. Flannagan Lake,74047454,03209000,"POUND RIVER BELOW FLANNAGAN DAM NEAR HAYSI, VA",572.2452,572.7,0.9992058669460449,179.7,264.8,2,FCON,179.7,72.6,1963.0,True,5477,full,,,,Non-ref,15,15,1,179.7,152.32,5,0.5,20,0.7328831257520912,0.4644775510223937,0.3115535319784827,0.6302966472951923,0.6392176589606073,0.927492555319696
05,1,1683,William H. Harsha Lake,74038775,03247500,East Fork Little Miami River at Perintown OH,1233.359,860.7,1.4329719995352619,363.6,357.0,2,FCON,363.6,97.8,1973.0,True,5477,full,,,,Non-ref,15,15,1,363.6,97.07,4,4.2,33,0.6633082921719261,0.533470049022132,0.3712911010764432,0.6369837782616943,0.6744434563144207,0.938009915046251
05,1,1739,Buckhorn Lake,74045604,03281000,"MIDDLE FORK KENTUCKY RIVER AT TALLEGA, KY",1392.92,1063.0,1.3103668861712137,207.1,164.6,2,FCON,207.1,45.1,1960.0,True,5479,full,,,,Non-ref,15,15,1,207.1,48.64,9,26.4,15,0.3077613237805761,0.6271503747267212,0.2660204336162219,0.7464091054953672,0.6504016183695522,0.8954422437539791
05,3,1602,,74032667,03042280,"Yellow Creek near Homer City, PA",154.4994,130.9,1.1802857142857144,46.6,195.2,2,,,,,False,0,extrapolated,,,,Non-ref,15,15,1,46.6,110.99,1,4.7,22,0.519404273996291,0.8268054458514605,0.8134080988548511,0.8391522643689597,0.8912168529101236,0.9404156758800952
05,3,1675,,74040252,03232500,Rocky Fork near Barretts Mills OH,363.2454,297.2,1.2222254374158816,107.4,316.5,2,,,,,False,0,extrapolated,,,,Non-ref,15,15,1,107.4,125.59,1,6.0,21,0.8147766334408318,0.7383169281764774,0.7240106522416416,0.8482773074883223,0.8131495262890172,1.0515969083561985
05,3,1640,Eagle Creek Reservoir,74037334,03353500,"EAGLE CREEK AT INDIANAPOLIS, IND",450.9819,404.5,1.1149119901112485,135.7,302.8,2,,,,,False,0,extrapolated,,,,Non-ref,15,15,1,135.7,66.99,1,6.8,33,0.8296985493344642,0.8500522121144838,0.8013752451410152,0.8831601393934837,0.8238874808656044,0.989959588774022
05,3,1549,Chautauqua Lake,74024793,03014500,CHADAKOIN RIVER AT FALCONER NY,499.3146,480.5,1.0391562955254943,144.4,268.9,2,,,,,False,0,extrapolated,,,,Non-ref,15,15,1,144.4,123.52,1,3.8,31,0.4049324124165146,0.7115042290811369,0.7061834348746365,0.7766399687442846,0.7989249562254942,0.978127156653065
05,3,1637,,74037926,03352500,"FALL CREEK AT MILLERSVILLE, IND.",772.2104,673.3,1.1469039061339672,74.0,99.2,2,,,,,False,0,extrapolated,,,,Non-ref,15,15,1,74.0,34.33,1,10.7,21,0.2219091354527043,0.8870118169640199,0.9072285835831204,0.9081002888085222,0.8790453202372934,1.073129424292432
05,3,1616,Delaware Lake,74038104,03225500,Olentangy River near Delaware OH,1019.562,1058.5,0.9632139820500709,162.8,175.9,2,,,,,False,0,extrapolated,,,,Non-ref,15,15,1,162.8,22.79,2,0.5,22,0.449346041900219,0.3323984879983559,-0.0234242789250243,0.5734827716277706,0.3685536563311978,0.8397921345699872
05,3,1750,,74045941,03171000,"NEW RIVER AT RADFORD, VA",7167.697,6106.1,1.1738584366453217,286.2,29.6,2,,,,,False,0,extrapolated,,,,Non-ref,15,15,1,286.2,42.19,10,7.1,16,0.0930736601373181,0.8299229226006417,0.6554044558022727,0.8335648867703619,0.7301047480464871,1.1454602307074344
07,2,830,Winter,74009443,05356000,"CHIPPEWA RIVER AT BISHOPS BRIDGE NEAR WINTER, WI",2105.661,2009.2,1.0480096555843121,283.7,127.4,2,ELEC,283.7,34.9,1923.0,True,0,extrapolated,,,,Non-ref,15,15,2,283.7,152.75,6,4.4,11,0.5631304709387946,0.5091556256497896,0.4792508332021544,0.572140592485006,0.5748966280815263,1.0645891575228308
07,2,1659,Lake Shelbyville,74037736,05592000,"KASKASKIA RIVER AT SHELBYVILLE, IL",2742.167,2763.6,0.9922445361123172,1266.2,588.8,2,FCON,1266.2,161.3,1970.0,True,0,full,,,,Non-ref,15,15,1,1266.2,94.93,1,0.4,24,1.4543006655287491,0.3308024307768988,0.1214651499304514,0.5778989465016333,0.5451080112703894,0.8894580817471981
07,2,907,Coralville Lake,74022925,05454500,"Iowa River at Iowa City, IA",8478.728,8039.1,1.054686221094401,568.9,98.2,2,FCON,568.9,26.9,1958.0,True,0,full,,,,Non-ref,15,15,2,568.9,8.98,4,7.7,27,0.2418724267634867,0.5709663387110797,0.3213313999251309,0.7614594160863855,0.6762638246731129,0.9459731636770536
07,3,1511,,74018530,05425912,"BEAVERDAM RIVER AT BEAVER DAM, WI",444.7584,403.0,1.103618858560794,70.3,251.2,2,,,,,False,0,extrapolated,,,,Non-ref,15,15,2,70.3,124.97,2,1.1,15,1.0118483263562903,0.6296480364609144,0.6333930995540391,0.6659971332594402,0.6797842235228733,0.9478233321783373
07,3,1625,Clinton Lake,74031210,05578500,"SALT CREEK NEAR ROWELL, IL",862.6382,787.6,1.095274504824784,308.4,493.4,2,,,,,False,0,extrapolated,,,,Non-ref,15,15,1,308.4,109.68,1,14.4,30,1.213424337892487,0.5744122581459494,0.3484449571188139,0.6955033482208034,0.5845806471705305,1.2077359334912383
07,3,909,,74023756,05483600,"Middle Raccoon River at Panora, IA",1115.563,1079.1,1.033790195533315,77.7,138.1,2,,,,,False,0,extrapolated,,,,Non-ref,15,15,1,77.7,24.26,2,1.3,21,0.302868740837014,0.7424008167290017,0.7311074183059547,0.8148210666798428,0.7904190682197617,1.0725943572622036
07,3,1639,Lake Decatur,74037481,05573540,"SANGAMON RIVER AT RT 48 AT DECATUR, IL",2433.287,2365.4,1.0287000084552294,71.0,35.0,2,,,,,False,0,extrapolated,,,,Non-ref,15,15,1,71.0,9.79,1,1.8,22,0.1042304440879196,0.8167425813863514,0.7281780820039299,0.8097211991632786,0.7707824624792866,1.132149507472797
07,3,846,Diaryland Reservoir,74009856,05360500,"FLAMBEAU RIVER NEAR BRUCE, WI",4889.991,4659.7,1.049421851192137,58.2,12.6,2,,,,,False,0,extrapolated,,,,Non-ref,15,15,4,294.8,60.92,10,18.4,16,0.3481103276405716,0.8524629919414607,0.8335196182161166,0.8986982130967366,0.7630400019574067,1.0522496112987134
07,3,1480,,74009929,05400760,"WISCONSIN RIVER AT WISCONSIN RAPIDS, WI",14080.47,12823.7,1.0980036962811044,164.1,14.0,2,,,,,False,0,extrapolated,,,,Non-ref,15,15,2,169.0,44.86,30,5.5,21,0.1799543520903394,0.8843345979401855,0.80943187264065,0.8890971818788467,0.8950909508479097,0.9237801160363328
09,2,774,Lake Ashtabula,71047080,05058700,"SHEYENNE RIVER AT LISBON, ND",11635.5,9998.0,1.1637827565513104,192.4,120.5,2,FCON,192.4,33.0,1950.0,True,0,full,,,,Non-ref,15,15,1,192.4,9.56,5,37.9,15,0.5172190542933341,0.5807871772587694,0.6638432541211297,0.2995774096196952,0.5180009942694747,0.5265237900078606
10,1,882,Pactola,74017872,06410500,"RAPID CR ABOVE PACTOLA RES AT SILVER CITY,  SD",762.5259,831.4,0.9171588886216021,173.8,1415.6,2,SUPP,173.8,387.8,1958.0,True,5479,full,,,,Non-ref,15,15,1,173.8,25.35,1,17.5,6,3.496583107134245,0.555811057493895,0.6348728038237428,0.4149138576031336,0.505005221221486,0.715082318880436
10,1,1006,Stockton Lake,74046874,06919020,"Sac River at Hwy J below Stockton, MO",3322.945,2984.3,1.1134755218979324,2064.8,648.8,2,FCON,2064.8,177.7,1969.0,True,5479,full,153.1,29.3,14.7,Non-ref,15,15,1,2064.8,342.67,2,5.3,21,2.1960017289208094,0.0689236303396639,-0.3841716389004153,0.4925347553160969,0.3769104220702486,1.1325528490080634
10,1,373,Buffalo Bill,74009608,06282000,"SHOSHONE RIVER BELOW BUFFALO BILL RESERVOIR, WY",4001.216,3908.4,1.0237478251970116,746.0,1086.1,2,ELEC,797.5,297.6,1909.0,True,5479,full,33.2,2.8,0.4,Non-ref,15,15,1,746.0,0.66,1,17.6,10,0.9230683758751655,0.5929322813024528,0.5880826966332298,0.664860627903749,0.6701221126008785,0.9778687315206834
10,1,511,Chatfield Lake,74038465,06714215,"SOUTH PLATTE R AT 64TH AVE. COMMERCE CITY, CO.",10080.27,7851.8,1.2838164497312718,437.9,571.5,2,FCON,437.9,156.6,1973.0,True,5452,full,,,,Non-ref,15,15,7,437.9,47.03,28,19.9,28,7.104643239411067,0.336459440575515,0.3202080386418653,0.315959007087814,0.2810444089844817,1.611649278737605
10,1,393,Boysen,74016679,06259000,WIND R BL BOYSEN RES WYO,19954.86,19969.1,0.9992868982578084,678.3,138.7,2,FCON,1174.8,38.0,1951.0,True,5479,full,77.9,9.0,2.1,Non-ref,15,15,1,678.3,48.9,9,0.9,16,0.8829171556881694,0.4950706291731581,0.4298179906304978,0.7507488939682626,0.7092166467463437,1.0505307713023082
10,1,993,Osage,74045509,06926000,"Osage River near Bagnell, MO",36166.79,36189.4,0.9993752314213554,3302.0,103.1,2,ELEC,3302.0,28.3,1931.0,True,4470,full,1141.0,243.8,123.7,Non-ref,15,15,4,6416.6,165.14,46,2.0,21,1.3295173978504824,0.1871716464305757,-0.3958657808297572,0.5786410440591112,0.4001483535098268,1.0274164582234937
10,2,955,Long Branch Lake,74037925,06906200,"East Fork Little Chariton R. nr Macon, MO",268.9155,256.6,1.0479949337490257,120.9,681.6,2,FCON,120.9,186.7,1976.0,True,0,full,,,,Non-ref,15,15,1,120.9,164.82,1,0.3,18,1.5109836358799171,0.3249388708816216,-2.209785434244833,0.6729554507196157,-0.4580814656303347,0.9584410624421228
10,2,980,Pomona Lake,74038929,06912500,"HUNDRED AND TEN MILE C NR QUENEMO, KS",836.8893,838.9,0.9976031708189297,314.0,542.0,2,FCON,314.0,148.5,1963.0,True,0,full,,,,Non-ref,15,15,1,314.0,108.39,2,0.5,17,1.6469465725855097,0.1328367291449025,-0.3784857232282195,0.2482266325193027,0.2592062686847692,0.8211790450633847
10,2,975,Clinton Lake,74038821,06891500,"WAKARUSA R NR LAWRENCE, KS",1103.721,939.6,1.1746711366538953,454.8,711.5,2,FCON,454.8,194.9,1977.0,True,0,full,20.3,2.6,1.2,Non-ref,15,15,1,454.8,137.82,6,6.5,21,1.8628159430963296,0.4975286124454884,0.4809630533674328,0.5133307058643355,0.5595211337183048,0.9903239614555857
10,2,1000,Pomme de Terre Lake,74046746,06921350,"Pomme de Terre River near Hermitage, MO",1635.647,1640.2,0.9972241190098767,801.8,460.3,2,FCON,801.8,126.1,1961.0,True,0,full,,,,Non-ref,15,15,1,801.8,174.05,1,1.1,21,1.627672183543758,-0.0758934089021359,-1.2906946590469146,0.4762538586425422,0.1291219285863458,1.083170420740975
11,1,1017,Clearwater Lake,74046861,07063000,"Black River at Poplar Bluff, MO",3231.511,2349.9,1.375169581684327,509.4,224.9,2,FCON,509.4,61.6,1942.0,True,5479,full,,,,Non-ref,15,15,2,509.4,61.32,19,54.1,17,0.4110568002931551,0.576911826210655,0.258583725550638,0.7934702870728231,0.6032211796050551,1.006673020691175
11,2,1016,Trinidad Lake,74046113,07124410,"PURGATOIRE RIVER BELOW TRINIDAD LAKE, CO.",1740.91,1733.3,1.0043904690474819,203.4,12522.2,2,FCON,203.4,3430.7,1976.0,True,0,full,,,,Non-ref,15,15,1,203.4,56.03,3,0.5,12,3.1199762357919774,0.441625416449578,0.4385820540748868,0.4073599464902401,0.4126580501629889,0.6957738878951262
11,2,1123,Broken Bow Lake,74067549,07339000,"Mountain Fork near Eagletown, OK",2072.373,1983.2,1.0449641992739007,1976.0,853.4,2,FCON,1976.0,233.8,1967.0,True,0,full,104.2,17.4,8.5,Non-ref,15,15,1,1976.0,547.43,2,13.0,17,1.6323190098423943,0.4356120990403748,0.3845756343872573,0.56564248350834,0.5549310882078893,1.085340380568503
11,2,1060,Tenkiller Lake,74054789,07198000,"Illinois River near Gore, OK",4179.993,4134.3,1.011052173282055,1518.2,479.3,2,FCON,1518.2,131.3,1952.0,True,0,full,,,,Non-ref,15,15,1,1518.2,201.79,6,3.2,23,1.088546752518602,0.1655742134398231,-0.6514718554269232,0.5120929127217587,0.3127037810111907,0.9081077345155538
12,2,1315,,75018543,08177500,"Coleto Ck nr Victoria, TX",1294.516,1078.8,1.1999592139414166,208.5,299.9,2,FCON,208.5,82.2,1980.0,True,0,full,,,,Non-ref,15,15,1,208.5,33.5,1,2.6,20,1.7916981984661982,0.4236159290127274,0.5672256658427413,0.3704946772046095,0.5100101650373952,0.926178657719668
12,2,1266,Lake Limestone,75008244,08110500,"Navasota Rv nr Easterly, TX",2440.069,1629.5,1.4974341822644983,688.1,764.8,2,IRRI,688.1,209.5,1978.0,True,0,full,30.8,4.7,1.5,Non-ref,15,15,1,688.1,116.37,4,7.4,22,1.6667373580808462,0.7049408668543717,0.5493180481175364,0.6690699920817506,0.5854231747910167,1.1835733720119754
12,2,1269,Toledo Bend Reservoir,75011584,08025360,"Sabine Rv at Toledo Bd Res nr Burkeville, TX",19189.52,18647.4,1.0290721494685586,6287.7,375.3,2,ELEC,6287.7,102.8,1966.0,True,0,full,602.9,122.7,55.5,Non-ref,15,15,3,6287.7,413.13,21,2.7,20,2.0668359309923647,0.457923513297532,0.2239870828490007,0.695654827149617,0.5915342463664817,1.1546773716688234
13,1,1086,Santa Rosa Lake,75000801,08382830,"PECOS RIVER BELOW SANTA ROSA DAM, NM",6839.237,6442.2,1.0616306541243674,884.4,4203.7,2,FCON,884.4,1151.7,1979.0,True,5478,full,,,,Non-ref,15,15,1,884.4,4.02,3,86.1,10,12.474375586309636,-0.1616832506761127,-0.2616067077697952,-0.1050361963060431,-0.2365388956125873,1.5653384995611417
13,2,578,Platoro Reservoir,75000290,08245000,"CONEJOS RIVER BELOW PLATORO RESERVOIR, CO.",105.8085,105.5,1.0029241706161136,66.0,617.0,2,IRRI,66.0,169.1,1950.0,True,0,extrapolated,,,,Non-ref,15,15,1,66.0,623.44,1,0.6,19,0.8469686337883352,0.3215332843189276,0.0370256119926449,0.6510890995477521,0.444625372806319,0.8919282401298658
13,2,604,,75000104,08285500,"RIO CHAMA BELOW EL VADO DAM, NM",2247.896,2220.8,1.012201008645533,270.8,502.6,2,IRRI,270.8,137.7,1935.0,True,0,full,,,,Non-ref,15,15,3,493.4,331.9,3,1.8,17,2.084204601172044,0.1336073435817562,0.1199646036707065,0.4791974761112232,0.4735095600628604,1.1559753968996136
13,2,606,Abiquiu Reservoir,75000732,08287000,"RIO CHAMA BELOW ABIQUIU DAM, NM",5561.557,5546.8,1.0026604528737288,1688.6,2349.3,2,FCON,1688.6,643.6,1963.0,True,0,full,31.7,4.5,1.0,Non-ref,15,15,1,1688.6,171.85,4,0.9,15,6.152242548100974,0.1406562481738126,0.1005988273827793,0.4804807986470863,0.4615425605415723,1.179754380319653
13,2,1109,Lake Sumner,75001908,08384500,"PECOS RIVER BELOW SUMNER DAM, NM",11624.61,11253.2,1.0330048341804998,75.6,168.0,2,IRRI,75.6,46.0,1936.0,True,1555,full,,,,Non-ref,15,15,1,75.6,30.37,5,0.4,12,6.893366004745409,-0.0694932054736345,-0.1511176375523502,0.0035705949468382,0.0179025486992514,0.7834715152588893
13,2,613,Cochiti Lake,75000875,08319000,"RIO GRANDE AT SAN FELIPE, NM",40850.5,37150.1,1.0996067305336998,890.6,168.7,2,FCON,890.6,46.2,1975.0,True,0,full,,,,Non-ref,15,15,1,890.6,40.82,49,21.0,20,3.652221850741631,0.026815419169601,-0.3248908291818841,0.310991917212098,0.1453891976900897,1.4974146668439994
14,1,549,Silver Jack,77015955,09126000,"CIMARRON RIVER NEAR CIMARRON, CO.",173.2248,156.0,1.1104153846153846,15.8,243.2,2,IRRI,15.8,66.6,1970.0,True,5466,full,,,,Non-ref,15,15,1,15.8,91.61,1,2.9,13,0.1888396151907264,0.7948669766839213,0.335246677288743,0.7941124645439356,-0.0119580056134893,0.8623239999932829
14,1,471,Moon Lake,77007891,09291000,"LAKE FORK RIVER BL MOON LAKE NR MOUNTAIN HOME, UT",296.9973,297.5,0.9983102521008403,44.2,987.6,2,IRRI,61.0,270.6,1937.0,True,5479,full,,,,Non-ref,15,15,1,44.2,170.9,1,0.8,8,0.4124209989026636,0.5510507043416477,0.4722804997971461,0.6802175777777639,0.5968582799772373,1.140781224257005
14,1,470,,77008391,09279000,"ROCK CREEK NEAR MOUNTAIN HOME, UT",379.2339,253.2,1.4977642180094788,36.4,635.4,2,IRRI,36.4,174.1,1987.0,True,5454,full,,,,Non-ref,15,15,1,36.4,107.69,1,12.6,13,0.449637629273785,0.1119709974902162,0.0217116190270564,0.4780929483514293,0.4100115593169359,1.249661159953856
14,1,497,,77007153,09038500,"WILLIAMS FORK BELOW WILLIAMS FORK RESERVOIR, CO.",595.1547,587.4,1.0132017364657815,125.3,402.7,2,SUPP,125.3,110.3,1959.0,True,5479,full,,,,Non-ref,15,15,1,125.3,208.3,4,0.0,21,1.0437773823990395,0.2487260511532555,0.2402195189723306,0.594880308826878,0.5965946063116561,0.9484328582854976
14,1,517,,77007803,09080400,"FRYINGPAN RIVER NEAR RUEDI, CO.",612.899,581.3,1.054359194907965,160.4,659.5,2,IRRI,146.8,180.7,1967.0,True,5449,full,,,,Non-ref,15,15,1,160.4,209.22,1,0.8,18,1.106894989005322,0.0387467820776676,-0.4595966305571266,0.5508159350513007,0.3662823104700127,1.003433624574845
14,1,509,,77007594,09050700,"BLUE RIVER BELOW DILLON, CO.",851.6304,844.2,1.0088017057569296,376.2,1052.2,2,RECR,376.2,288.3,1963.0,True,5478,full,,,,Non-ref,14,14,1,376.2,378.82,4,0.9,24,2.2485690144199806,0.0273520116572222,-0.0083948615573359,0.2783723393005082,0.2479760351845726,1.6134359079645075
14,1,502,Green Mountain,77006776,09057500,"BLUE RIVER BELOW GREEN MOUNTAIN RESERVOIR, CO.",1494.94,1492.6,1.0015677341551656,139.1,168.8,2,IRRI,190.7,46.2,1942.0,True,5289,full,,,,Non-ref,15,15,1,139.1,309.19,5,0.4,20,1.4522701908824085,-0.1410604760486438,-0.17997437254534,0.4238718795655937,0.4089204822304331,1.2321482329970943
14,1,601,Navajo,77020840,09355500,"SAN JUAN RIVER NEAR ARCHULETA, NM",8372.682,8331.2,1.0049791146533513,1278.0,336.6,2,IRRI,2107.5,92.2,1962.0,True,5479,full,81.0,12.7,5.1,Non-ref,15,15,1,1278.0,273.47,11,7.6,19,1.9020829542165707,0.2104828638032186,0.1306754176024867,0.4455326265128548,0.3952755998414087,1.3346453770912965
14,1,423,Fontenelle,77000631,09211200,"GREEN RIVER BELOW FONTENELLE RESERVOIR, WY",10861.65,10840.0,1.0019972324723248,185.6,38.0,2,ELEC,426.0,10.4,1963.0,True,5479,extrapolated,,,,Non-ref,15,15,1,185.6,29.09,6,1.8,15,0.2873533983540863,0.6268953195486366,0.5774310287513569,0.80065808503775,0.7525574993036579,1.0831508313981122
14,1,451,Flaming Gorge,77005456,09234500,"GREEN RIVER NEAR GREENDALE, UT",39136.57,39053.0,1.002139912426702,4336.3,514.1,2,SUPP,4673.5,140.8,1963.0,True,5479,full,161.1,24.6,8.8,Non-ref,15,15,2,4336.3,128.83,27,0.8,16,3.3094423254635594,-0.1996141703283003,-0.2175157461263499,0.4761787363670993,0.4534836170561934,0.9822765420484364
15,2,644,Bartlett Lake,77027234,09510000,"VERDE RIVER BLW BARTLETT DAM, AZ.",15081.04,15117.8,0.9975684292688091,219.6,115.2,2,SUPP,219.6,31.6,1938.0,True,0,full,,,,Non-ref,15,15,2,219.6,26.65,8,3.1,10,0.9081272342086124,0.3010721576121762,-0.7846558542565105,0.5796301114892036,0.1859593341431109,0.7326235318533381
15,2,656,San Carlos Lake,77027289,09469500,"GILA RIVER BELOW COOLIDGE DAM, AZ.",33546.0,33584.1,0.9988655345833296,1323.5,1556.4,2,IRRI,1323.5,426.4,1929.0,True,0,extrapolated,139.9,19.7,2.9,Non-ref,15,15,1,1323.5,38.92,26,0.7,11,5.469087940577007,-12.870270313076588,-42.886562035073766,-1.7750318765992184,-4.602906760168671,1.6605940764361322
16,1,450,East Canyon,77007339,10134500,"EAST CANYON CREEK NEAR MORGAN, UT",374.4549,387.6,0.9660859133126934,59.3,272.3,2,IRRI,63.2,74.6,1965.0,True,5479,full,,,,Non-ref,15,15,1,59.3,159.45,1,0.6,20,1.212462236245841,0.3417657613354816,0.3567259747730332,0.3084691968715692,0.3822600445568356,0.7970507056042628
16,1,438,Pineview,77001713,10140100,"OGDEN RIVER BL PINEVIEW RES NR HUNTSVILLE, UT",822.7683,820.0,1.003375975609756,135.7,301.0,2,FCON,143.1,82.5,1936.0,True,5405,full,,,,Non-ref,15,15,1,135.7,175.36,3,1.1,21,1.4673608950153854,0.4926309175676955,0.4748709491688313,0.5248779555497849,0.5356467632131117,1.1333215876870193
16,1,456,Rock Port Lake,77006887,10129500,"WEBER RIVER NEAR WANSHIP, UT",847.077,864.1,0.9802997338271033,75.1,192.2,2,FCON,93.4,52.7,1956.0,True,5279,full,,,,Non-ref,15,15,1,75.1,104.07,2,0.4,18,0.5750714991521289,0.5927857424557842,0.5754868670194622,0.6676057402018981,0.663530072509062,0.95633440211144
16,1,477,Deer Creek,77006650,10163000,"PROVO RIVER AT PROVO, UT",1767.912,1411.9,1.2521510021956228,184.7,290.3,2,IRRI,188.2,79.5,1940.0,True,5116,full,,,,Non-ref,15,15,2,458.9,372.86,2,23.9,21,4.078912701218199,0.2560532473340617,0.2601857336823024,0.500216109437502,0.5087573712142983,0.934280024745216
16,2,160,Prosser Creek,77008056,10340500,PROSSER C BL PROSSER C DAM NR TRUCKEE CA,138.3831,133.6,1.035801646706587,35.3,173.5,2,FCON,35.3,47.5,1962.0,True,0,full,,,,Non-ref,15,15,1,35.3,266.59,1,1.0,20,0.4847929519779314,0.2509532424278188,0.248204166935281,0.4799569972678668,0.4933163093656625,0.981821198594966
16,2,151,Stampede,77007269,10344400,LITTLE TRUCKEE R AB BOCA RES NR TRUCKEE CA,377.4933,363.2,1.0393537995594713,273.3,582.9,2,FCON,273.3,159.7,1970.0,True,0,full,,,,Non-ref,15,15,2,273.3,800.24,2,4.7,19,2.169810742573209,0.3953699212644315,0.4032737923391016,0.4139714510155027,0.4261000993325877,0.8459492347734394
16,2,157,Boca,77007086,10344500,LITTLE TRUCKEE R BL BOCA DAM NR TRUCKEE CA,445.842,439.0,1.0155854214123006,50.7,88.3,2,IRRI,50.7,24.2,1939.0,True,0,full,,,,Non-ref,15,15,1,50.7,768.46,3,0.5,20,2.310449359627585,0.2645321043857415,0.2664898362370228,0.3160996398293171,0.3249063020995328,0.8203338182095642
16,2,546,Bridgeport Reservoir,77015269,10293000,"E WALKER R NR BRIDGEPORT, CA",933.3531,939.6,0.9933515325670498,54.4,92.4,2,IRRI,54.4,25.3,1924.0,True,0,full,,,,Non-ref,15,15,1,54.4,66.29,1,0.3,11,0.3979479748561675,0.5261844584603668,0.5276075488156455,0.597177488114853,0.6026081827932933,1.051574895111989
16,3,170,Tahoe,77006016,10337500,TRUCKEE R A TAHOE CITY CA,1312.217,1299.2,1.0100192426108374,140000.0,85956.7,3,,,,,False,0,extrapolated,,,,Non-ref,15,15,2,140000.0,703.43,4,0.2,18,679.4619153760458,0.1251200193256684,0.0536578473508002,0.4133689012577954,0.3644318269212622,1.3470303518988531
16,3,427,,77000850,10126000,"BEAR RIVER NEAR CORINNE, UT",18311.94,16197.2,1.1305620724569678,81.4,24.5,2,,,,,False,0,extrapolated,,,,Non-ref,15,15,5,81.4,20.93,28,19.8,22,0.2053763290587046,0.4928827138441978,0.4306658039379629,0.6078841777541947,0.5404373180801663,1.2482657963744066
17,1,374,Island Park,78022223,13042500,HENRYS FORK NR ISLAND PARK ID,1325.219,1286.2,1.0303366505986626,157.0,127.8,2,IRRI,157.0,35.0,1937.0,True,5127,full,,,,Non-ref,15,15,1,157.0,58.21,1,20.4,12,0.2792509273755056,0.5368828934954579,0.5306290916480266,0.5882672508968233,0.6027312336412503,1.021956264228893
17,1,390,Ririe,78024083,13058000,WILLOW CREEK NR RIRIE ID,1654.143,1648.2,1.003605751729159,99.3,147.5,2,FCON,124.0,40.4,1976.0,True,5479,full,,,,Non-ref,10,10,1,99.3,90.63,2,0.4,17,1.083959307972764,0.4039985695341349,0.4049026010082975,0.401091910721754,0.4390622569845597,0.7633063464199252
17,1,391,Lucky Peak Lake,78024299,13202000,BOISE RIVER NR BOISE ID,6959.264,6946.7,1.0018086285574446,378.7,147.9,2,FCON,378.7,40.5,1955.0,True,5470,full,,,,Non-ref,15,15,2,378.7,181.04,4,0.3,11,0.568084827865051,0.3759297424439523,0.3802867822610876,0.458695526712679,0.4685877054975125,0.7021992576296248
17,2,88,Blue River Lake,78022648,14162200,"BLUE RIVER AT BLUE RIVER, OR",227.6181,226.5,1.0049364238410596,109.8,123.4,2,FCON,109.8,33.8,1968.0,True,0,full,,,,Non-ref,15,15,1,109.8,449.61,1,1.1,17,0.266632044263009,0.3242931231498659,0.3274040559659686,0.4624101631556241,0.4910712574551313,0.8658446190712784
17,2,377,Deadwood,78022428,13236500,DEADWOOD RIVER BL DEADWOOD RES NR LOWMAN ID,283.6323,284.6,0.9965997891777932,199.8,609.0,2,IRRI,199.8,166.9,1930.0,True,0,storage_only,,,,Non-ref,15,15,1,199.8,704.24,1,0.4,8,0.971044195937116,0.2351682388034096,0.2106732879533579,0.4510003862424855,0.4980865795341243,0.7988580011360039
17,2,89,South Fork Mckenzie River,78022004,14159500,"SOUTH FORK MCKENZIE RIVER NEAR RAINBOW, OR",539.5959,530.3,1.0175295115972092,270.1,160.1,2,ELEC,270.1,43.9,1964.0,True,0,full,,,,Non-ref,15,15,1,270.1,475.29,1,1.0,15,0.3528707420870298,0.4018041363190399,0.416026383020902,0.4309711151263874,0.4475096269590444,0.9080914993427976
17,2,97,Dorena Lake,78024645,14155500,"ROW RIVER NEAR COTTAGE GROVE, OR",696.4029,685.0,1.0166465693430657,161.6,85.9,2,FCON,161.6,23.5,1949.0,True,0,full,,,,Non-ref,15,15,1,161.6,137.22,1,3.0,9,0.2529196939427598,0.4887482412449113,0.4685790695989021,0.7237523418976479,0.7166450368550711,1.0151658667916852
17,2,80,Detroit Lake,78022215,14181500,"NORTH SANTIAM RIVER AT NIAGARA, OR",1170.957,1128.6,1.0375305688463585,561.2,124.8,2,ELEC,561.2,34.2,1953.0,True,0,full,,,,Non-ref,15,15,1,561.2,165.98,2,1.2,17,0.2685430460435203,0.3360072494162331,0.3748770235088087,0.4362524746007733,0.5041463886589316,0.8662693104532969
17,2,394,Anderson Ranch,78024476,13190500,SF BOISE RIVER AT ANDERSON RANCH DAM ID,2532.608,2511.5,1.0084045391200478,521.8,588.8,2,IRRI,521.8,161.3,1946.0,True,0,storage_only,,,,Non-ref,15,15,2,521.8,215.28,2,3.0,8,0.7062873179036359,0.3871131684039286,0.3886071838936638,0.4795086672317992,0.4852439215043049,0.8350975279570313
17,2,396,Palisades,78024158,13032500,SNAKE RIVER NR IRWIN ID,13424.32,13392.4,1.0023834413547983,1480.2,165.8,2,IRRI,1480.2,45.4,1956.0,True,0,full,310.6,35.5,20.5,Non-ref,15,15,1,1480.2,190.59,5,2.5,14,0.4686244458333717,0.4691514463813515,0.4793136566364111,0.4712284722154062,0.4875687724502784,0.7216633901056869
18,1,180,Lake Sonoma,77014992,11465000,DRY C BL WARM SPGS DAM NR GEYSERVILLE CA,338.0238,349.4,0.9674407555809961,553.8,701.9,2,FCON,553.8,192.3,1982.0,True,4939,full,,,,Non-ref,15,15,1,553.8,893.68,1,0.8,17,2.556647766464397,0.2214882838309062,0.1954707001231717,0.5414894444430003,0.5578933951638101,0.9211033205529064
18,1,191,,77014215,11319500,MOKELUMNE R NR MOKELUMNE HILL CA,1419.016,1619.3,0.8763144568640772,514.5,228.0,2,SUPP,514.5,62.5,1963.0,True,4902,full,,,,Non-ref,15,15,2,514.5,195.69,13,0.8,19,0.8068122621138217,0.6533612461288205,0.7388906767586676,0.5417194853436651,0.6551954376647828,0.6986809244372627
18,1,185,Lake Berryessa,77014336,11454000,PUTAH C NR WINTERS CA,1491.096,1492.7,0.998925437127353,1963.6,1096.6,2,IRRI,1963.6,300.4,1957.0,True,4715,full,161.9,9.2,3.7,Non-ref,15,15,1,1963.6,1342.17,8,2.0,20,4.2871459073659,0.5132876844160884,0.5033045653858708,0.3986298203565556,0.4078821663152737,0.8397264292685638
18,1,131,Clair Engle Lake,77012835,11525500,TRINITY R A LEWISTON CA,1861.691,1788.5,1.0409231199329048,2633.5,743.3,2,IRRI,3405.5,203.6,1962.0,True,5457,full,202.9,18.6,6.8,Non-ref,15,15,1,2633.5,1630.79,2,1.3,17,3.146134983547921,0.0910985964657792,0.0785424054236703,0.2205844520384959,0.2472343259234489,0.7185218011936262
18,1,204,,77014099,11302000,STANISLAUS R BL GOODWIN DAM NR KNIGHTS FERRY CA,2539.589,2564.5,0.9902862156365763,84.4,22.4,2,ELEC,84.4,6.1,1958.0,True,5479,full,,,,Non-ref,15,15,2,2985.0,1503.13,20,1.4,22,4.643594228607665,0.2739295117926237,0.2845067858278695,0.464147370566581,0.5164317856735489,0.99607127189661
18,1,168,Harry L. Englebright Lake,77006471,11421000,YUBA R NR MARYSVILLE CA,3474.873,2870.5,1.2105462462985543,86.3,15.0,2,OTHR,86.3,4.1,1941.0,True,4460,full,,,,Non-ref,15,15,3,1196.0,520.7,20,23.1,24,0.8519279288413941,0.7642999490444564,0.7698073884789111,0.7437251367296565,0.7858543321567655,1.0032982429063648
18,1,210,Don Pedro Reservoir,77014034,11289650,TUOLUMNE R BL LAGRANGE DAM NR LAGRANGE CA,3983.72,3958.4,1.0063965238480193,2504.0,503.1,2,IRRI,2504.0,137.8,1971.0,True,4023,full,187.2,16.4,5.4,Non-ref,15,15,2,2504.0,837.58,13,0.7,19,3.3807482950395227,0.5658735123299216,0.5777037437700695,0.5913973300507154,0.6077875083867882,1.0608390735581212
18,1,595,Millerton Lake,77021347,11251000,SAN JOAQUIN R BL FRIANT CA,4344.809,4225.4,1.0282598097221567,535.1,146.6,2,IRRI,642.0,40.2,1942.0,True,5361,full,,,,Non-ref,15,15,1,535.1,321.85,14,2.5,19,2.245529332038685,0.5187262460148065,0.5133570489819358,0.6818485975314892,0.6716164508631427,1.1462821337124305
18,1,182,Folsom Lake,77013380,11446500,AMERICAN R A FAIR OAKS CA,4984.418,4821.9,1.0337041415209771,1102.7,136.2,2,IRRI,1203.9,37.3,1955.0,True,5435,full,349.6,27.0,13.8,Non-ref,15,15,1,1102.7,410.7,32,0.7,27,0.630004160970515,0.5350155861406558,0.4415592855125485,0.7598072912083199,0.7220142747893694,0.9122093834322048
18,1,148,Lake Oroville,77006280,11407000,FEATHER R A OROVILLE CA,9380.393,9301.0,1.0085359638748521,4366.5,376.8,2,FCON,4366.5,103.2,1968.0,True,5316,full,530.7,49.4,22.2,Non-ref,15,15,3,4366.5,686.51,27,0.1,22,6.842724433083338,0.4319062281647613,0.3885646929276058,-0.6045139940209552,-0.6949225849402179,2.565149753246515
