COMID,T_days
73005518,8.681920994682315
73005452,1.7995837426104426
73009540,3.3393952665835216
73009439,13.610857199741229
73011226,10.276422408789372
74047454,3.5324541474337
74038775,6.554994013366661
74045604,7.758868965716292
74017872,10.276422408789372
74046874,52.44383252542266
74009608,31.62394658117573
74038465,1.9036222273088999
74016679,37.43192704704449
74045509,1.0258526885443484
74046861,29.895606033722895
75000801,49.57762472985712
75001908,1.9036222273088999
77015955,2.0136754397702608
77007891,21.338069515400655
77008391,3000.000000000001
77007153,121.84985368354496
77007803,152.56672932572448
77007594,13.610857199741229
77006776,52.44383252542266
77020840,161.38699756810334
77000631,6.554994013366661
77005456,396.65034674920906
77007339,82.21746269608742
77001713,41.88510396774698
77006887,7.334824237415264
77006650,29.895606033722895
78022223,3000.000000000001
78024083,52.44383252542266
78024299,15.230104722763173
77014992,82.21746269608742
77014215,14.397735256582335
77014336,587.8530561515181
77012835,128.89430170660572
77014099,1.4372662814329313
77006471,283.11025582472246
77014034,23.876602959829082
77021347,15.230104722763173
77013380,3.5324541474337
77006280,65.6642889575361
