huc2,tier,GRAND_ID,COMID,gauge,LAKE_NAME,main_purpose,in_resopsus,status,n_inflow_days,n_outflow_days,fit_window,fit_days,paired_days,paired_days_eval,T_days,T_lo,T_hi,on_upper_wall,nse_fit,nse_pass_fit,nse_eval_obs_inflow,nse_pass_eval,inflow_over_release,mean_inflow,buffer_mcm
01,2,2193,73003600,01186000,Colebrook River Lake,FCON,True,no paired inflow/outflow,0.0,14976.0,,,,,,,,,,,,,,,
01,3,2116,73000681,01049500,,,False,not in ResOpsUS,,,,,,,,,,,,,,,,,
01,3,2068,73000706,01019000,Grand Lake,,False,not in ResOpsUS,,,,,,,,,,,,,,,,,
01,3,2076,73000721,01129200,Pittsburg Reservoir,,False,not in ResOpsUS,,,,,,,,,,,,,,,,,
01,3,2147,73001911,01081000,Winnisquam Lake,,False,not in ResOpsUS,,,,,,,,,,,,,,,,,
01,3,2087,73000610,01053500,,,False,not in ResOpsUS,,,,,,,,,,,,,,,,,
01,3,2075,73000474,01046500,,,False,not in ResOpsUS,,,,,,,,,,,,,,,,,
01,3,2118,73000547,01059000,,,False,not in ResOpsUS,,,,,,,,,,,,,,,,,
01,3,2160,73001672,01154500,,,False,not in ResOpsUS,,,,,,,,,,,,,,,,,
01,3,2172,73001650,01170500,,,False,not in ResOpsUS,,,,,,,,,,,,,,,,,
02,1,1585,73005518,01449800,Beltzville Lake,FCON,True,fitted,8770.0,8800.0,outside WY1997-2010,4494.0,8757.0,4006.0,8.681920994682315,5.858074457475261,12.866984314568002,False,0.43034718059380517,-1.7027190385534277,0.6232081941710086,0.3858665386625796,1.078464273300525,5.2685698709390305,3.952048957153021
02,1,1615,73005452,01470960,Blue Marsh Lake,FCON,True,fitted,9026.0,8794.0,outside WY1997-2010,4405.0,8739.0,4002.0,1.7995837426104426,1.214258406996678,2.66706133390326,False,0.7784842550037749,0.39700984649355275,0.7338365888705682,0.1464706043603594,1.0112298528969919,7.924746424517594,1.232171553300949
02,3,1555,73003804,01534300,Stillwater Lake,,False,not in ResOpsUS,,,,,,,,,,,,,,,,,
02,3,1653,73006655,01597500,Savage Reservoir,,False,not in ResOpsUS,,,,,,,,,,,,,,,,,
02,3,1679,73006954,01592500,,,False,not in ResOpsUS,,,,,,,,,,,,,,,,,
02,3,1575,73003252,01547500,Blanchard Reservoir,,False,not in ResOpsUS,,,,,,,,,,,,,,,,,
02,3,1579,73005384,01541200,Curwensville Lake,,False,not in ResOpsUS,,,,,,,,,,,,,,,,,
02,3,2178,73003419,01350355,,,False,not in ResOpsUS,,,,,,,,,,,,,,,,,
02,3,1613,73005301,01563200,Raystown Lake,,False,not in ResOpsUS,,,,,,,,,,,,,,,,,
02,3,2157,73001748,01327750,,,False,not in ResOpsUS,,,,,,,,,,,,,,,,,
03,1,1776,73009540,02112000,W. Kerr Scott Reservoir,SUPP,True,fitted,21093.0,21091.0,outside WY1997-2010,15978.0,21091.0,5113.0,3.3393952665835216,2.5212986842574843,4.678644673483973,False,0.6514330501291323,-0.5606350060432981,0.722921953559454,-0.13868166756525557,1.0016133112501038,19.102099386656654,5.511409367639837
03,1,1782,73009439,02087183,Falls Lake,SUPP,True,fitted,13362.0,13362.0,outside WY1997-2010,8249.0,13362.0,5113.0,13.610857199741229,10.276422408789372,18.02723032806627,False,0.6214208827585137,-3.0964065583839604,0.4949715827818052,-3.449309027845027,1.097947144737553,19.536855255182445,22.974913181690116
03,1,1872,73011226,02197000,J. Strom Thurmond Lake,ELEC,True,fitted,24261.0,10899.0,outside WY1997-2010,5786.0,10899.0,5113.0,10.276422408789372,7.334824237415264,15.230104722763173,False,0.6681189859043415,-0.6074732578820963,0.5981330633923851,-0.6895491094141761,1.0022583372862424,221.12367438645003,196.33192841480485
03,2,1758,73008205,02072000,Philpott Reservoir,ELEC,True,no paired inflow/outflow,0.0,25234.0,,,,,,,,,,,,,,,
03,2,1841,73011734,02382500,Carters Lake,FCON,True,no paired inflow/outflow,0.0,16604.0,,,,,,,,,,,,,,,
03,2,1863,73011587,02334430,Lake Sidney Lanier,FCON,True,no paired inflow/outflow,0.0,22526.0,,,,,,,,,,,,,,,
03,2,1862,73011526,02394000,Allatoona Lake,FCON,True,no paired inflow/outflow,0.0,25203.0,,,,,,,,,,,,,,,
03,2,1896,73014783,02339500,West Point Lake,FCON,True,no paired inflow/outflow,0.0,16673.0,,,,,,,,,,,,,,,
03,2,1831,73011175,02129000,,ELEC,True,no paired inflow/outflow,0.0,7500.0,,,,,,,,,,,,,,,
03,3,1771,73009785,02094500,,,False,not in ResOpsUS,,,,,,,,,,,,,,,,,
04,3,1531,72056197,04240180,,,False,not in ResOpsUS,,,,,,,,,,,,,,,,,
04,3,1427,72041664,04036000,,,False,not in ResOpsUS,,,,,,,,,,,,,,,,,
04,3,1435,72040348,04034500,,,False,not in ResOpsUS,,,,,,,,,,,,,,,,,
04,3,1536,72055238,04232482,,,False,not in ResOpsUS,,,,,,,,,,,,,,,,,
04,3,1444,72046134,04062500,Michigamme Reservoir,,False,not in ResOpsUS,,,,,,,,,,,,,,,,,
04,3,2113,72051591,04266500,Raquette Pond,,False,not in ResOpsUS,,,,,,,,,,,,,,,,,
05,1,1742,74047454,03209000,John W. Flannagan Lake,FCON,True,fitted,19312.0,19319.0,outside WY1997-2010,14200.0,19312.0,5111.0,3.5324541474337,2.5212986842574843,4.949128947567097,False,0.48714212188500783,-0.25995882347028165,0.5773112862023743,-0.19700704254276347,1.0200339174336557,8.639718169014085,2.636876875287637
05,1,1683,74038775,03247500,William H. Harsha Lake,FCON,True,fitted,13563.0,13563.0,outside WY1997-2010,8420.0,13563.0,5111.0,6.554994013366661,4.678644673483973,9.183844791375565,False,0.5354987467267663,-1.622102952760569,0.4728008228252578,-1.5865414566992464,1.0422320531091327,12.38731674584323,7.015575206362662
05,1,1739,74045604,03281000,Buckhorn Lake,FCON,True,fitted,13537.0,13537.0,outside WY1997-2010,8423.0,13537.0,5113.0,7.758868965716292,5.537913670811173,10.870528362414419,False,0.6202965452148768,-1.2547819259949744,0.6377340212379523,-1.424833260196234,1.004425625955811,17.41827614864063,11.676624962051296
05,3,1602,74032667,03042280,,,False,not in ResOpsUS,,,,,,,,,,,,,,,,,
05,3,1675,74040252,03232500,,,False,not in ResOpsUS,,,,,,,,,,,,,,,,,
05,3,1640,74037334,03353500,Eagle Creek Reservoir,,False,not in ResOpsUS,,,,,,,,,,,,,,,,,
05,3,1549,74024793,03014500,Chautauqua Lake,,False,not in ResOpsUS,,,,,,,,,,,,,,,,,
05,3,1637,74037926,03352500,,,False,not in ResOpsUS,,,,,,,,,,,,,,,,,
05,3,1616,74038104,03225500,Delaware Lake,,False,not in ResOpsUS,,,,,,,,,,,,,,,,,
05,3,1750,74045941,03171000,,,False,not in ResOpsUS,,,,,,,,,,,,,,,,,
07,2,830,74009443,05356000,Winter,ELEC,True,no paired inflow/outflow,0.0,19124.0,,,,,,,,,,,,,,,
07,2,1659,74037736,05592000,Lake Shelbyville,FCON,True,no paired inflow/outflow,0.0,18222.0,,,,,,,,,,,,,,,
07,2,907,74022925,05454500,Coralville Lake,FCON,True,no paired inflow/outflow,0.0,10318.0,,,,,,,,,,,,,,,
07,3,1511,74018530,05425912,,,False,not in ResOpsUS,,,,,,,,,,,,,,,,,
07,3,1625,74031210,05578500,Clinton Lake,,False,not in ResOpsUS,,,,,,,,,,,,,,,,,
07,3,909,74023756,05483600,,,False,not in ResOpsUS,,,,,,,,,,,,,,,,,
07,3,1639,74037481,05573540,Lake Decatur,,False,not in ResOpsUS,,,,,,,,,,,,,,,,,
07,3,846,74009856,05360500,Diaryland Reservoir,,False,not in ResOpsUS,,,,,,,,,,,,,,,,,
07,3,1480,74009929,05400760,,,False,not in ResOpsUS,,,,,,,,,,,,,,,,,
09,2,774,71047080,05058700,Lake Ashtabula,FCON,True,no paired inflow/outflow,0.0,25443.0,,,,,,,,,,,,,,,
10,1,882,74017872,06410500,Pactola,SUPP,True,fitted,22777.0,23594.0,outside WY1997-2010,17664.0,22777.0,5113.0,10.276422408789372,5.858074457475261,18.02723032806627,False,0.6809684299158735,0.42466730471781,0.8048606704365865,0.6213906094643222,1.0343989445652855,1.399661175271739,1.242735217886157
10,1,1006,74046874,06919020,Stockton Lake,FCON,True,fitted,16894.0,16862.0,outside WY1997-2010,11749.0,16862.0,5113.0,52.44383252542266,39.59596136070671,73.47619497382352,False,0.40309848880223476,-3.0505174308075365,0.4611542016729049,-3.065985506516067,1.1414324531673212,33.284139245893265,150.81533202509056
10,1,373,74009608,06282000,Buffalo Bill,ELEC,True,fitted,25055.0,25055.0,outside WY1997-2010,19942.0,25055.0,5113.0,31.62394658117573,22.57167724712663,41.88510396774698,False,0.6258184411247201,-0.007808162373231342,0.5647627029854783,-0.05918443256462069,1.0053290639689534,35.965810650887576,98.26970758033103
10,1,511,74038465,06714215,Chatfield Lake,FCON,True,fitted,16191.0,16167.0,outside WY1997-2010,11079.0,16165.0,5077.0,1.9036222273088999,0.13563494154157477,5.537913670811173,False,0.9050448208613733,0.8807350599958949,0.8825094114939442,0.8691500383018389,1.0320033769923687,6.178499052261034,1.0161960301979491
10,1,393,74016679,06259000,Boysen,FCON,True,fitted,39665.0,25055.0,outside WY1997-2010,19942.0,25055.0,5113.0,37.43192704704449,26.717138984379886,55.47574303813376,False,0.4376402668954863,-0.6279771703620856,0.5965843880302641,0.04650474758129719,1.0020351035765254,40.93148340186541,132.37726757408106
10,1,993,74045509,06926000,Osage,ELEC,True,fitted,7664.0,7664.0,outside WY1997-2010,3558.0,7664.0,4106.0,1.0258526885443484,0.28163379201462574,2.66706133390326,False,0.9162829593378232,0.8560470734472989,0.8530010425152144,0.8327882475077263,0.9981430955855974,343.29461944912873,30.427462799253878
10,2,955,74037925,06906200,Long Branch Lake,FCON,True,no paired inflow/outflow,0.0,14976.0,,,,,,,,,,,,,,,
10,2,980,74038929,06912500,Pomona Lake,FCON,True,no paired inflow/outflow,0.0,21350.0,,,,,,,,,,,,,,,
10,2,975,74038821,06891500,Clinton Lake,FCON,True,no paired inflow/outflow,0.0,15706.0,,,,,,,,,,,,,,,
10,2,1000,74046746,06921350,Pomme de Terre Lake,FCON,True,no paired inflow/outflow,0.0,22037.0,,,,,,,,,,,,,,,
11,1,1017,74046861,07063000,Clearwater Lake,FCON,True,fitted,30682.0,26226.0,outside WY1997-2010,21065.0,26178.0,5113.0,29.895606033722895,22.57167724712663,41.88510396774698,False,0.5045767645961807,-3.5324512350129442,0.4509453712362189,-3.029308957517131,1.0118632312146194,25.676643193933064,66.32226511438711
11,2,1016,74046113,07124410,Trinidad Lake,FCON,True,no paired inflow/outflow,0.0,14976.0,,,,,,,,,,,,,,,
11,2,1123,74067549,07339000,Broken Bow Lake,FCON,True,no paired inflow/outflow,0.0,15068.0,,,,,,,,,,,,,,,
11,2,1060,74054789,07198000,Tenkiller Lake,FCON,True,no paired inflow/outflow,0.0,15068.0,,,,,,,,,,,,,,,
12,2,1315,75018543,08177500,,FCON,True,no paired inflow/outflow,0.0,14976.0,,,,,,,,,,,,,,,
12,2,1266,75008244,08110500,Lake Limestone,IRRI,True,no paired inflow/outflow,0.0,15372.0,,,,,,,,,,,,,,,
12,2,1269,75011584,08025360,Toledo Bend Reservoir,ELEC,True,no paired inflow/outflow,0.0,17990.0,,,,,,,,,,,,,,,
13,1,1086,75000801,08382830,Santa Rosa Lake,FCON,True,fitted,28852.0,14960.0,outside WY1997-2010,9067.0,14226.0,5112.0,49.57762472985712,26.717138984379886,1710.1499601062176,False,0.04275494474255015,-0.7857158973993212,-0.01256473933728719,-0.27764984973314655,1.178006767983949,3.133464872614977,13.42221801627124
13,2,578,75000290,08245000,Platoro Reservoir,IRRI,True,no paired inflow/outflow,0.0,1784.0,,,,,,,,,,,,,,,
13,2,604,75000104,08285500,,IRRI,True,no paired inflow/outflow,0.0,16830.0,,,,,,,,,,,,,,,
13,2,606,75000732,08287000,Abiquiu Reservoir,FCON,True,no paired inflow/outflow,0.0,4045.0,,,,,,,,,,,,,,,
13,2,1109,75001908,08384500,Lake Sumner,IRRI,True,fitted,6633.0,9597.0,outside WY1997-2010,4667.0,6633.0,1230.0,1.9036222273088999,1.0851598253632078,3.1568876144031326,False,0.5011769222064828,0.28713604100730783,-357.2251167610809,-1717.5199065191496,0.9680713818720951,4.77112663381187,0.7847213220947319
13,2,613,75000875,08319000,Cochiti Lake,FCON,True,no paired inflow/outflow,1.0,18017.0,,,,,,,,,,,,,,,
14,1,549,77015955,09126000,Silver Jack,IRRI,True,fitted,13379.0,14934.0,outside WY1997-2010,8106.0,13326.0,5100.0,2.0136754397702608,0.04166666666666666,6.9339547853554455,False,0.5115229160429616,0.4972047200655857,0.46430945263900647,0.4577179011543552,0.49881229146879846,1.4793032321736985,0.2573714810823213
14,1,471,77007891,09291000,Moon Lake,IRRI,True,fitted,11169.0,11358.0,outside WY1997-2010,6025.0,11169.0,5113.0,21.338069515400655,13.610857199741229,29.895606033722895,False,0.6005383783735916,0.2861968788915147,0.5183386869662099,0.23877361951398834,1.0016092709609916,3.2390594190871367,5.971559764233132
14,1,470,77008391,09279000,,IRRI,True,fitted,11066.0,11091.0,outside WY1997-2010,5978.0,11066.0,5088.0,3000.000000000001,20.17188202981378,3000.000000000001,True,-0.015814260765836252,-0.1899093879290381,-0.034883125810251325,-1.5957669657405882,2.176282803900675,4.08052224824356,1057.6713667447311
14,1,497,77007153,09038500,,SUPP,True,fitted,22296.0,22295.0,outside WY1997-2010,17080.0,22295.0,5113.0,121.84985368354496,86.97066202330795,191.02695812504064,False,0.22738875219677945,-0.9774826078654535,0.23326411137613312,-0.29212529630218054,1.002502114844648,3.7010088407494144,38.96358212679746
14,1,517,77007803,09080400,,IRRI,True,fitted,17040.0,15080.0,outside WY1997-2010,9927.0,15054.0,4925.0,152.56672932572448,102.94349150043973,226.110524889759,False,0.14513328402509185,-1.0772213862012374,0.25841925800400656,-1.7604775889615674,1.0094905811060813,4.739354387025285,62.47305774235914
14,1,509,77007594,09050700,,RECR,True,fitted,20656.0,15824.0,outside WY1997-2010,10467.0,15603.0,5112.0,13.610857199741229,7.334824237415264,22.57167724712663,False,0.3909371685350821,0.2502647418455486,0.12917045698085416,0.010185132688614651,1.3857462657116242,8.775977835100793,10.320357407182655
14,1,502,77006776,09057500,Green Mountain,IRRI,True,fitted,25125.0,16328.0,outside WY1997-2010,11180.0,16103.0,4843.0,52.44383252542266,35.38616349509065,77.7240395200274,False,0.45394125233463756,0.02491209568234254,0.4650920852958025,-0.16996847790213265,1.0150089683602992,12.844942307692309,58.20232347503983
14,1,601,77020840,09355500,Navajo,IRRI,True,fitted,21395.0,21395.0,outside WY1997-2010,16282.0,21395.0,5113.0,161.38699756810334,115.19040520889351,253.010293360175,False,0.2424422770466622,-0.6964623084963395,0.023677535876485356,-0.3142000583857969,1.1952337932231445,36.1920256725218,504.6556918345352
14,1,423,77000631,09211200,Fontenelle,ELEC,True,fitted,20183.0,20734.0,outside WY1997-2010,15070.0,20183.0,5113.0,6.554994013366661,3.3393952665835216,10.870528362414419,False,0.7421015675778823,0.6347283016640819,0.6467213532456055,0.42302816256438636,1.0139930921707985,47.03630756469808,26.63908253258131
14,1,451,77005456,09234500,Flaming Gorge,SUPP,True,fitted,21241.0,21273.0,outside WY1997-2010,16128.0,21241.0,5113.0,396.65034674920906,267.63745791553026,621.8383271557144,False,0.18459389908550972,-1.8227463766997594,0.32675004053296863,-0.4359551480391275,1.1018973562677759,64.24901469494047,2201.8516378885297
15,2,644,77027234,09510000,Bartlett Lake,SUPP,True,no paired inflow/outflow,0.0,14976.0,,,,,,,,,,,,,,,
15,2,656,77027289,09469500,San Carlos Lake,IRRI,True,no paired inflow/outflow,0.0,14976.0,,,,,,,,,,,,,,,
16,1,450,77007339,10134500,East Canyon,IRRI,True,fitted,11366.0,11385.0,outside WY1997-2010,6031.0,11366.0,5113.0,82.21746269608742,62.075544812852826,121.84985368354496,False,0.317443134852178,-0.48165949801114216,0.37214407241244174,-0.6762123649502672,0.9969421023495156,1.4087980434422152,10.007521970373903
16,1,438,77001713,10140100,Pineview,FCON,True,fitted,12643.0,15275.0,outside WY1997-2010,7481.0,12643.0,5042.0,41.88510396774698,25.256969726248034,65.6642889575361,False,0.43292159168826105,0.12836021796754804,0.5138223174022063,0.07817024661219163,0.9904670609153629,6.412960834113086,23.20769070241194
16,1,456,77006887,10129500,Rock Port Lake,FCON,True,fitted,18910.0,19109.0,outside WY1997-2010,13996.0,18909.0,4891.0,7.334824237415264,3.736674250151829,12.866984314568002,False,0.6495010618804324,0.49404303604201105,0.5560203067068911,0.5310987910887031,0.9989786297237788,5.623732280651614,3.563921189104538
16,1,477,77006650,10163000,Deer Creek,IRRI,True,fitted,19644.0,21239.0,outside WY1997-2010,14894.0,19644.0,4724.0,29.895606033722895,20.17188202981378,41.88510396774698,False,0.5964300333310031,0.13454188529581057,0.5037816330404719,0.26258154622692176,1.0252313018163561,11.188829528669263,28.900526938639064
16,2,160,77008056,10340500,Prosser Creek,FCON,True,no paired inflow/outflow,0.0,14973.0,,,,,,,,,,,,,,,
16,2,151,77007269,10344400,Stampede,FCON,True,no paired inflow/outflow,0.0,14976.0,,,,,,,,,,,,,,,
16,2,157,77007086,10344500,Boca,IRRI,True,no paired inflow/outflow,0.0,14975.0,,,,,,,,,,,,,,,
16,2,546,77015269,10293000,Bridgeport Reservoir,IRRI,True,no paired inflow/outflow,0.0,14976.0,,,,,,,,,,,,,,,
16,3,170,77006016,10337500,Tahoe,,False,not in ResOpsUS,,,,,,,,,,,,,,,,,
16,3,427,77000850,10126000,,,False,not in ResOpsUS,,,,,,,,,,,,,,,,,
17,1,374,78022223,13042500,Island Park,IRRI,True,fitted,20454.0,11952.0,outside WY1997-2010,6990.0,11952.0,4752.0,3000.000000000001,1809.0180517897331,3000.000000000001,True,0.07912621008044074,-0.9636747383602724,-0.6095933849396484,-5.88304460688109,1.981334802489495,16.868244921316165,4372.249083605151
17,1,390,78024083,13058000,Ririe,FCON,True,fitted,16439.0,20454.0,outside WY1997-2010,11315.0,16439.0,5113.0,52.44383252542266,19.069430078060382,86.97066202330795,False,0.3257736110902124,0.048225578878787534,0.3055445853563261,0.1544097919672971,1.019505640251842,3.620785859478568,16.406313456232443
17,1,391,78024299,13202000,Lucky Peak Lake,FCON,True,fitted,13218.0,20454.0,outside WY1997-2010,8113.0,13218.0,5105.0,15.230104722763173,6.19674454843884,25.256969726248034,False,0.840733306450676,0.7440459246858735,0.8533385775112678,0.7531087214901422,0.9999906224509518,68.41413509182793,90.02486378584567
17,2,88,78022648,14162200,Blue River Lake,FCON,True,no paired inflow/outflow,0.0,16853.0,,,,,,,,,,,,,,,
17,2,377,78022428,13236500,Deadwood,IRRI,True,no paired inflow/outflow,0.0,0.0,,,,,,,,,,,,,,,
17,2,89,78022004,14159500,South Fork Mckenzie River,ELEC,True,no paired inflow/outflow,0.0,18251.0,,,,,,,,,,,,,,,
17,2,97,78024645,14155500,Dorena Lake,FCON,True,no paired inflow/outflow,0.0,16863.0,,,,,,,,,,,,,,,
17,2,80,78022215,14181500,Detroit Lake,ELEC,True,no paired inflow/outflow,0.0,18265.0,,,,,,,,,,,,,,,
17,2,394,78024476,13190500,Anderson Ranch,IRRI,True,no paired inflow/outflow,0.0,0.0,,,,,,,,,,,,,,,
17,2,396,78024158,13032500,Palisades,IRRI,True,no paired inflow/outflow,20443.0,0.0,,,,,,,,,,,,,,,
18,1,180,77014992,11465000,Lake Sonoma,FCON,True,fitted,8913.0,9037.0,outside WY1997-2010,3493.0,8913.0,3165.0,82.21746269608742,58.68293596089054,128.89430170660572,False,0.16658547285174818,-19.079018444238827,0.03470054248151422,-0.6902896316862872,1.2173435598507203,7.801227884340109,55.41671484556501
18,1,191,77014215,11319500,,SUPP,True,fitted,8851.0,9098.0,outside WY1997-2010,3405.0,8851.0,3893.0,14.397735256582335,8.207428791554719,26.717138984379886,False,0.7254701157186003,0.392274776049366,0.6452037631061547,0.34918739191601755,1.0258195945624982,23.503940675477242,29.238063724679467
18,1,185,77014336,11454000,Lake Berryessa,IRRI,True,fitted,15787.0,8595.0,outside WY1997-2010,3013.0,7860.0,4537.0,587.8530561515181,354.4789301259539,1031.2307163665462,False,-0.018202941449387167,-21.913328168482064,0.08954951690067436,-4.096137592631544,1.3028954093943603,12.710485894457353,645.5719853188574
18,1,131,77012835,11525500,Clair Engle Lake,IRRI,True,fitted,20403.0,20396.0,outside WY1997-2010,14873.0,20388.0,5061.0,128.89430170660572,102.94349150043973,161.38699756810334,False,0.06279170223301966,-3.4499685067762353,0.3532548157166976,-2.6771161202162914,1.0212724997468667,50.25592045989377,559.6734332995828
18,1,204,77014099,11302000,,ELEC,True,fitted,14337.0,14518.0,outside WY1997-2010,9132.0,14245.0,5113.0,1.4372662814329313,0.4173935223004289,3.5324541474337,False,-0.07034689559816787,-0.13767856660546918,-0.02901494383154657,-0.1024817668939828,1.90641699903582,40.86970729303548,5.075192352180683
18,1,168,77006471,11421000,Harry L. Englebright Lake,OTHR,True,fitted,8815.0,14519.0,outside WY1997-2010,3242.0,8367.0,2563.0,283.11025582472246,202.07070940446485,396.65034674920906,False,-0.14413758048491365,-121.46295152011616,0.12070667099537513,0.940805178014952,1.500632206727634,95.58190653917336,2338.0028362817347
18,1,210,77014034,11289650,Don Pedro Reservoir,IRRI,True,fitted,7940.0,14976.0,outside WY1997-2010,3351.0,7940.0,1508.0,23.876602959829082,13.610857199741229,44.306587694822966,False,0.35153146891656384,-0.28040119168576605,-0.0009762929877386028,-0.8584109666245838,1.7977784339976712,67.66013011041481,139.5786870308233
18,1,595,77021347,11251000,Millerton Lake,IRRI,True,fitted,9397.0,10975.0,outside WY1997-2010,3745.0,9397.0,4207.0,15.230104722763173,6.9339547853554455,26.717138984379886,False,0.8063248145840534,0.6496854447759892,0.7310403651503194,0.555666691286345,1.007320020943321,63.521492122830445,83.58672762808276
18,1,182,77013380,11446500,Folsom Lake,IRRI,True,fitted,21125.0,11903.0,outside WY1997-2010,4760.0,11172.0,5045.0,3.5324541474337,2.253237057394177,5.537913670811173,False,0.7223713115294744,0.38426979786977356,0.7678690235825838,0.37654626414388237,0.9873443575379878,105.70239453781511,32.26079767496644
18,1,148,77006280,11407000,Lake Oroville,FCON,True,fitted,9376.0,12212.0,outside WY1997-2010,3745.0,9369.0,4913.0,65.6642889575361,41.88510396774698,102.94349150043973,False,0.3468706335374633,-0.4724080091338272,0.228729285115864,0.047849764461107,1.0002884496770599,147.71200507343124,838.0284869063947
