STAID,floor_share_test,maxabs_py_vs_shipped_floor,flags_equal_shipped,maxabs_py_vs_fresh_floor,flags_equal_fresh,maxabs_lfilter_vs_loop,maxabs_loop_vs_C_nofloor,maxabs_ec_py_vs_C,their_L4_nse,my_L4_nse_their_params,their_L1_nse,my_L1_nse_their_params,their_L0_nse,my_L0_nse
11176500,0.7101131799926981,0.0,True,0.0,True,1.4210854715202004e-14,0.0,0.0,0.3808246080652714,0.3808246080652714,0.3764663118892772,0.37646631188927726,0.2159113439225107,0.21591134392251077
11085000,0.701350857977364,0.0,True,0.0,True,5.684341886080802e-14,0.0,0.0,0.5277976736307424,0.5277976736307424,0.5283812028455843,0.5283812028455843,0.5353041947499625,0.5353041947499625
11176400,0.6978824388462943,0.0,True,0.0,True,7.105427357601002e-15,0.0,0.0,0.6297823490151174,0.6297823490151174,0.6338198654952022,0.6338198654952022,0.6431710996248758,0.6431710996248758
08384500,0.38116100766703176,0.0,True,0.0,True,3.552713678800501e-14,0.0,0.0,-0.0153218907236538,-0.015321890723653864,0.0617081013644428,0.061708101364442824,-0.1142813725956553,-0.1142813725956553
01315000,0.0,0.0,True,0.0,True,7.105427357601002e-15,0.0,0.0,0.2734627393399438,0.2734627393399439,0.2532421832196115,0.25324218321961156,0.336591545721641,0.33659154572164107
14208700,0.0,0.0,True,0.0,True,7.105427357601002e-15,0.0,0.0,0.313643583244778,0.31364358324477815,0.3281735392119131,0.32817353921191317,0.3030150847021376,0.30301508470213767
11428800,0.0,0.0,True,0.0,True,1.4210854715202004e-14,0.0,0.0,0.2208249068057836,0.2208249068057836,0.2173380826860312,0.21733808268603128,0.2184668825089016,0.21846688250890167
08285500,0.0,0.0,True,0.0,True,2.842170943040401e-14,0.0,0.0,-0.0067629548770618,-0.0067629548770618,0.1061880364532678,0.1061880364532678,0.1153426235163239,0.11534262351632396
04243500,0.0,0.0,True,0.0,True,1.4210854715202004e-14,0.0,0.0,0.7126654789784672,0.7126654789784673,0.7214738806712508,0.7214738806712506,0.7076137408520367,0.7076137408520367
01331500,0.0003650967506389193,0.0,True,0.0,True,3.552713678800501e-15,0.0,0.0,0.8083696204130236,0.8083696204130236,0.813996020450112,0.813996020450112,0.8149901906187919,0.8149901906187919
