dam,ctl
01019000,04243500
01172500,01331500
01206900,01304500
01315000,02028500
01375000,01560000
01378500,02027000
01396800,01333000
01417000,01555500
01425000,01605500
01429500,01440000
01435000,01637500
01436000,01450500
01449800,04287000
01563200,01541000
01574500,01595000
01592500,01634500
02011800,01516350
02072000,02064000
02077303,02469800
02094500,02430680
02197000,02482000
02294491,02118500
02334430,02298830
02343801,02482550
02382500,02133500
04034500,04231000
04232482,04063700
04240180,04096515
03228805,03202750
03266000,03363500
03270000,03207800
03272000,03358000
03504000,03460000
05292000,05489000
05356000,05487980
05391000,05413500
05014500,06893080
06038500,06607200
06224000,06903400
06225000,06339100
06259000,06810000
06409000,06332515
06410500,06814000
06411500,06889500
06903900,06809210
06906200,06403300
06921350,06281000
07124410,07191000
07198000,07151500
07206000,07207500
07339000,07315700
08245000,08377900
08285500,08279000
08287000,08405150
08317950,08401900
08382830,08284100
08384500,08379500
08390500,08405500
08390800,08289000
09038500,09147000
09050700,09299500
09057500,09255000
09109000,09330500
09128000,09342500
09291000,09059500
09426000,09490500
09510000,09401260
10020300,10329500
10134500,13011500
10337500,10032000
10340500,09492400
10344400,14020000
10344500,10336780
12116500,12048000
12362500,12334510
13032500,13340600
13039500,12381400
13174500,12452800
13190500,13186000
13202000,12465000
13215000,12424000
13217500,13075000
13236500,12205000
13245000,13023000
14208700,14137000
11085000,09505800
11097000,09505350
11109800,11200800
11149400,11028500
11176400,14222500
11176500,14096850
11214600,09430600
11231500,09289500
11231600,09512280
11234760,11482500
11242000,11374000
11270900,11468000
11276500,11224500
11277300,12020000
11289650,11519500
11292900,11132500
11302000,11413000
11314500,14301500
11319500,11264500
11323500,11151300
11399500,11274500
11400500,06647500
11407000,11528700
11414250,14309500
11424000,11143000
11428800,12092000
11443500,11160500
11446500,11522500
11451000,11390000
11454000,11402000
11507500,11136800
11525500,11469000
