STAID,p_L2_nse,p_L2_train,p_L2_T0,p_PL_nse,p_PL_train,p_PL_T0,p_PL_floor_test
01019000,0.16801435454386782,0.17003302893114847,1.3886087744144058,0.16806956221740466,0.17134898618222905,1.3888352307221055,0.0
01172500,0.6310289806269147,0.6456388595634643,3.0862314301394336,0.6308403715385207,0.6461836840332693,3.0879308713880484,0.0
01206900,0.5470124284052579,0.5324682570471537,0.9291925846541153,0.5466051324583632,0.5326707415106124,0.9290381462152599,0.0
01315000,0.3295756596577367,0.28839882995938704,4.097545002457497,0.3262275381655342,0.29728532080150005,4.204528128185079,0.0
01375000,0.7424639841328495,0.8245264489854923,0.30114509695830727,0.7434525051807066,0.8291650710792705,0.3009410110587004,0.006206644760861628
01378500,0.6040583504622287,0.6686719628335813,0.049999999999999996,0.6021184627582962,0.670170845392313,0.05000000000000003,0.0
01396800,0.4278310717680822,0.360610077698166,0.11079458340190915,0.4008682059240719,0.390204400260992,0.11011482685354687,0.0
01417000,0.08238086880536677,-0.30995119605869403,59.429414019345785,0.094132009561669,-0.2969346762681597,50.956320319956234,0.0
01425000,0.5648220680572471,0.5377715665868785,0.9705445566547642,0.5316419568820456,0.5798485831825375,0.9049503341696503,0.18765972982840454
01429500,0.7585755685966401,0.8541815052368761,0.049999999999999996,0.7574164742604119,0.856101651754041,0.050000000007198536,0.0321285140562249
01435000,0.29664426836649016,0.319213745940891,0.049999999999999996,0.2964825810260395,0.32052752631087744,0.05000000000000003,0.0
01436000,0.2813395291859695,-0.15877295972880456,1.1592741470370729,0.27834622535787246,-0.147904836174247,1.1588461629151123,0.0
01449800,0.6210046229744086,0.6266876324852195,1.9907394194810353,0.6122945773410239,0.6307893712133867,1.9922054385073853,0.0
01563200,0.6803128834763441,0.7284975019696287,0.6628325974248603,0.6775513835463662,0.7297577067502703,0.6610623484894258,0.025191675794085433
01574500,0.6222960439604948,0.6916684702685152,0.049999999999999996,0.6205647452324926,0.691987417951569,0.05000000000000003,0.0
01592500,0.2832720207354711,0.4016070713891162,1.1232979664909168,0.2786804732283872,0.4040045041981213,1.123801934634003,0.0
02011800,0.5451207001884723,0.613076919953624,1.9601574392175232,0.5431630935192032,0.6141241716922294,1.9592609358300244,0.0
02072000,0.34449150008116813,0.4975362073718582,2.2003471453473677,0.341356477958884,0.4995456223729646,2.19940798033241,0.0
02077303,0.6419971851595494,0.7059676443550841,0.2404189067576429,0.6418479535914872,0.7098818193510055,0.2345553887046776,0.09857612267250822
02094500,0.6903560563440997,0.7147253953860475,0.049999999999999996,0.6894231795897549,0.7156536539726788,0.05000000000000003,0.00018254837531945966
02197000,0.5390321733176732,0.613375370798907,5.195159869401702,0.5342186061811393,0.6170521157157424,5.215111769547895,0.0
02294491,0.6624376346342709,0.613691957521396,2.7569758864203546,0.656027342402983,0.6216113429532795,2.7197025921959286,0.1927710843373494
02334430,0.19690442050237433,0.16079312392499145,13.229432546101151,0.19588213583403014,0.1662167047890012,12.264790194371344,0.0
02343801,0.7389082883211711,0.7443104646381682,0.6038946509886383,0.7387624516731253,0.7445268492511612,0.6035703605382062,0.0
02382500,0.5249014147967883,0.7313368119416064,4.934133178626707,0.5206841750138408,0.7332350127114919,4.947911250525229,0.0
04034500,0.18551128509697346,0.07659813764348877,0.049999999999999996,0.18579446476122397,0.07867240771875228,0.05000000000000005,0.0
04232482,0.5118949792759043,0.6550393604900617,0.049999999999999996,0.5103505401256141,0.6582319593923813,0.05000000000000003,0.0
04240180,0.6463335271459573,0.7132828380966663,2.0781732725443707,0.6335423683408541,0.7210621998436,2.1008249509554577,0.012413289521723256
03228805,0.1378959264470212,0.3903207812290076,2.062560771810699,0.1359597422830966,0.3930922045527453,2.0578999967537213,0.08981380065717415
03266000,0.785317679540301,0.8289068197700266,0.3114305520106144,0.7855809888130401,0.829205433725217,0.311473685418486,0.002190580503833516
03270000,0.8737863954067091,0.8446723142010091,0.06560693633702751,0.8716554879321179,0.846213465758892,0.06573316548219603,0.0
03272000,0.8416155932594753,0.8470706350882157,0.049999999999999996,0.841104150912249,0.8478612808333816,0.05000000000000003,0.03614457831325301
03504000,0.8013886662207644,0.8055648584389029,0.049999999999999996,0.797739507511015,0.8102743078737346,0.050000000050000014,0.000547645125958379
05292000,0.7757120880721362,0.738025139121534,2.7936224659385447,0.771239033796959,0.7464401931191041,2.7858728920179354,0.12121212121212122
05356000,0.4637368811326563,0.48185672144760616,0.828135221556137,0.4684625167967862,0.487503948477338,0.8318192168622092,0.0
05391000,0.26210067346166865,0.36658636485990603,1.2983252359641093,0.2591417087629422,0.3682447265237194,1.3294630859209673,0.0
05014500,0.8165504173845863,0.7698072786879575,0.350306625513408,0.8142868424884611,0.7714529718733105,0.3488990227209134,0.009675063891931361
06038500,0.04309112326838194,-0.012964841767231894,99.26141732046767,0.030726012897578037,-0.009483475479175718,100.41255558536957,0.0
06224000,0.7041188093121014,0.7234430305211451,0.049999999999999996,0.7023624879919474,0.7248904241115747,0.05000000000000003,0.0
06225000,0.4431289335518168,0.5434679058701024,18.684708637560977,0.4406322311266401,0.5454143071755819,18.712632671197227,0.0
06259000,0.5847508985076809,0.5217132027693197,17.03849209064021,0.5822238630504963,0.5249645542002335,17.158663219641248,0.0
06409000,0.5038021363004137,0.10776031226090654,0.049999999999999996,0.5056553040991292,0.11205122067522977,0.05000000000000003,0.0
06410500,0.5643650427933811,0.6932770732817437,0.049999999999999996,0.5606680133892629,0.7016546353042753,0.05000000000000003,0.0
06411500,0.5127668441556895,0.5910937406429512,2.3533731282180193,0.5090125115159957,0.5947324781146217,2.3710610416010076,0.0
06903900,0.5502118836894783,0.471386049984024,27.840298852385725,0.5378611266853228,0.494896849604044,26.200351808511925,0.01095290251916758
06906200,0.7826579613292384,0.7891393927627904,3.455537328161781,0.7686335457120903,0.7961218973706257,3.4306118450305334,0.09839357429718876
06921350,0.6030491115176166,0.5245668392243437,12.069927170775875,0.5978348241675051,0.5262164262408813,12.04907275488223,0.0
07124410,0.4368690842864924,0.5830649508258687,0.06577749391573506,0.42405717914561414,0.5889434418102559,0.056500048429636594,0.10058415480102227
07198000,0.559589547901447,0.5679162143359979,10.731950734527747,0.5560709096509708,0.5691195523314575,10.755053110107406,0.0
07206000,-0.15525113908327115,0.23605372976587558,0.049999999999999996,-0.31872744058440894,0.2729440514554443,0.050000000050000014,0.0
07339000,0.48713079098837464,0.47073007690572344,3.3548822479977165,0.48687530056221673,0.472044778723237,3.354976745114418,0.0
08245000,0.3237874601117353,0.2916984008003669,1.5766410757162495,0.3140095557085649,0.3005419649258847,1.7249587679852731,0.14640379700620665
08285500,0.11582392630847882,0.7125465542422533,0.2600431034589915,0.10172391172463924,0.7163227302134518,0.26037311339485963,0.0
08287000,0.25652573508368803,0.2728294144397272,16.188347070222502,0.21184082021588335,0.3068720291472048,15.623606762266226,0.0
08317950,-0.13183447385787006,0.07624917151270583,0.049999999999999996,-0.12997855485530896,0.07854071943835506,0.05000000000000003,0.3227455275648047
08382830,-0.11668698908445663,0.09535620232162334,16.494779404533574,-0.12983741366110113,0.10173893297057512,15.191015556343604,0.0
08384500,0.014883608203395515,0.06728581624437446,34.86019850252869,0.005488060892251401,0.07070426668738994,33.77486986628561,0.0
08390500,-0.09305400602880587,0.44229971338447704,0.049999999999999996,-0.0911577290749459,0.44969383189646983,0.05000000000000003,0.13873676524278933
08390800,-10.160756272270719,0.4656376544168912,3.434274741500024,-10.13005765104267,0.4797009191947288,3.4152697229057787,0.0850675428988682
09038500,0.22598931173136827,0.21997361456689846,55.68733503022144,0.22290850004832585,0.22803440328909064,54.141014723301986,0.0
09050700,0.1492725459390516,0.6235058162685005,3.5752898317558013,0.15033932539854944,0.6245930213047295,3.5993151163266077,0.0
09057500,0.15831753864946663,0.5198122633332225,15.165451189820514,0.16091568409684975,0.5221689771991919,15.400317097242759,0.0
09109000,0.5595428589208882,0.4872382245349288,17.297033284526954,0.5339537016636262,0.4974329050516919,17.33391323587621,0.0
09128000,-0.5345807478474218,0.2590799617788938,9.84492421959332,-0.5463945310482305,0.2671395082805619,9.818019543875955,0.0
09291000,0.6038738881900281,0.5726597225436367,4.593528584862096,0.5981272213699693,0.5750891597424368,4.699278881778546,0.0
09426000,0.44596970908334654,0.479541745853865,12.054543766238865,0.4466897698452791,0.48246323582742334,11.915843375659778,0.19751734209565536
09510000,0.12287882302257158,0.6380603415803643,0.21185982207688336,0.08840664345573246,0.6612853037920002,0.16863534438500155,0.5082146768893757
10020300,0.7431493548305744,0.7930915158874836,2.9418325848710345,0.7401251827962148,0.794087696252261,2.9282695083680865,0.0
10134500,0.3065387469006391,0.2749295536335442,0.8195609038914343,0.28619109385979946,0.2846162015458391,0.8273080257449309,0.0
10337500,0.18754439245760834,0.3592801816061436,21.0351859940751,0.042114485341593455,0.3741769969057135,125.01322994629139,0.0
10340500,0.3011677300951232,0.3948200387508589,0.8612918771849799,0.2964689429718691,0.3977371011257521,0.8609322680687453,0.0
10344400,0.3908551613789242,0.38153771878978016,5.995268988666159,0.3925165729299198,0.3829778484956827,5.999648592058591,0.0
10344500,0.2860400534288935,0.4056303116223814,9.547585208930654,0.28593601850898875,0.4112971732770365,9.63416312826587,0.0
12116500,0.5921922666794088,0.5545977759283667,3.952946390298322,0.5940823280832452,0.5552690383404157,3.942514478620741,0.0
12362500,0.03143455887163904,0.016256527918520502,138.58857288408097,0.03527312730039911,0.039621766015778936,122.23344629575851,0.0
13032500,0.49550373610236254,0.5264812521409771,6.690860555656795,0.4963924822589657,0.5298090955119755,6.737849639529738,0.0
13039500,0.03673777371544906,0.37606412989943605,0.049999999999999996,0.007743446840827617,0.3830164317252226,0.050000000050000014,0.0
13174500,0.30041605928777637,0.5376985920583188,0.049999999999999996,0.26120523700846476,0.5504874482673896,0.050000000000010265,0.0
13190500,0.42785044417353624,0.5954892879503582,3.3058536611234457,0.3896797375721437,0.626509813993618,3.3974150554606193,0.0
13202000,0.434797059390184,0.6188702637591363,7.596100449247526,0.4280172615169031,0.6295020091781509,7.785727325829519,0.0
13215000,0.3330662379196243,0.4932543008730622,0.5429217494375133,0.2893103250021991,0.5218817413059835,0.6079339983715635,0.07082876962395035
13217500,0.3939122087058736,0.60003443523784,0.049999999999999996,0.38999869695598854,0.6106891689655676,0.05000000000043559,0.0
13236500,0.3745980761966988,0.5795074753588682,5.350161852654843,0.3721788157564664,0.5805880627915803,5.366109129423172,0.0
13245000,0.21588077901808134,0.3156254150484279,37.15244427335674,0.2050084144999781,0.33323043094542015,37.17618033269754,0.0
14208700,0.34971168944576314,0.07864713411124113,7.341149132390242,0.33472342160942503,0.09245392491029925,7.3520331159284344,0.0
11085000,0.5288610248184704,0.8048189591709707,0.049999999999999996,0.5245090030022146,0.8055024379917788,0.05000000000000003,0.42022635998539615
11097000,0.6599693622201213,0.8910700165385378,0.049999999999999996,0.6566576398003201,0.8918409372721806,0.05000000000000003,0.5339539978094195
11109800,-0.010197108464699012,0.005188022738998321,251.45408150121014,-0.020138347985189542,0.01863923852493632,267.14846595187913,0.0
11149400,0.34710857501412407,0.2696317684439141,5.790765578014859,0.3163088020077208,0.29554174436235003,5.397248043562905,0.3329682365826944
11176400,0.633819908547276,0.5009229619575764,0.049999999999999996,0.6113115774340846,0.48538703967181074,0.05000000000000003,0.545271997079226
11176500,0.35622244579276574,0.622005811708224,0.8535559968673194,0.43053711818346363,0.6473468903686983,0.8059122036077151,0.6392844103687477
11214600,-0.2952822736233669,-0.003884058264628454,107.24644444809888,-6.179017809524393,0.0636943158360943,22.795472472353385,0.6142752829499818
11231500,-0.461271272564193,-0.38885388294929046,5.130430277027304,-0.48323144385834227,-0.3214185765559745,6.8570564168145784,0.6392844103687477
11231600,0.3382513495085848,0.3063635937104294,3.3321558918082532,0.33000664134278934,0.3151554239649539,3.3553302818417725,0.0
11234760,0.718480582095178,0.7912248820603928,0.049999999999999996,0.7152601744110514,0.7994115794326424,0.05000000000000003,0.26104417670682734
11242000,0.7175385686726186,0.8119645605192136,0.049999999999999996,0.7141004354740811,0.8159100019413259,0.05000000000000003,0.1768893756845564
11270900,0.44939248516715535,0.6548212780228737,25.059921335890767,0.4285022736073135,0.6669594024148887,25.921417192235573,0.0
11276500,0.5139477455312106,0.7065252210793314,1.5706915419662506,0.4901310096563075,0.7126314197391641,1.6890238137418816,0.2389558232931727
11277300,0.11993263240430985,0.4744508016560366,8.383168042518292,0.09993013992366317,0.4869382648002766,8.837864275835528,0.457101131799927
11289650,0.4883824750878343,0.553172650500749,7.524747035610312,0.4587668156458964,0.5714054130402775,8.781295536179396,0.050200803212851405
11292900,0.3621641851527376,0.5999153552825955,0.049999999999999996,0.35587825189767464,0.6019307454016991,0.05000000000000003,0.0
11302000,0.11836593019235342,0.2843975945051388,154.650015416669,0.11186249851147256,0.30470395422112595,151.5986899193932,0.0
11314500,0.6272632942331626,0.7958017568317755,0.049999999999999996,0.6223767530378288,0.7976928918550327,0.05000000000000003,0.05239138371668492
11319500,0.6848385337823502,0.8430000285275429,0.049999999999999996,0.6835097030481625,0.8447475749206093,0.050000000050000014,0.0
11323500,0.6219450145017451,0.7465777583093389,10.346030321346873,0.6188284180108641,0.7572816847175023,10.530287900371492,0.0
11399500,0.027940187146677342,0.036539754335107255,27.996518098332967,0.017640137958244595,0.05525625443884585,28.101406663060157,0.0
11400500,0.387387469040156,0.7935787727363744,0.08742871339674209,0.386549156537747,0.7943411062733958,0.08736279148219364,0.0
11407000,0.4593280897492623,0.5705319498309274,0.7167779792094991,0.45611162120103277,0.5724160702346,0.7169689567525003,0.0
11414250,0.1053731269267617,0.27060856158601143,0.049999999999999996,0.10444526182118075,0.27125865383711156,0.050000000050000014,0.0
11424000,0.8099813730492138,0.8600455820034985,0.30256103164109244,0.8088215429423848,0.8609404334768616,0.3027779607548216,0.021723256663015698
11428800,0.22231970699385084,0.43922607428901683,0.09986085965971668,0.223058670733133,0.44611501736789727,0.10102959940511219,0.007301935012778387
11443500,0.5169241924981882,0.3051067224791918,0.08087887658032235,0.5086174430366563,0.31921583961741984,0.08096089315896346,0.007484483388097846
11446500,0.7236046773952033,0.7660716400002547,1.195131563231507,0.7204786280542459,0.7676270243871163,1.1948904365015696,0.0
11451000,0.6760517978243195,0.8239194244310395,5.659454787152461,0.6567258673573171,0.8359966111882092,5.44813146222421,0.29262504563709385
11454000,0.4772874431405508,0.39005967667826313,3.2874632872392153,0.4548557075181533,0.4033320268042033,3.3098494635042224,0.0
11507500,0.41573720374036705,0.5591654013013918,1.3980261144594872,0.40404192081880486,0.5661448470771371,1.4029177324152864,0.0
11525500,0.16857501049733437,0.45962288769862203,5.407478278060358,0.16245378054687498,0.4685281788400889,5.411755097374378,0.0
04243500,0.7119109309161398,0.7997157352528319,0.049999999999999996,0.7105302427907485,0.8007221252307001,0.05000000000000003,0.0
01331500,0.8147567600738193,0.8629092662031321,0.049999999999999996,0.8150856493784097,0.863549960285195,0.05000000000000003,0.00018254837531945966
01304500,-0.47817344307140774,-0.057875260936046224,0.6794138744162033,-0.49137984536540946,-0.05115392432728494,0.6733497024834122,0.0
02028500,0.8051782437248629,0.7261097483893244,0.23983884729937802,0.8052099440608717,0.7267202194660636,0.2399220822837181,0.0
01560000,0.8256980732595051,0.8335500615327914,0.049999999999999996,0.8255398751169727,0.8337317602205729,0.05000000000000003,0.003103322380430814
02027000,0.5963375107058011,0.8037585915031391,0.25921476626521484,0.5946100149740451,0.8045147021179598,0.2595024737501494,0.0
01333000,0.7563519867257975,0.8806704310312723,0.1246752014462437,0.7569590479333148,0.8817465630654135,0.12448389686267652,0.0
01555500,0.7473321354188052,0.8254635265341883,0.049999999999999996,0.7480814055399947,0.8258400356316393,0.050000000050000014,0.0
01605500,0.6907046059344668,0.673030586140338,0.049999999999999996,0.6891252377985436,0.6736916676826215,0.05000000000000003,0.0
01440000,0.8102032501379262,0.8330887743066773,0.11530347604378295,0.8100525406656429,0.833569074545999,0.11526834326591619,0.0
01637500,0.6876490207021264,0.8099066237208294,0.07014897749840408,0.6855657147062595,0.8109116038686185,0.07016354763501965,0.0045637093829864915
01450500,0.7689048332781364,0.8764611272324839,0.17204111380692125,0.7684848291175582,0.8766266027287358,0.17197256877326902,0.0
04287000,0.7823721423999275,0.820722912872025,0.049999999999999996,0.7828844232208559,0.8209259666686257,0.05000000000000003,0.0
01541000,0.7752056613563196,0.8704659134677278,0.049999999999999996,0.7747834447336197,0.8707108153263414,0.05000000000000003,0.0
01595000,0.7563744853611272,0.8409096826255811,0.07349220801066574,0.7556710017841258,0.8413640436611074,0.0734551241506748,0.0
01634500,0.6690630109830737,0.7895002564557732,0.049999999999999996,0.6683241068841981,0.7902779606488541,0.05000000000000003,0.0032858707557502738
01516350,0.6726825512746202,0.7919030701391805,0.049999999999999996,0.6703057711305356,0.7931118719885162,0.05000000000000003,0.007301935012778387
02064000,0.6048233513240999,0.8184381497489255,0.049999999999999996,0.6043450813063423,0.8187144089360339,0.05000000000000003,0.0
02469800,0.833247897702203,0.8111724715277839,0.049999999999999996,0.8328807937123883,0.8113583713085957,0.05000000000000003,0.009857612267250822
02430680,0.6740046804301992,0.641570519178351,0.049999999999999996,0.6740187173297864,0.6421177182850373,0.050000000000014304,0.11098941219423147
02482000,0.8964217251773064,0.9098772153737367,0.7914104238660029,0.896240681092045,0.909933904487929,0.7912263798294153,0.023183643665571376
02118500,0.640072298393288,0.6665238017186721,0.049999999999999996,0.6403422593997649,0.6673300288680228,0.050000000050000014,0.0
02298830,0.7297366596322203,0.8342429628234389,2.0156535305698653,0.7279745201270225,0.8380834123442533,2.011295705507086,0.08762322015334063
02482550,0.8906132874657984,0.9187095933539572,1.0677265949522183,0.8899778676255133,0.9190638580874695,1.0678984790222867,0.04308141657539248
02133500,0.7997220955185148,0.8329477593467854,0.0859595438052014,0.7990116802966929,0.8336178350474133,0.08597630243443502,0.0
04231000,0.6992781956107825,0.855424690242669,0.049999999999999996,0.6944947041041112,0.8580904869452534,0.05000000000000007,0.017707192405987587
04063700,0.7743932298847944,0.8815569397283547,0.049999999999999996,0.7747824817805106,0.881983937582444,0.05000000000000003,0.0
04096515,0.7534667165150333,0.7466638777774168,0.049999999999999996,0.7531185927393962,0.7483969869412261,0.050000000050000014,0.0
03202750,0.8279224378467458,0.8274613152382951,0.049999999999999996,0.8273208108967671,0.8281091172199583,0.05000000000000003,0.000547645125958379
03363500,0.8443104220918363,0.8824568633471416,0.049999999999999996,0.8440109427798175,0.8830135886953339,0.05000000000000003,0.0007301935012778386
03207800,0.8353478113595618,0.8678544882343042,0.049999999999999996,0.8341100932708561,0.8684226728384152,0.05000000000000003,0.02555677254472435
03358000,0.8581124165411441,0.82514883162887,0.13401400007326333,0.8579007935338349,0.8259660337394477,0.13386125552975167,0.04819277108433735
03460000,0.7391207305581803,0.7815520347770208,0.05179718182186746,0.7388302305081782,0.7822386811776234,0.05180399788867813,0.0
05489000,0.715118968707582,0.7499899186677765,0.049999999999999996,0.7143642834728476,0.7503017358890187,0.05000000000000003,0.04801022270901789
05487980,0.7095565829423989,0.6945555767517304,0.049999999999999996,0.7085148553851524,0.6946737036710267,0.05000000000000003,0.012230741146403797
05413500,0.6494782629075753,0.6569806868977575,0.049999999999999996,0.6493862427433157,0.6576395280554166,0.05000000000000003,0.0
06893080,0.6617574247623511,0.7256778091187204,0.049999999999999996,0.6613635513817973,0.7260002250527009,0.050000000000044724,0.05750273822562979
06607200,0.7684317672010732,0.6995055292654109,0.049999999999999996,0.7643206418580852,0.7029785490297489,0.05000000000000003,0.0
06903400,0.37231048599721783,0.4188044133575173,0.049999999999999996,0.3694374917638191,0.41972105363136203,0.05000000000000003,0.0
06339100,0.39855516623591536,0.3621900338853986,0.049999999999999996,0.3924505359585184,0.3623567799911842,0.05000000000000003,0.23968601679445053
06810000,0.7044617905030152,0.8165086647251274,0.1700408081609657,0.7013785729692104,0.8177803084694696,0.16971106338982697,0.0
06332515,-0.01368845173288924,0.625993108902319,0.049999999999999996,-0.01374974103043014,0.6264015228363903,0.05000000000000003,0.0
06814000,0.6966970169466377,0.7984443927359122,0.049999999999999996,0.695586260908359,0.7983805733568438,0.05000000000000003,0.17999269806498722
06889500,0.6659894863857065,0.8223938780077269,0.049999999999999996,0.665740821999754,0.8226524345513734,0.05000000000269188,0.06279664110989412
06809210,0.7775608145968061,0.8035820476693791,0.049999999999999996,0.7771094777140868,0.8038696958015423,0.05000000000000003,0.0
06403300,0.637019793710794,0.8032670867116802,0.1500649568215322,0.6382965974989054,0.8038874367961353,0.15053250535172183,0.0
06281000,0.8138498178504551,0.7822738533236107,0.049999999999999996,0.8120916179630846,0.7832356945452227,0.05000000000000003,0.0
07191000,0.720573431835511,0.8356666839693958,0.049999999999999996,0.7205457342255392,0.8356872337989684,0.05000000000000003,0.04089083607155896
07151500,0.7491637396064439,0.7183808012033608,0.049999999999999996,0.7486654301233665,0.7193071431558864,0.05000000000000003,0.0
07207500,0.5537666845763495,0.5806340544117851,0.22622012415046702,0.5433342588200044,0.5905286306686601,0.22789832198056356,0.03504928806133625
07315700,0.6390312168692245,0.7879139661698655,0.049999999999999996,0.6426040213600024,0.787950377341513,0.05000000125457684,0.31562614092734576
08377900,0.7876961255490319,0.6809403319136458,0.06802695440693618,0.7786599968737276,0.689995633760236,0.06452416492577355,0.0
08279000,0.7828961429625738,0.8460530045680518,0.049999999999999996,0.7665060103589513,0.8555735347842643,0.050000000050000014,0.0
08405150,0.13694605566494156,0.9252357309731867,0.28154145196329766,-0.054154888461421136,0.9569627814886992,0.20682028187702947,0.6080686381891202
08401900,0.11615873318956627,0.9251715065859473,0.049999999999999996,0.08662914637763997,0.9270622333144508,0.05000000000000079,0.47517342095655346
08284100,0.683669261812525,0.797049851845469,0.049999999999999996,0.6843474060371512,0.797161936085601,0.05000000000000003,0.0
08379500,0.5268395393665763,0.5678529241138086,0.049999999999999996,0.500544929985749,0.5837521741003191,0.05000000000000003,0.021723256663015698
08405500,-0.01239263419148351,0.6166469536302852,0.049999999999999996,-0.014654671946759734,0.6170534610829623,0.050000000050000014,0.0
08289000,0.48891006400625137,0.7929918925833037,0.049999999999999996,0.4901353099249546,0.7953895846514691,0.05000000000000003,0.0
09147000,0.44825360741811604,0.6856913386272628,0.21297561222420647,0.4461192766495914,0.691918634827535,0.22737346324477406,0.0
09299500,0.7996545973525426,0.7333549537313473,1.2629924580147607,0.7994191688760923,0.7337050071032409,1.2685318072110323,0.0
09255000,0.7051317413382372,0.900810867101542,0.049999999999999996,0.7016057670402809,0.9026129871074066,0.05000000000000003,0.0
09330500,0.6308330082694404,0.7854828527442042,0.049999999999999996,0.6233653040046963,0.7885574319173302,0.05000000000000003,0.0
09342500,0.832831495760505,0.8487147703731831,0.049999999999999996,0.8318426057577455,0.8497256871062481,0.05000000000000003,0.0
09059500,0.8403112990572814,0.8501535412613641,0.049999999999999996,0.8351739929115263,0.8521566774183735,0.05000000000000003,0.0
09490500,0.577025218044503,0.7724909236083956,0.049999999999999996,0.5735654607384972,0.7729407322447124,0.050000000050000014,0.0
09401260,-0.007451599369847406,-0.0577337717755948,364.99999999999994,-0.011166923409383411,-0.053284110475140256,364.99999999999966,0.0
10329500,0.7497923696130661,0.831464255205157,0.16057189915840972,0.7435391088171779,0.8347754411199837,0.16090361703595704,0.02573932092004381
13011500,0.8493820224223033,0.879728465221782,0.16876070744422475,0.8466405840013286,0.8817651670901236,0.16965522489818388,0.0
10032000,0.8284439652513114,0.867530534011417,0.049999999999999996,0.8266525328888621,0.8685165089552109,0.050000000050000014,0.0
09492400,0.5953571938856026,0.7728943036893248,0.29566745632380836,0.5741966396356835,0.7768740090807231,0.29853289914572523,0.0
14020000,0.7840933031242698,0.8205462859898348,0.3162188406309455,0.7792569163197599,0.8224012549910877,0.3155373394957499,0.0
10336780,0.6993273825658133,0.766267035490781,0.049999999999999996,0.6998869770013746,0.7706028592255684,0.05000000000000003,0.0
12048000,0.38137421632195,0.45847862807455786,0.2917199120154535,0.3755239830135809,0.46365092702317734,0.2934871204939479,0.0
12334510,0.8846273971909997,0.8427691770998231,0.049999999999999996,0.8834185449366039,0.8448179643564877,0.05000000000000003,0.0
13340600,0.9057520104269582,0.9128875067904809,0.049999999999999996,0.9052132491929031,0.9145687716647697,0.05000000000000003,0.0
12381400,-1.3873704551466002,-2.5310167104154746,364.99999999999994,-1.533677980729765,-2.27612067006004,364.99999999999966,0.0
12452800,0.8947892440963588,0.8728118197257313,0.223355923958722,0.893555491661044,0.8744044640495738,0.2249769057201985,0.0
13186000,0.6915309362512538,0.6985095301145946,0.049999999999999996,0.6921633559124438,0.6988448154885313,0.05000000000000003,0.0
12465000,0.474016725469978,0.42934246424876255,0.049999999999999996,0.4728526988596925,0.44212853177262346,0.05000000000000003,0.16392844103687476
12424000,0.7663971549281008,0.8022603379869075,0.049999999999999996,0.7665554690135383,0.8038438172965083,0.05000000000000003,0.12869660460021906
13075000,0.3588635682234548,0.4653911516274345,0.049999999999999996,0.34663590603987626,0.46997626045229357,0.05000000000000003,0.0
12205000,0.637259845180115,0.6756955824283235,0.2569464907828545,0.638164683813684,0.6771993892415966,0.2568290538332603,0.0
13023000,0.8983064806748808,0.9227877305207901,0.049999999999999996,0.896586323966505,0.9239766349752694,0.05000000000000003,0.0
14137000,0.8701750898244505,0.8849704511750124,0.049999999999999996,0.8700877760606366,0.8854076844145287,0.05000000000000003,0.0
09505800,0.5442603877873895,0.41042248038289575,0.049999999999999996,0.5375236626769789,0.4123142481012727,0.05000000000000003,0.5191675794085433
09505350,0.5727441953834567,0.7019619494849354,0.049999999999999996,0.5685988027789823,0.7023574483507123,0.05000000000000003,0.2526469514421322
11200800,0.6580616382036616,0.8100218845686356,0.6473216948904327,0.6580880229256667,0.8110071805103001,0.6448511500056658,0.0
11028500,0.5159404729338634,0.8880501071662409,0.049999999999999996,0.4517055977282648,0.8894769965979843,0.05000000000000003,0.674333698430084
14222500,0.8804543115855062,0.9208797569849477,0.1493848618528097,0.879594164833842,0.9215263396662372,0.1497620947530067,0.023183643665571376
14096850,0.499252743254597,0.8425563836129779,0.08142923591524483,0.4941092700202654,0.8464675085972686,0.08154754980998472,0.0
09430600,0.07914871206213447,0.2584716440022645,0.049999999999999996,0.055664117072309116,0.26699389372321736,0.05000000000032646,0.38864549105512963
09289500,0.8615450593749658,0.8151068999124234,0.049999999999999996,0.8608281620643359,0.8159764159290376,0.05000000000000003,0.0
09512280,0.49068421985142685,0.7798168889794119,0.14274221508773827,0.49531123661327425,0.7854484251056884,0.11095052589732633,0.4965315808689303
11482500,0.840091625663602,0.8870363589912055,0.049999999999999996,0.8389750582832605,0.8875430363834019,0.05000000000000003,0.1900328587075575
11374000,0.7895731964992492,0.8780003713695326,0.07499782758575636,0.7894769359712991,0.8783151808739014,0.0751632804706479,0.0
11468000,0.7251570780709875,0.8265726086813447,0.049999999999999996,0.7242423379807046,0.8265037429447663,0.05000000000000016,0.2280029207740051
11224500,-0.18068200166350135,0.8458002226073487,0.049999999999999996,-0.17318144513590927,0.8476524746822249,0.05000000000000003,0.10259218692953632
12020000,0.7020018082159707,0.8009748520011297,0.10813266426146782,0.6964584241564273,0.8040240282079884,0.10150831422880367,0.08926615553121577
11519500,0.769870096692524,0.8352555695218438,0.049999999999999996,0.7668070034439974,0.8373253832514799,0.05000000000000003,0.0
11132500,0.6939393091977313,0.5402734226336752,0.24881136961458747,0.6836096912220815,0.5441686892685127,0.24041182219342802,0.6522453450164294
11413000,0.8342520516188976,0.8924220037851558,0.049999999999999996,0.8326087882473061,0.8941560142204368,0.050000000050000014,0.0
14301500,0.8898416427864783,0.8663764952541348,0.049999999999999996,0.88976440416438,0.8665523478817638,0.05000000000000003,0.0
11264500,0.7573041881810519,0.789685031377311,0.06009923576423414,0.7545395225198616,0.7933128179783231,0.06862171139524244,0.0
11151300,0.6589774063954861,0.8363902858604962,0.049999999999999996,0.6577722876824956,0.836738747642172,0.05000000000000003,0.0
11274500,0.7954990242016615,0.6847900553105088,0.049999999999999996,0.7711419565964979,0.6866617925620744,0.05000000000000003,0.4813800657174151
06647500,0.7774468027563294,0.79227253956998,0.13457806437365624,0.7770993026339743,0.7937512606328329,0.13434946089574262,0.08908360715589632
11528700,0.8570645688267184,0.8682719934730534,0.049999999999999996,0.8536502556848609,0.8693485686135392,0.05000000000000003,0.0
14309500,0.7759514494657098,0.8252628168669076,0.14799372751031886,0.7740504457618017,0.8271666890301753,0.14773260156915777,0.017342095655348666
11143000,0.7993826672086606,0.8384542133741162,0.3711860234297895,0.7935197909158452,0.8403276923156872,0.36879356448330713,0.14238773274917854
12092000,0.7270361910947603,0.6539915185104574,0.27404086737918676,0.7241562370121895,0.6554212257698461,0.274454066950559,0.0
11160500,0.8325402043817421,0.7971623954406606,0.2704192446387441,0.8299613693919976,0.7986007021492745,0.26969061274851586,0.05312157721796276
11522500,0.7868031696819777,0.8146987289521588,0.14666444919409063,0.7786979349214813,0.8196799908306153,0.1468050464745662,0.0
11390000,0.8307547883111915,0.9346622474196389,0.08991877739909417,0.8309082574787219,0.9348733046702672,0.0899456844807425,0.0
11402000,0.7371684312779885,0.8769974363974528,0.049999999999999996,0.7333185781757632,0.8781073695834373,0.05000000000000003,0.0
11136800,0.4980520853125593,0.5576574412068188,0.049999999999999996,0.4980350054974534,0.5581173947732787,0.050000440813264005,0.34100036509675064
11469000,0.7746397351836782,0.830512517442683,0.049999999999999996,0.7683102541110293,0.8324593526714111,0.05000000000000003,0.10094925155166119
