STAID,T_cont,lin_T0_csv,seas_T0_csv,T_win90_5,T_oracle90_5,T_win90_30,T_win120_30,T_win180_30,T_win365_30,T_win365_5
01019000,1.3572088082974532,1.3572088082974532,2.907335362699394,1.3572088082974532,1.3572088082974532,1.7495626146803187,1.3572088082974532,36.84031498640386,1.7495626146803187,1.3572088082974532
01022500,0.1071071505329564,0.1113084112113767,0.1380706234676368,0.1071071505329564,0.1071071505329564,0.1380706234676368,0.1779852882826546,0.1380706234676368,0.1071071505329564,0.1380706234676368
01053500,1.3572088082974532,1.5000005454800225,1.7495626146803187,1.7495626146803187,1.7495626146803187,1.7495626146803187,1.3572088082974532,1.3572088082974532,1.3572088082974532,1.3572088082974532
01100000,0.1071071505329564,0.1007124674646909,0.0499999999999999,0.049999999999999996,0.049999999999999996,0.1380706234676368,0.1071071505329564,0.1779852882826546,0.1071071505329564,0.1071071505329564
01172500,2.907335362699394,3.0213751226735086,2.255341494966317,3.7478133267479543,3.7478133267479543,3.7478133267479543,2.907335362699394,3.7478133267479543,3.7478133267479543,2.907335362699394
01186000,10.349258453288162,10.0355601470317,8.028352123148267,10.349258453288162,10.349258453288162,10.349258453288162,8.028352123148267,10.349258453288162,10.349258453288162,10.349258453288162
01205500,0.049999999999999996,0.0499999999999999,0.0499999999999999,0.049999999999999996,0.049999999999999996,0.049999999999999996,0.049999999999999996,0.049999999999999996,0.049999999999999996,0.049999999999999996
01206900,0.8167347399191549,0.9096360839021465,0.8167347399191549,0.8167347399191549,0.8167347399191549,1.0528435700809526,0.8167347399191549,0.8167347399191549,1.0528435700809526,0.8167347399191549
01315000,3.7478133267479543,4.078860865480238,2.255341494966317,3.7478133267479543,4.831264020091606,4.831264020091606,4.831264020091606,4.831264020091606,3.7478133267479543,3.7478133267479543
01325000,17.19787838771242,18.28984827490192,36.84031498640386,13.341112707816194,17.19787838771242,13.341112707816194,13.341112707816194,17.19787838771242,17.19787838771242,17.19787838771242
01327750,1.7495626146803187,1.832233890094076,2.255341494966317,1.7495626146803187,1.7495626146803187,1.7495626146803187,2.255341494966317,2.255341494966317,1.7495626146803187,1.7495626146803187
01336000,0.049999999999999996,0.0499999999999999,0.0499999999999999,0.049999999999999996,0.049999999999999996,0.049999999999999996,0.049999999999999996,0.049999999999999996,0.049999999999999996,0.049999999999999996
01375000,0.29576702103854635,0.3026742382574106,0.0499999999999999,0.29576702103854635,0.29576702103854635,0.22943883390578768,0.29576702103854635,0.3812699412948386,0.29576702103854635,0.29576702103854635
01378500,0.049999999999999996,0.0499999999999999,0.0499999999999999,0.049999999999999996,0.049999999999999996,0.049999999999999996,0.049999999999999996,0.049999999999999996,0.049999999999999996,0.049999999999999996
01381000,0.049999999999999996,0.0499999999999999,0.0499999999999999,0.049999999999999996,0.049999999999999996,0.049999999999999996,0.049999999999999996,0.049999999999999996,0.049999999999999996,0.049999999999999996
01396800,0.1071071505329564,0.1113084112113767,0.4914907944250637,0.08308749107646611,0.08308749107646611,0.1380706234676368,0.1071071505329564,0.08308749107646611,0.1380706234676368,0.1779852882826546
01417000,61.21938685374067,60.75011045978496,36.84031498640386,10.349258453288162,61.21938685374067,13.341112707816194,17.19787838771242,13.341112707816194,22.169591661216124,17.19787838771242
01425000,1.0528435700809526,1.0053387612132934,2.255341494966317,1.0528435700809526,1.0528435700809526,1.0528435700809526,0.8167347399191549,1.0528435700809526,1.0528435700809526,0.8167347399191549
01429500,0.049999999999999996,0.0499999999999999,0.0499999999999999,0.049999999999999996,0.049999999999999996,0.049999999999999996,0.049999999999999996,0.049999999999999996,0.049999999999999996,0.049999999999999996
01435000,0.049999999999999996,0.0499999999999999,0.0499999999999999,0.049999999999999996,0.049999999999999996,0.049999999999999996,0.049999999999999996,0.049999999999999996,0.049999999999999996,0.049999999999999996
01436000,1.0528435700809526,1.1111103029929987,1.3572088082974532,1.7495626146803187,3.7478133267479543,2.907335362699394,4.831264020091606,0.8167347399191549,0.8167347399191549,1.3572088082974532
01449800,2.255341494966317,2.02500294559373,2.255341494966317,1.7495626146803187,1.7495626146803187,1.7495626146803187,2.255341494966317,1.7495626146803187,1.7495626146803187,1.7495626146803187
01470960,0.3812699412948386,0.4086106674250927,0.3812699412948386,0.3812699412948386,0.3812699412948386,0.29576702103854635,0.3812699412948386,0.3812699412948386,0.3812699412948386,0.3812699412948386
01518000,1.3572088082974532,1.5000005454800225,1.0528435700809526,1.3572088082974532,1.3572088082974532,1.3572088082974532,1.7495626146803187,1.3572088082974532,1.3572088082974532,1.7495626146803187
01520000,0.8167347399191549,0.9096360839021465,0.8167347399191549,1.0528435700809526,1.0528435700809526,1.0528435700809526,0.8167347399191549,0.8167347399191549,0.8167347399191549,1.0528435700809526
01534300,1.0528435700809526,1.0053387612132934,1.0528435700809526,1.0528435700809526,1.0528435700809526,1.0528435700809526,1.0528435700809526,1.0528435700809526,1.0528435700809526,1.0528435700809526
01541200,1.0528435700809526,1.1111103029929987,0.8167347399191549,1.0528435700809526,1.0528435700809526,1.0528435700809526,1.3572088082974532,1.3572088082974532,1.0528435700809526,1.3572088082974532
01547500,4.831264020091606,4.9822829286503625,2.907335362699394,6.227928126848629,6.227928126848629,6.227928126848629,4.831264020091606,3.7478133267479543,4.831264020091606,6.227928126848629
01563200,0.6335752569011934,0.6738037715009215,0.2957670210385463,0.8167347399191549,0.8167347399191549,0.6335752569011934,0.4914907944250637,0.4914907944250637,0.8167347399191549,0.6335752569011934
01574500,0.049999999999999996,0.0499999999999999,0.0499999999999999,0.049999999999999996,0.049999999999999996,0.049999999999999996,0.049999999999999996,0.049999999999999996,0.049999999999999996,0.049999999999999996
01591610,2.907335362699394,2.7337569589689847,2.907335362699394,2.255341494966317,2.907335362699394,2.907335362699394,2.907335362699394,2.255341494966317,2.907335362699394,2.907335362699394
01592500,1.0528435700809526,1.1111103029929987,1.3572088082974532,0.8167347399191549,0.8167347399191549,1.3572088082974532,1.0528435700809526,1.0528435700809526,1.0528435700809526,1.3572088082974532
01597500,1.0528435700809526,1.1111103029929987,0.6335752569011934,1.0528435700809526,1.0528435700809526,1.0528435700809526,1.0528435700809526,1.0528435700809526,1.0528435700809526,1.0528435700809526
02011800,1.7495626146803187,2.02500294559373,1.7495626146803187,2.255341494966317,2.255341494966317,2.255341494966317,1.7495626146803187,2.255341494966317,2.255341494966317,2.255341494966317
02041650,1.0528435700809526,1.0053387612132934,1.0528435700809526,1.0528435700809526,1.0528435700809526,1.0528435700809526,1.0528435700809526,1.0528435700809526,1.0528435700809526,1.0528435700809526
04285500,0.08308749107646611,0.0911251988276491,0.0499999999999999,0.08308749107646611,0.08308749107646611,0.06445443781325927,0.08308749107646611,0.1071071505329564,0.049999999999999996,0.06445443781325927
04289000,0.22943883390578768,0.2242028948534444,0.3812699412948386,0.29576702103854635,0.29576702103854635,0.22943883390578768,0.1779852882826546,0.22943883390578768,0.3812699412948386,0.3812699412948386
04292500,0.049999999999999996,0.0499999999999999,0.0499999999999999,0.049999999999999996,0.049999999999999996,0.049999999999999996,0.049999999999999996,0.049999999999999996,0.049999999999999996,0.049999999999999996
02072000,2.255341494966317,2.238053204797307,2.255341494966317,2.255341494966317,2.255341494966317,2.255341494966317,2.255341494966317,2.255341494966317,2.255341494966317,2.255341494966317
02077303,0.22943883390578768,0.2477912481280187,0.2957670210385463,0.29576702103854635,0.29576702103854635,0.22943883390578768,0.22943883390578768,0.22943883390578768,0.22943883390578768,0.22943883390578768
02082506,0.3812699412948386,0.3697131968816493,0.0644544378132592,0.3812699412948386,0.3812699412948386,0.3812699412948386,0.3812699412948386,0.3812699412948386,0.3812699412948386,0.3812699412948386
02085500,0.049999999999999996,0.0499999999999999,0.0499999999999999,0.049999999999999996,0.049999999999999996,0.049999999999999996,0.049999999999999996,0.049999999999999996,0.049999999999999996,0.049999999999999996
02094500,0.049999999999999996,0.0499999999999999,0.0499999999999999,0.049999999999999996,0.049999999999999996,0.049999999999999996,0.049999999999999996,0.049999999999999996,0.049999999999999996,0.049999999999999996
02105769,2.255341494966317,2.4735184501348426,1.7495626146803187,2.255341494966317,2.255341494966317,2.255341494966317,2.255341494966317,2.255341494966317,2.255341494966317,2.255341494966317
02197000,4.831264020091606,4.9822829286503625,6.227928126848629,4.831264020091606,4.831264020091606,4.831264020091606,4.831264020091606,4.831264020091606,4.831264020091606,4.831264020091606
02294491,2.907335362699394,2.7337569589689847,2.255341494966317,2.907335362699394,2.907335362699394,2.907335362699394,3.7478133267479543,2.907335362699394,2.907335362699394,3.7478133267479543
02334430,13.341112707816194,13.54802097883164,13.341112707816194,8.028352123148267,10.349258453288162,8.028352123148267,10.349258453288162,17.19787838771242,36.84031498640386,13.341112707816194
02343801,0.6335752569011934,0.6096613874579919,0.2957670210385463,0.4914907944250637,0.4914907944250637,0.6335752569011934,0.4914907944250637,0.8167347399191549,0.6335752569011934,0.4914907944250637
02382500,4.831264020091606,4.9822829286503625,4.831264020091606,4.831264020091606,4.831264020091606,4.831264020091606,4.831264020091606,4.831264020091606,4.831264020091606,4.831264020091606
02394000,8.028352123148267,9.080230449777323,13.341112707816194,8.028352123148267,8.028352123148267,8.028352123148267,10.349258453288162,10.349258453288162,10.349258453288162,8.028352123148267
02462500,0.049999999999999996,0.0499999999999999,0.0499999999999999,0.049999999999999996,0.049999999999999996,0.049999999999999996,0.049999999999999996,0.049999999999999996,0.049999999999999996,0.049999999999999996
02466030,1.0528435700809526,0.9096360839021465,0.6335752569011934,1.0528435700809526,1.0528435700809526,0.8167347399191549,0.8167347399191549,1.0528435700809526,0.8167347399191549,0.8167347399191549
04034500,0.049999999999999996,0.0499999999999999,0.0499999999999999,0.049999999999999996,0.049999999999999996,0.049999999999999996,0.049999999999999996,0.049999999999999996,0.049999999999999996,0.049999999999999996
04062500,1.3572088082974532,1.2280100529768272,2.255341494966317,1.0528435700809526,1.0528435700809526,1.3572088082974532,1.7495626146803187,1.3572088082974532,1.3572088082974532,1.3572088082974532
04063500,0.049999999999999996,0.0499999999999999,0.0499999999999999,0.049999999999999996,0.049999999999999996,0.049999999999999996,0.049999999999999996,0.049999999999999996,0.049999999999999996,0.049999999999999996
04170000,0.6335752569011934,0.6738037715009215,0.6335752569011934,0.6335752569011934,0.6335752569011934,0.6335752569011934,0.6335752569011934,0.6335752569011934,0.6335752569011934,0.6335752569011934
04170500,1.3572088082974532,1.5000005454800225,1.3572088082974532,1.3572088082974532,1.3572088082974532,1.3572088082974532,1.7495626146803187,1.7495626146803187,1.3572088082974532,1.7495626146803187
04232482,0.049999999999999996,0.0499999999999999,0.1779852882826546,0.049999999999999996,0.049999999999999996,0.049999999999999996,0.049999999999999996,0.049999999999999996,0.049999999999999996,0.049999999999999996
04239000,0.22943883390578768,0.2477912481280187,0.0830874910764661,0.1779852882826546,0.1779852882826546,0.1779852882826546,0.29576702103854635,0.29576702103854635,0.29576702103854635,0.22943883390578768
04240010,0.1779852882826546,0.1835488724428621,0.0644544378132592,0.22943883390578768,0.22943883390578768,0.1779852882826546,0.1380706234676368,0.1779852882826546,0.1779852882826546,0.1779852882826546
04240180,2.255341494966317,2.02500294559373,3.7478133267479534,2.255341494966317,2.255341494966317,2.255341494966317,2.255341494966317,2.255341494966317,2.255341494966317,2.255341494966317
04266500,0.049999999999999996,0.0499999999999999,0.0499999999999999,0.049999999999999996,0.049999999999999996,0.049999999999999996,0.049999999999999996,0.049999999999999996,0.049999999999999996,0.049999999999999996
03014500,0.4914907944250637,0.5516250028242758,1.0528435700809526,0.6335752569011934,0.6335752569011934,0.4914907944250637,0.3812699412948386,0.8167347399191549,0.3812699412948386,0.4914907944250637
03030500,0.049999999999999996,0.0499999999999999,0.0499999999999999,0.049999999999999996,0.049999999999999996,0.049999999999999996,0.049999999999999996,0.049999999999999996,0.049999999999999996,0.049999999999999996
03036500,0.6335752569011934,0.6096613874579919,0.1071071505329564,0.4914907944250637,0.4914907944250637,0.4914907944250637,0.6335752569011934,0.6335752569011934,0.6335752569011934,0.6335752569011934
03042280,0.22943883390578768,0.2477912481280187,0.2957670210385463,0.29576702103854635,0.29576702103854635,0.22943883390578768,0.29576702103854635,0.29576702103854635,0.22943883390578768,0.22943883390578768
03091500,1.3572088082974532,1.5000005454800225,1.3572088082974532,1.3572088082974532,1.3572088082974532,1.7495626146803187,1.3572088082974532,1.3572088082974532,1.3572088082974532,1.3572088082974532
03209000,1.3572088082974532,1.3572088082974532,1.7495626146803187,1.3572088082974532,1.3572088082974532,1.3572088082974532,1.3572088082974532,1.3572088082974532,1.3572088082974532,1.7495626146803187
03221000,0.4914907944250637,0.4516005350683409,0.4914907944250637,0.4914907944250637,0.4914907944250637,0.3812699412948386,0.4914907944250637,0.4914907944250637,0.4914907944250637,0.4914907944250637
03225500,1.7495626146803187,1.6578153801277449,1.7495626146803187,1.7495626146803187,1.7495626146803187,1.7495626146803187,1.7495626146803187,1.7495626146803187,1.7495626146803187,1.7495626146803187
03228500,0.4914907944250637,0.4516005350683409,0.6335752569011934,0.3812699412948386,0.3812699412948386,0.4914907944250637,0.4914907944250637,0.4914907944250637,0.4914907944250637,0.4914907944250637
03228805,2.255341494966317,2.02500294559373,1.7495626146803187,2.255341494966317,2.255341494966317,2.255341494966317,1.7495626146803187,2.255341494966317,2.255341494966317,2.255341494966317
03232500,0.08308749107646611,0.0911251988276491,0.0499999999999999,0.1071071505329564,0.1071071505329564,0.08308749107646611,0.049999999999999996,0.08308749107646611,0.06445443781325927,0.06445443781325927
03266000,0.29576702103854635,0.3026742382574106,0.2294388339057876,0.29576702103854635,0.29576702103854635,0.22943883390578768,0.3812699412948386,0.22943883390578768,0.29576702103854635,0.29576702103854635
03270000,0.06445443781325927,0.0675000736398298,0.0830874910764661,0.1071071505329564,0.1071071505329564,0.049999999999999996,0.049999999999999996,0.049999999999999996,0.049999999999999996,0.06445443781325927
03272000,0.049999999999999996,0.0499999999999999,0.0499999999999999,0.049999999999999996,0.049999999999999996,0.049999999999999996,0.049999999999999996,0.049999999999999996,0.049999999999999996,0.049999999999999996
03284000,0.3812699412948386,0.3697131968816493,0.1071071505329564,0.29576702103854635,0.29576702103854635,0.3812699412948386,0.3812699412948386,0.3812699412948386,0.3812699412948386,0.3812699412948386
03320000,2.255341494966317,2.4735184501348426,1.3572088082974532,1.7495626146803187,1.7495626146803187,2.255341494966317,2.907335362699394,2.255341494966317,2.255341494966317,2.255341494966317
03353500,0.049999999999999996,0.0499999999999999,0.0499999999999999,0.049999999999999996,0.049999999999999996,0.049999999999999996,0.049999999999999996,0.049999999999999996,0.049999999999999996,0.049999999999999996
03504000,0.049999999999999996,0.0499999999999999,0.0499999999999999,0.049999999999999996,0.049999999999999996,0.049999999999999996,0.049999999999999996,0.049999999999999996,0.049999999999999996,0.049999999999999996
05292000,2.907335362699394,2.7337569589689847,4.831264020091606,3.7478133267479543,2.907335362699394,2.255341494966317,2.907335362699394,2.255341494966317,2.907335362699394,3.7478133267479543
05356000,0.8167347399191549,0.8230437709755064,0.4914907944250637,0.049999999999999996,0.049999999999999996,0.8167347399191549,0.22943883390578768,0.8167347399191549,1.0528435700809526,1.0528435700809526
05360500,0.049999999999999996,0.0499999999999999,0.0499999999999999,0.049999999999999996,0.049999999999999996,0.049999999999999996,0.049999999999999996,0.049999999999999996,0.049999999999999996,0.049999999999999996
05369000,0.1380706234676368,0.123019152626209,0.0499999999999999,0.08308749107646611,0.08308749107646611,0.1071071505329564,0.1380706234676368,0.1779852882826546,0.1380706234676368,0.08308749107646611
05391000,1.3572088082974532,1.3572088082974532,0.8167347399191549,1.0528435700809526,1.0528435700809526,0.8167347399191549,1.3572088082974532,8.028352123148267,0.8167347399191549,2.255341494966317
05398000,0.049999999999999996,0.0499999999999999,0.0499999999999999,0.049999999999999996,0.049999999999999996,0.049999999999999996,0.049999999999999996,0.049999999999999996,0.049999999999999996,0.049999999999999996
05464500,1.3572088082974532,1.5000005454800225,1.0528435700809526,1.3572088082974532,1.3572088082974532,1.7495626146803187,1.3572088082974532,1.3572088082974532,1.3572088082974532,1.3572088082974532
05483600,0.049999999999999996,0.0499999999999999,0.0499999999999999,0.049999999999999996,0.049999999999999996,0.049999999999999996,0.049999999999999996,0.049999999999999996,0.049999999999999996,0.049999999999999996
05592000,13.341112707816194,13.54802097883164,28.578571341464123,10.349258453288162,13.341112707816194,13.341112707816194,13.341112707816194,13.341112707816194,10.349258453288162,10.349258453288162
05593000,10.349258453288162,11.09139993987274,22.169591661216124,10.349258453288162,13.341112707816194,10.349258453288162,13.341112707816194,10.349258453288162,10.349258453288162,10.349258453288162
05014500,0.3812699412948386,0.3345185499189325,0.4914907944250637,0.3812699412948386,0.3812699412948386,0.29576702103854635,0.29576702103854635,0.3812699412948386,0.3812699412948386,0.29576702103854635
06020600,0.4914907944250637,0.499113360302565,0.4914907944250637,0.6335752569011934,0.6335752569011934,0.3812699412948386,0.4914907944250637,0.4914907944250637,0.6335752569011934,0.4914907944250637
06038500,101.73130517833805,100.17764295006997,6.227928126848629,8.028352123148267,101.73130517833805,22.169591661216124,4.831264020091606,78.91722325860573,61.21938685374067,61.21938685374067
06224000,0.049999999999999996,0.0499999999999999,28.578571341464123,0.049999999999999996,0.049999999999999996,0.049999999999999996,0.049999999999999996,0.049999999999999996,0.049999999999999996,0.049999999999999996
06225000,17.19787838771242,18.28984827490192,217.9230043530077,22.169591661216124,17.19787838771242,22.169591661216124,17.19787838771242,22.169591661216124,22.169591661216124,22.169591661216124
06259000,17.19787838771242,16.548756102736657,22.169591661216124,13.341112707816194,22.169591661216124,17.19787838771242,17.19787838771242,17.19787838771242,28.578571341464123,17.19787838771242
06409000,0.049999999999999996,0.0499999999999999,1.0528435700809526,0.049999999999999996,0.049999999999999996,0.049999999999999996,0.049999999999999996,0.049999999999999996,0.049999999999999996,0.049999999999999996
06410500,0.049999999999999996,0.0499999999999999,1.7495626146803187,0.049999999999999996,0.049999999999999996,0.049999999999999996,0.049999999999999996,0.049999999999999996,0.049999999999999996,0.049999999999999996
06411500,2.255341494966317,2.238053204797307,2.907335362699394,2.907335362699394,2.907335362699394,1.7495626146803187,2.255341494966317,2.907335362699394,2.907335362699394,2.255341494966317
06903900,28.578571341464123,27.28909244083064,13.341112707816194,28.578571341464123,28.578571341464123,28.578571341464123,36.84031498640386,28.578571341464123,28.578571341464123,28.578571341464123
06906200,3.7478133267479543,3.3392535506715952,3.7478133267479534,2.907335362699394,2.907335362699394,2.907335362699394,3.7478133267479543,3.7478133267479543,3.7478133267479543,3.7478133267479543
06912500,10.349258453288162,10.0355601470317,10.349258453288162,10.349258453288162,10.349258453288162,10.349258453288162,10.349258453288162,10.349258453288162,8.028352123148267,8.028352123148267
06921350,13.341112707816194,12.2583244805319,13.341112707816194,10.349258453288162,10.349258453288162,10.349258453288162,13.341112707816194,13.341112707816194,13.341112707816194,13.341112707816194
07124410,0.06445443781325927,0.0675000736398298,0.6335752569011934,0.22943883390578768,0.22943883390578768,0.1071071505329564,0.1380706234676368,0.049999999999999996,0.049999999999999996,0.049999999999999996
07195500,0.049999999999999996,0.0499999999999999,0.0499999999999999,0.049999999999999996,0.049999999999999996,0.049999999999999996,0.049999999999999996,0.049999999999999996,0.049999999999999996,0.049999999999999996
07198000,10.349258453288162,11.09139993987274,13.341112707816194,10.349258453288162,10.349258453288162,10.349258453288162,10.349258453288162,10.349258453288162,10.349258453288162,10.349258453288162
07206000,0.049999999999999996,0.0499999999999999,22.169591661216124,0.049999999999999996,0.049999999999999996,0.049999999999999996,0.049999999999999996,0.049999999999999996,0.049999999999999996,0.049999999999999996
07339000,3.7478133267479543,3.3392535506715952,3.7478133267479534,3.7478133267479543,3.7478133267479543,3.7478133267479543,2.907335362699394,2.907335362699394,2.907335362699394,3.7478133267479543
08177500,0.049999999999999996,0.0499999999999999,0.0499999999999999,0.049999999999999996,0.049999999999999996,0.049999999999999996,0.049999999999999996,0.049999999999999996,0.049999999999999996,0.049999999999999996
08245000,1.7495626146803187,1.5000005454800225,775.7417750638455,1.7495626146803187,2.255341494966317,0.29576702103854635,0.3812699412948386,1.3572088082974532,1.7495626146803187,1.3572088082974532
08285500,0.22943883390578768,0.2477912481280187,1.7495626146803187,0.3812699412948386,0.3812699412948386,0.1779852882826546,0.049999999999999996,0.1779852882826546,0.22943883390578768,0.1779852882826546
08287000,17.19787838771242,16.548756102736657,280.9220946429914,13.341112707816194,17.19787838771242,13.341112707816194,13.341112707816194,13.341112707816194,13.341112707816194,17.19787838771242
08317950,0.049999999999999996,0.0499999999999999,0.0499999999999999,0.049999999999999996,0.049999999999999996,0.049999999999999996,0.049999999999999996,0.049999999999999996,0.049999999999999996,0.049999999999999996
08382830,17.19787838771242,16.548756102736657,362.1335135907445,10.349258453288162,10.349258453288162,10.349258453288162,17.19787838771242,22.169591661216124,13.341112707816194,10.349258453288162
08384500,36.84031498640386,33.33332121155943,1000.0,22.169591661216124,36.84031498640386,22.169591661216124,22.169591661216124,28.578571341464123,28.578571341464123,28.578571341464123
08390500,0.049999999999999996,0.0499999999999999,0.0499999999999999,0.049999999999999996,0.049999999999999996,0.049999999999999996,0.049999999999999996,0.049999999999999996,0.049999999999999996,0.049999999999999996
08390800,3.7478133267479543,3.3392535506715952,1.3572088082974532,2.907335362699394,2.907335362699394,3.7478133267479543,1.7495626146803187,2.907335362699394,2.907335362699394,3.7478133267479543
09038500,61.21938685374067,54.96703669176199,28.578571341464123,13.341112707816194,101.73130517833805,17.19787838771242,13.341112707816194,17.19787838771242,36.84031498640386,36.84031498640386
09050700,3.7478133267479543,3.6905759208760776,8.028352123148267,4.831264020091606,4.831264020091606,3.7478133267479543,4.831264020091606,3.7478133267479543,3.7478133267479543,3.7478133267479543
09057500,13.341112707816194,14.973406254204296,1.3572088082974532,13.341112707816194,17.19787838771242,22.169591661216124,17.19787838771242,13.341112707816194,17.19787838771242,22.169591661216124
09109000,17.19787838771242,16.548756102736657,47.49043582624104,17.19787838771242,17.19787838771242,17.19787838771242,17.19787838771242,22.169591661216124,17.19787838771242,17.19787838771242
09128000,10.349258453288162,10.0355601470317,36.84031498640386,8.028352123148267,10.349258453288162,8.028352123148267,13.341112707816194,10.349258453288162,10.349258453288162,8.028352123148267
09211200,6.227928126848629,6.726089291567339,28.578571341464123,6.227928126848629,8.028352123148267,8.028352123148267,8.028352123148267,6.227928126848629,6.227928126848629,8.028352123148267
09291000,4.831264020091606,4.507997211447923,280.9220946429914,4.831264020091606,6.227928126848629,8.028352123148267,6.227928126848629,6.227928126848629,6.227928126848629,8.028352123148267
09426000,13.341112707816194,12.2583244805319,3.7478133267479534,10.349258453288162,13.341112707816194,10.349258453288162,10.349258453288162,13.341112707816194,13.341112707816194,13.341112707816194
09510000,0.22943883390578768,0.2028600220565287,0.4914907944250637,0.1380706234676368,0.1380706234676368,0.6335752569011934,0.1779852882826546,0.22943883390578768,0.22943883390578768,0.22943883390578768
10020300,2.907335362699394,3.0213751226735086,10.349258453288162,2.907335362699394,2.907335362699394,2.255341494966317,2.907335362699394,2.907335362699394,2.907335362699394,2.907335362699394
10134500,0.8167347399191549,0.8230437709755064,22.169591661216124,1.7495626146803187,1.7495626146803187,0.8167347399191549,0.4914907944250637,0.29576702103854635,1.3572088082974532,1.0528435700809526
10293000,0.4914907944250637,0.5516250028242758,8.028352123148267,0.6335752569011934,0.6335752569011934,0.4914907944250637,0.6335752569011934,0.6335752569011934,0.1071071505329564,0.29576702103854635
10337500,22.169591661216124,20.214120495957587,61.21938685374067,13.341112707816194,22.169591661216124,22.169591661216124,28.578571341464123,22.169591661216124,22.169591661216124,17.19787838771242
10340500,0.8167347399191549,0.8230437709755064,0.4914907944250637,0.8167347399191549,0.8167347399191549,0.3812699412948386,1.0528435700809526,0.8167347399191549,1.0528435700809526,1.0528435700809526
10344400,6.227928126848629,6.085802874817648,61.21938685374067,6.227928126848629,4.831264020091606,10.349258453288162,8.028352123148267,3.7478133267479543,4.831264020091606,3.7478133267479543
10344500,10.349258453288162,9.080230449777323,17.19787838771242,13.341112707816194,10.349258453288162,13.341112707816194,4.831264020091606,8.028352123148267,8.028352123148267,10.349258453288162
12086500,1.7495626146803187,1.832233890094076,2.907335362699394,2.255341494966317,2.255341494966317,1.7495626146803187,2.255341494966317,1.7495626146803187,2.255341494966317,2.255341494966317
12106700,0.049999999999999996,0.0499999999999999,0.0644544378132592,0.049999999999999996,0.049999999999999996,0.049999999999999996,0.1779852882826546,0.049999999999999996,0.08308749107646611,0.049999999999999996
12116500,3.7478133267479543,4.078860865480238,13.341112707816194,3.7478133267479543,3.7478133267479543,3.7478133267479543,3.7478133267479543,3.7478133267479543,3.7478133267479543,3.7478133267479543
12342500,0.3812699412948386,0.4086106674250927,0.8167347399191549,0.29576702103854635,0.29576702103854635,0.29576702103854635,0.6335752569011934,0.3812699412948386,0.4914907944250637,0.4914907944250637
12362500,131.14068166557783,135.239965523886,4.831264020091606,22.169591661216124,131.14068166557783,362.13351359074454,169.05197822404836,131.14068166557783,131.14068166557783,101.73130517833805
12433000,4.831264020091606,4.507997211447923,6.227928126848629,4.831264020091606,4.831264020091606,4.831264020091606,4.831264020091606,4.831264020091606,4.831264020091606,4.831264020091606
12452500,22.169591661216124,20.214120495957587,22.169591661216124,17.19787838771242,17.19787838771242,17.19787838771242,22.169591661216124,22.169591661216124,22.169591661216124,22.169591661216124
13032500,6.227928126848629,6.726089291567339,362.1335135907445,4.831264020091606,6.227928126848629,4.831264020091606,8.028352123148267,6.227928126848629,6.227928126848629,6.227928126848629
13039500,0.049999999999999996,0.0499999999999999,101.73130517833803,0.049999999999999996,0.049999999999999996,0.049999999999999996,0.049999999999999996,0.049999999999999996,0.049999999999999996,0.049999999999999996
13042500,0.8167347399191549,0.8230437709755064,78.91722325860573,1.0528435700809526,1.0528435700809526,0.049999999999999996,1.3572088082974532,0.6335752569011934,1.3572088082974532,1.3572088082974532
13046000,1.3572088082974532,1.5000005454800225,1.7495626146803187,1.3572088082974532,1.3572088082974532,1.7495626146803187,1.3572088082974532,1.3572088082974532,1.7495626146803187,1.7495626146803187
13147900,0.049999999999999996,0.0499999999999999,2.255341494966317,0.049999999999999996,0.049999999999999996,0.049999999999999996,0.049999999999999996,0.049999999999999996,0.049999999999999996,0.049999999999999996
13174500,0.049999999999999996,0.0499999999999999,2.255341494966317,0.049999999999999996,0.049999999999999996,0.049999999999999996,0.049999999999999996,0.049999999999999996,0.049999999999999996,0.06445443781325927
13190500,2.907335362699394,3.3392535506715952,8.028352123148267,2.907335362699394,2.907335362699394,2.907335362699394,4.831264020091606,3.7478133267479543,3.7478133267479543,3.7478133267479543
13202000,8.028352123148267,7.433740147144077,169.05197822404836,6.227928126848629,6.227928126848629,10.349258453288162,4.831264020091606,6.227928126848629,8.028352123148267,8.028352123148267
13215000,0.4914907944250637,0.5516250028242758,2.907335362699394,0.6335752569011934,0.6335752569011934,0.4914907944250637,0.8167347399191549,1.3572088082974532,0.4914907944250637,1.3572088082974532
13217500,0.049999999999999996,0.0499999999999999,0.4914907944250637,0.1071071505329564,0.1071071505329564,0.049999999999999996,0.049999999999999996,0.1380706234676368,0.29576702103854635,0.6335752569011934
13236500,4.831264020091606,5.506468175730727,169.05197822404836,2.907335362699394,2.907335362699394,2.907335362699394,4.831264020091606,10.349258453288162,6.227928126848629,6.227928126848629
13239000,0.049999999999999996,0.0499999999999999,4.831264020091606,0.049999999999999996,0.049999999999999996,0.049999999999999996,0.049999999999999996,0.049999999999999996,0.049999999999999996,0.049999999999999996
13240000,0.049999999999999996,0.0499999999999999,0.0499999999999999,0.049999999999999996,0.049999999999999996,0.049999999999999996,0.049999999999999996,0.049999999999999996,0.049999999999999996,0.049999999999999996
13245000,36.84031498640386,36.84031498640386,4.831264020091606,28.578571341464123,36.84031498640386,28.578571341464123,36.84031498640386,36.84031498640386,36.84031498640386,36.84031498640386
13249500,0.049999999999999996,0.0499999999999999,2.907335362699394,0.049999999999999996,0.049999999999999996,0.049999999999999996,0.049999999999999996,0.049999999999999996,0.049999999999999996,0.049999999999999996
14138850,0.049999999999999996,0.0499999999999999,0.0499999999999999,0.049999999999999996,0.049999999999999996,0.049999999999999996,0.049999999999999996,0.049999999999999996,0.049999999999999996,0.049999999999999996
14140000,0.049999999999999996,0.0499999999999999,0.0644544378132592,0.049999999999999996,0.049999999999999996,0.049999999999999996,0.049999999999999996,0.049999999999999996,0.049999999999999996,0.049999999999999996
14140001,0.049999999999999996,0.0499999999999999,0.0644544378132592,0.049999999999999996,0.049999999999999996,0.049999999999999996,0.049999999999999996,0.049999999999999996,0.049999999999999996,0.049999999999999996
14145500,0.6335752569011934,0.6096613874579919,2.255341494966317,0.29576702103854635,0.29576702103854635,0.08308749107646611,1.0528435700809526,0.4914907944250637,0.8167347399191549,0.8167347399191549
14150000,1.7495626146803187,1.6578153801277449,6.227928126848629,1.7495626146803187,1.7495626146803187,1.3572088082974532,1.7495626146803187,1.7495626146803187,1.7495626146803187,1.7495626146803187
14151000,0.4914907944250637,0.499113360302565,10.349258453288162,0.4914907944250637,0.4914907944250637,0.29576702103854635,0.3812699412948386,0.4914907944250637,0.29576702103854635,0.3812699412948386
14153500,0.22943883390578768,0.2477912481280187,0.0644544378132592,0.1779852882826546,0.1779852882826546,0.1380706234676368,0.29576702103854635,0.22943883390578768,0.1779852882826546,0.22943883390578768
14155500,1.7495626146803187,1.832233890094076,0.4914907944250637,1.7495626146803187,1.7495626146803187,1.7495626146803187,2.255341494966317,1.7495626146803187,1.7495626146803187,1.7495626146803187
14159500,0.4914907944250637,0.499113360302565,6.227928126848629,0.8167347399191549,0.8167347399191549,0.4914907944250637,0.4914907944250637,0.6335752569011934,0.6335752569011934,0.4914907944250637
14162200,0.8167347399191549,0.9096360839021465,6.227928126848629,1.0528435700809526,1.0528435700809526,0.8167347399191549,0.8167347399191549,0.8167347399191549,0.8167347399191549,0.8167347399191549
14169000,2.255341494966317,2.02500294559373,17.19787838771242,2.255341494966317,2.255341494966317,1.7495626146803187,1.7495626146803187,2.255341494966317,1.7495626146803187,1.7495626146803187
14181500,2.255341494966317,2.02500294559373,13.341112707816194,2.255341494966317,2.255341494966317,1.7495626146803187,2.255341494966317,2.255341494966317,2.255341494966317,2.255341494966317
14208700,8.028352123148267,7.433740147144077,22.169591661216124,6.227928126848629,6.227928126848629,6.227928126848629,6.227928126848629,6.227928126848629,8.028352123148267,8.028352123148267
14210000,0.1380706234676368,0.1502665190700079,0.1071071505329564,0.1380706234676368,0.1380706234676368,0.1380706234676368,0.1380706234676368,0.1380706234676368,0.1380706234676368,0.1071071505329564
14220500,1.7495626146803187,1.832233890094076,6.227928126848629,1.7495626146803187,1.7495626146803187,2.255341494966317,2.255341494966317,1.7495626146803187,1.7495626146803187,1.7495626146803187
14238000,6.227928126848629,6.085802874817648,13.341112707816194,4.831264020091606,4.831264020091606,6.227928126848629,6.227928126848629,6.227928126848629,6.227928126848629,6.227928126848629
14313500,0.049999999999999996,0.0499999999999999,1.7495626146803187,0.049999999999999996,0.049999999999999996,0.049999999999999996,0.049999999999999996,0.049999999999999996,0.049999999999999996,0.049999999999999996
14362000,0.22943883390578768,0.2242028948534444,0.0644544378132592,0.1380706234676368,0.1380706234676368,0.29576702103854635,0.1779852882826546,0.22943883390578768,0.1779852882826546,0.22943883390578768
11085000,0.049999999999999996,0.0499999999999999,0.0499999999999999,0.049999999999999996,0.049999999999999996,0.049999999999999996,0.049999999999999996,0.049999999999999996,0.049999999999999996,0.049999999999999996
11097000,0.049999999999999996,0.0499999999999999,0.0499999999999999,0.049999999999999996,0.049999999999999996,0.049999999999999996,0.049999999999999996,0.049999999999999996,0.049999999999999996,0.049999999999999996
11109800,280.9220946429914,246.4753749561706,169.05197822404836,78.91722325860573,217.92300435300774,47.49043582624104,36.84031498640386,78.91722325860573,47.49043582624104,169.05197822404836
11123000,0.049999999999999996,0.0499999999999999,0.0499999999999999,0.049999999999999996,0.049999999999999996,0.049999999999999996,0.049999999999999996,0.049999999999999996,0.049999999999999996,0.049999999999999996
11149400,6.227928126848629,6.085802874817648,1.7495626146803187,6.227928126848629,6.227928126848629,6.227928126848629,4.831264020091606,6.227928126848629,10.349258453288162,8.028352123148267
11176400,0.049999999999999996,0.0499999999999999,0.0499999999999999,0.049999999999999996,0.049999999999999996,0.049999999999999996,0.049999999999999996,0.049999999999999996,0.049999999999999996,0.049999999999999996
11176500,0.8167347399191549,0.8230437709755064,1.7495626146803187,0.8167347399191549,0.8167347399191549,0.8167347399191549,0.8167347399191549,0.8167347399191549,0.8167347399191549,0.8167347399191549
11214600,101.73130517833805,110.71731788899106,1000.0,47.49043582624104,101.73130517833805,47.49043582624104,169.05197822404836,131.14068166557783,101.73130517833805,101.73130517833805
11231500,4.831264020091606,4.9822829286503625,8.028352123148267,2.907335362699394,2.907335362699394,17.19787838771242,1.0528435700809526,8.028352123148267,8.028352123148267,10.349258453288162
11231600,3.7478133267479543,3.3392535506715952,1.3572088082974532,2.907335362699394,2.907335362699394,4.831264020091606,3.7478133267479543,2.255341494966317,4.831264020091606,3.7478133267479543
11234760,0.049999999999999996,0.0499999999999999,0.0499999999999999,0.049999999999999996,0.049999999999999996,0.049999999999999996,0.049999999999999996,0.049999999999999996,0.049999999999999996,0.049999999999999996
11242000,0.049999999999999996,0.0499999999999999,0.0499999999999999,0.049999999999999996,0.049999999999999996,0.049999999999999996,0.049999999999999996,0.049999999999999996,0.049999999999999996,0.049999999999999996
11270900,22.169591661216124,24.69132210834388,61.21938685374067,22.169591661216124,22.169591661216124,22.169591661216124,22.169591661216124,28.578571341464123,28.578571341464123,28.578571341464123
11276500,1.7495626146803187,1.5000005454800225,10.349258453288162,2.255341494966317,2.255341494966317,1.7495626146803187,1.3572088082974532,1.3572088082974532,0.4914907944250637,0.3812699412948386
11277300,8.028352123148267,8.215842844153594,2.907335362699394,10.349258453288162,8.028352123148267,8.028352123148267,6.227928126848629,10.349258453288162,10.349258453288162,10.349258453288162
11278000,0.049999999999999996,0.0499999999999999,0.0644544378132592,0.22943883390578768,0.22943883390578768,0.4914907944250637,0.08308749107646611,0.049999999999999996,0.1380706234676368,0.29576702103854635
11289650,8.028352123148267,7.433740147144077,47.49043582624104,10.349258453288162,10.349258453288162,17.19787838771242,8.028352123148267,8.028352123148267,10.349258453288162,8.028352123148267
11292900,0.049999999999999996,0.0499999999999999,1.7495626146803187,0.049999999999999996,0.049999999999999996,0.049999999999999996,0.049999999999999996,0.049999999999999996,0.049999999999999996,0.049999999999999996
11302000,169.05197822404836,149.46854221422706,47.49043582624104,17.19787838771242,101.73130517833805,17.19787838771242,22.169591661216124,22.169591661216124,22.169591661216124,17.19787838771242
11314500,0.049999999999999996,0.0499999999999999,0.8167347399191549,0.22943883390578768,0.22943883390578768,0.22943883390578768,0.049999999999999996,0.22943883390578768,0.1779852882826546,0.4914907944250637
11319500,0.049999999999999996,0.0499999999999999,0.0499999999999999,0.049999999999999996,0.049999999999999996,0.049999999999999996,0.049999999999999996,0.049999999999999996,0.049999999999999996,0.049999999999999996
11323500,10.349258453288162,10.0355601470317,22.169591661216124,10.349258453288162,13.341112707816194,8.028352123148267,10.349258453288162,10.349258453288162,10.349258453288162,10.349258453288162
11399500,28.578571341464123,27.28909244083064,13.341112707816194,61.21938685374067,28.578571341464123,28.578571341464123,36.84031498640386,28.578571341464123,22.169591661216124,28.578571341464123
11400500,0.08308749107646611,0.0911251988276491,0.0499999999999999,0.08308749107646611,0.08308749107646611,0.1071071505329564,0.08308749107646611,0.08308749107646611,0.08308749107646611,0.08308749107646611
11407000,0.6335752569011934,0.7446945662441998,3.7478133267479534,0.8167347399191549,0.8167347399191549,0.6335752569011934,0.8167347399191549,0.6335752569011934,0.6335752569011934,0.6335752569011934
11414250,0.049999999999999996,0.0499999999999999,1.7495626146803187,0.049999999999999996,0.049999999999999996,0.049999999999999996,0.049999999999999996,0.049999999999999996,0.049999999999999996,0.049999999999999996
11422500,0.22943883390578768,0.2242028948534444,0.0499999999999999,0.22943883390578768,0.22943883390578768,0.4914907944250637,0.22943883390578768,0.22943883390578768,0.22943883390578768,0.22943883390578768
11424000,0.29576702103854635,0.3026742382574106,0.0644544378132592,0.22943883390578768,0.22943883390578768,0.22943883390578768,0.29576702103854635,0.29576702103854635,0.3812699412948386,0.29576702103854635
11427000,0.049999999999999996,0.0499999999999999,0.0499999999999999,0.049999999999999996,0.049999999999999996,0.049999999999999996,0.049999999999999996,0.049999999999999996,0.049999999999999996,0.049999999999999996
11428800,0.1071071505329564,0.1007124674646909,0.1380706234676368,0.1071071505329564,0.1071071505329564,0.08308749107646611,0.08308749107646611,0.1071071505329564,0.1071071505329564,0.1071071505329564
11443500,0.08308749107646611,0.0824505850210634,0.6335752569011934,0.08308749107646611,0.08308749107646611,0.049999999999999996,0.08308749107646611,0.1071071505329564,0.08308749107646611,0.1071071505329564
11446500,1.0528435700809526,1.2280100529768272,2.907335362699394,1.3572088082974532,1.3572088082974532,1.3572088082974532,1.0528435700809526,1.3572088082974532,1.3572088082974532,1.0528435700809526
11451000,6.227928126848629,5.506468175730727,47.49043582624104,4.831264020091606,4.831264020091606,4.831264020091606,4.831264020091606,4.831264020091606,6.227928126848629,6.227928126848629
11454000,2.907335362699394,3.3392535506715952,6.227928126848629,1.3572088082974532,1.3572088082974532,2.907335362699394,3.7478133267479543,3.7478133267479543,4.831264020091606,4.831264020091606
11461500,0.049999999999999996,0.0499999999999999,0.0499999999999999,0.049999999999999996,0.049999999999999996,0.049999999999999996,0.049999999999999996,0.049999999999999996,0.049999999999999996,0.049999999999999996
11462000,4.831264020091606,5.506468175730727,1.7495626146803187,6.227928126848629,6.227928126848629,4.831264020091606,4.831264020091606,8.028352123148267,4.831264020091606,4.831264020091606
11470500,0.6335752569011934,0.6096613874579919,0.1071071505329564,0.6335752569011934,0.6335752569011934,0.6335752569011934,0.6335752569011934,0.6335752569011934,0.6335752569011934,0.6335752569011934
11480390,0.049999999999999996,0.0499999999999999,0.0499999999999999,0.049999999999999996,0.049999999999999996,0.049999999999999996,0.049999999999999996,0.049999999999999996,0.049999999999999996,0.049999999999999996
11480410,0.1779852882826546,0.1835488724428621,1.7495626146803187,0.29576702103854635,0.29576702103854635,0.1779852882826546,0.1380706234676368,0.22943883390578768,0.1779852882826546,0.1779852882826546
11507500,1.3572088082974532,1.3572088082974532,8.028352123148267,0.8167347399191549,0.8167347399191549,1.7495626146803187,1.0528435700809526,1.7495626146803187,1.3572088082974532,1.3572088082974532
11525500,4.831264020091606,5.506468175730727,4.831264020091606,4.831264020091606,4.831264020091606,4.831264020091606,4.831264020091606,6.227928126848629,6.227928126848629,6.227928126848629
