STAID,twin,fitted,fa_nopool,z0.05,z1,z5,z20,off_L2_te,off_L2_tr,off_z0.05_te,off_z0.05_tr,off_z1_te,off_z1_tr,off_z5_te,off_z5_tr,off_z20_te,off_z20_tr,off_fitted_te,off_fitted_tr
14150000,0.5097026764249573,0.5279006103285286,0.4961637003828272,0.4972153387125925,0.5126127413395086,0.5271466187460225,0.5151187774036965,0.5012314998965958,0.45706319791467154,0.4912423566356159,0.4561945474859328,0.5035939964206595,0.46036328484596756,0.5235705499155756,0.4651174160959616,0.5213945786656795,0.4571719619415219,0.522330152189932,0.466550555250815
14153500,0.7125549004934384,0.7253674722144734,0.6967181662940058,0.6971170646445155,0.7050231890564043,0.7206703434765127,0.7191774008951632,0.7128924320852958,0.6551156247213769,0.6967205017129826,0.6532225907110222,0.7045671061086236,0.657996080670386,0.7199519217449379,0.672056251292407,0.7179761452695428,0.6703492467382886,0.7244609306213499,0.6751231929267723
14155500,0.7162880090904129,0.7419624669850411,0.6635011461739337,0.6643197482688348,0.6804309575056,0.7324939073799585,0.7441309534902809,0.7073252435832822,0.6761832509567735,0.6563060774937852,0.6557038278932124,0.672916765211885,0.6701742807909145,0.7250784175828456,0.703570121326029,0.7440337648644519,0.7282644848917585,0.7418572333122273,0.7283773037165482
14169000,0.6168383649962484,0.6842792914393886,0.532936345793839,0.5334113090696859,0.5433439902266637,0.583430662694054,0.6753918718513494,0.6082591282944638,0.6166315965682537,0.5263269659520763,0.601671380391753,0.5362413743125445,0.6071940905720781,0.5755324153463826,0.6256640765409127,0.6678180071912752,0.6574923337955803,0.6784452953552539,0.6576628740007149
14362000,0.6673487337322715,0.6680602735973955,0.6639958470150178,0.6641259243782169,0.6657641751058572,0.6688294756225464,0.6637436403910514,0.6638374147889421,0.6609441072558557,0.66062034257463,0.6607588995861815,0.6624949327684777,0.6617362155897144,0.6667879936535748,0.6633463161487937,0.6626255799295475,0.65719010138697,0.6658270268882966,0.663694561160761
11407000,0.46157244981341783,0.4431342401823184,0.45809412544345673,0.4581408489729619,0.459756106020741,0.4658367341455313,0.4489238662343963,0.4593279497433306,0.5705319498284062,0.45508135226671376,0.5692484947229439,0.45680284110568226,0.5705097518131698,0.4629058535075472,0.575913957275878,0.45025777784659926,0.5911740579038255,0.4458224088681415,0.5916069273173732
11176500,0.3731432625799891,0.4630933319836772,0.3624737161623006,0.3625039798336739,0.36329312588544416,0.36774973364233776,0.3881841828441488,0.3562228237911861,0.6220058117078733,0.3440841818398719,0.6213160877226143,0.34492915040359096,0.6216429227886593,0.34962978201109185,0.6233603196538644,0.37178290025280814,0.6277043285639041,0.44833261477223774,0.6380232717066705
14145500,0.4416779348758658,0.471515773899711,0.43215413348326026,0.4328361592702502,0.44620202349949134,0.471517332979716,0.4752979898523422,0.44243849144496095,0.372418403129514,0.4324013546997183,0.3714400373467922,0.44561592273615835,0.37507379619807546,0.47218169203372395,0.3808096024061871,0.4758832625614001,0.3743920159666463,0.47206331866037565,0.3809337419456561
14151000,0.41152873328458994,0.4678847553948863,0.4028476280954485,0.40326799656845647,0.41063913040026934,0.43716789233656006,0.46921503572674295,0.4145510297165981,0.38884796378554254,0.40608259477178743,0.38842159521505615,0.41292513559571564,0.3913080096153404,0.438586988131871,0.39763776343298585,0.4694928304459809,0.3971333798154637,0.4685250301795052,0.3971333798154637
14159500,0.4223884054167011,0.4285929632642884,0.41633218734886956,0.4169867549848636,0.4257746220294676,0.4266391144458752,0.3828799040326819,0.42070232399276974,0.29766648601341383,0.41581094353396164,0.2973176870883305,0.42467209431696407,0.3008941411968712,0.4262471337017236,0.3017094273348998,0.38302503276493616,0.27179531201706186,0.4282299662836986,0.3033060929773963
14162200,0.3818795763145799,0.39387501882590314,0.35716168475872134,0.35800828377599614,0.3736769003666818,0.40931077294181806,0.4153087681217059,0.382146307610685,0.38292672544378836,0.3614261427865342,0.3771480826401391,0.37676367267174116,0.3941484226288451,0.4098836646652967,0.4073514532952215,0.4148599932766617,0.40159915383704925,0.3959254463055324,0.40773894182100867
14181500,0.4682789223753071,0.48286224103713404,0.454058802366903,0.45499062199030127,0.4691123027183338,0.4891323418182296,0.4732428840878655,0.4607693107110781,0.40672367852484825,0.44858673336456345,0.40497210697615005,0.46325656013000704,0.416326555967628,0.4844939495297811,0.41470577868407266,0.46992274995934025,0.41470577868407266,0.47735707556866647,0.41970779171800776
11097000,0.661404458769266,0.6591896812598239,0.661404458769266,0.6614046412579353,0.6608895227088408,0.6562882262510564,0.6313973450502414,0.6599693622201213,0.8910700165385378,0.6599649940883033,0.8910617791904557,0.6596248122084198,0.8910264910198282,0.6549136110539482,0.890563358946602,0.6314732267542058,0.8897268233480452,0.65795139424739,0.8912128622610853
12106700,0.6614184621381691,0.7979667263581226,0.6614184621381691,0.6615828122482397,0.6679121133626651,0.7109739972110625,0.8086075631221421,0.6443076495152793,0.7982869645990918,0.644735256928165,0.7984755215850067,0.6529705331543507,0.8011302886658016,0.7012377638457072,0.8086052779218764,0.8014391670756422,0.8197427239083417,0.7903382379929756,0.8197427239083417
13217500,0.39542278335626746,0.4000973598554647,0.39542278335626746,0.395573463739302,0.3984186937727059,0.40522727561143623,0.39809398823267705,0.3939122087058735,0.6000344352378398,0.39407752116353034,0.6001165807777182,0.3970385829472931,0.6011928141080811,0.4039920271617231,0.5953906089095364,0.39679692107426656,0.5280060509949545,0.3987483662130257,0.6014799668608743
13190500,0.4267403840437791,0.4462175086885537,0.42207750727854987,0.4221789550361148,0.42529173009266086,0.43672065128071325,0.43422209196558437,0.4278506415896084,0.5954892879493892,0.42305051009205863,0.5948359890334123,0.42611914729208633,0.5970739571999554,0.43757955420287553,0.6042801306206713,0.4354783488073253,0.5970799875702144,0.44735629019413825,0.6109698281679226
13202000,0.4339279833123588,0.4396618127014428,0.4316273907266559,0.43174576552556987,0.43436202817677594,0.44040880852542474,0.4063974168323602,0.4347970249018832,0.6188702637583066,0.4308395158864863,0.6161507482358182,0.432770094787174,0.6189238474049563,0.43755854417969686,0.6282215575531795,0.42532819826397716,0.6060262410448354,0.4379336691527863,0.6321192381736043
09426000,0.4321537099055275,0.46920680819697314,0.4577568321862897,0.45776949388934896,0.45805551185408144,0.45965944107937573,0.4664464238754965,0.44597045979397454,0.4795417458450707,0.4629269628418484,0.4490434414779878,0.46329112613552825,0.4494168852958499,0.46484892850566883,0.45150054914734006,0.472873341366397,0.4581788116321107,0.4859624879870371,0.5243065728481898
12362500,0.030191410525902684,0.030187405832633574,0.030187405832633574,0.030187405832633574,0.030187405832633574,0.030187405832633574,0.030187405832633574,0.03143429972148426,0.01625652791791743,0.031434553560381606,0.01625652791852006,0.031434553560381606,0.01625652791852006,0.031434553560381606,0.01625652791852006,0.031434553560381606,0.01625652791852006,0.031434553560381606,0.01625652791852006
13032500,0.49455552837257466,0.4954415123624625,0.493784790231632,0.4937915839653241,0.4941061840265807,0.49589523395383317,0.49280826640240805,0.4955037571043157,0.5264812521385553,0.49462998530406177,0.5258910326059099,0.49499658659395096,0.5269946202580769,0.4968289507478737,0.5287007390746037,0.4938983585069986,0.5112421116985844,0.4963588613033234,0.5290659773974207
10134500,0.30670356125821785,0.2896335206604663,0.3069841958448768,0.30708227245095365,0.3082048391570045,0.3147264168542975,0.2944046166689894,0.30653876372811495,0.27492955363348603,0.30691446133693245,0.2748420376213533,0.3078084154329659,0.2740286249950359,0.3133412694129213,0.27311846550229946,0.289409008606457,0.2671690415902781,0.2819292539256829,0.3059971964091067
06225000,0.4456093871164154,0.45578099226033186,0.4241476296523279,0.4242794088740107,0.42690804364914303,0.43807492846372253,0.4587862829157021,0.4431285203228351,0.543467905858495,0.42307824260337945,0.5322723150638122,0.42565610758999817,0.5357813157687924,0.4363124198160594,0.5481388538175218,0.4528163886347748,0.5513758239377011,0.4516827131037958,0.5622634187221305
06259000,0.5855143557963919,0.5440355061277764,0.5043244028349985,0.5044541332132636,0.5090618399263925,0.526436849165806,0.5706935516960371,0.5847510308702748,0.5217132027624816,0.44156612653814864,0.3319099481110399,0.4455282713054559,0.33467760668921775,0.4631199945279111,0.3494225979805283,0.5235695376674165,0.4498479990528895,0.555432530240664,0.7081349751202743
08245000,0.32071573895649763,0.5672871246600549,0.3235887656714319,0.32358364672181184,0.3229665293150754,0.3374587868372956,0.43774758591030694,0.32378746712708717,0.29169840080035436,0.32344265672105366,0.2879678074488311,0.3228154433380437,0.2855023733195634,0.33756920774393584,0.2931324086575725,0.43681049979388364,0.3409031479239092,0.5557650945105022,0.4384592532711331
08287000,0.25282656197015085,0.2529932357687722,0.11164760400005436,0.11210211349306964,0.12285175908591484,0.15879704433951636,0.2214695981084207,0.2565258002430354,0.27282941443931474,0.1090992725783595,0.1504348475540005,0.1200338343137487,0.15509024766074408,0.15625346707157384,0.15787706408522695,0.21907101140591023,0.18714215584453064,0.2504553909167424,0.39021447657803654
08317950,-0.11754343630294528,-0.07717258499894197,-0.11754343630294528,-0.11752064200983936,-0.11737844048062551,-0.1177753277980127,-0.11099865733854952,-0.13183447385787006,0.07624917151270594,-0.13184399442208372,0.07613358955352889,-0.13160552908737677,0.0769178103202699,-0.12932826097188088,0.07930033254177316,-0.12413260229093792,0.08596354968078013,-0.08706289444873616,0.09372290748030776
08382830,-0.1122257515248708,-0.09229818734042672,-0.22076307626397185,-0.22078694341830163,-0.21982443213201242,-0.21154349481061252,-0.16579355679301444,-0.11668700519966912,0.09535620232162523,-0.22841310628632328,0.044704643545614875,-0.2276308831569851,0.04690532015803017,-0.21955140385779615,0.05500481130638679,-0.17149049871448585,0.07655291234248618,-0.09711806295078551,0.1510444347861557
08390800,-10.598990370984003,-15.571764014329418,-17.392656726268406,-17.391763075726814,-17.366391640249237,-17.244404504704278,-16.699161511072674,-10.160755155954499,0.4656376544169293,-17.13737814520553,0.35161559034473533,-17.07580884255377,0.3605645623784921,-16.84452906751138,0.38954241924296606,-16.158420808762283,0.4664687298810054,-15.466941654138814,0.5208928925014273
07124410,0.4364945189688403,0.44811532814111366,0.4364598450888577,0.4365137625805672,0.43773982674023904,0.44199811448463056,0.44811532814111366,0.4368690782053073,0.5830649508258665,0.43683182887341143,0.5830194126961107,0.43798384758624087,0.5854423430841904,0.4422730781000562,0.5901824063361513,0.44840134060008596,0.5991513382188944,0.44840134060008596,0.6071459635843339
08384500,0.012095023354756984,-0.009304556198438174,-0.10312279783636735,-0.1031916502682646,-0.1024579255405067,-0.08871518112421195,-0.035837302101017876,0.01488358614229357,0.06728581624436347,-0.11364465957099346,0.013095129921684823,-0.11259423576218808,0.0135191984303491,-0.10801793725410724,0.009406502272052641,-0.07872748235194393,0.03134929308515921,-0.04331291085006894,0.14983303707813267
06411500,0.5126679350258112,0.5134493847695281,0.5134493847695281,0.5134493847695281,0.5134493847695281,0.5134493847695281,0.5134493847695281,0.512766872376635,0.591093740642235,0.5133950880744877,0.5894446410668817,0.5133950880744877,0.5909650736532417,0.5133950880744877,0.5949086963985306,0.5133950880744877,0.590396737822539,0.5133950880744877,0.596076706620766
06912500,0.3601578725657174,0.40288718642602195,0.3602646267570596,0.36036159674916,0.3625588852340095,0.37284793682793527,0.3969614748024638,0.3539855810482221,0.3591273771073352,0.35553061181794654,0.3491906857214562,0.35760978288506295,0.3506088756281086,0.3666883995680622,0.3586616365853518,0.3865354412328771,0.3812869524165412,0.3930018694308577,0.4033580493850806
07198000,0.5615172611461741,0.5884525718466633,0.5566649319912307,0.5568264187494351,0.5598636287430605,0.5750624375536582,0.5985912855021174,0.5595887650289497,0.567916214313348,0.5594560025256977,0.5330200489918006,0.5625699661693986,0.535937188141399,0.5765655899834534,0.5514304663141931,0.595987074834891,0.602908679204378,0.5886088488067223,0.6236946897772099
07339000,0.4884464297192612,0.49327381492806777,0.4764337342508539,0.47666061666095993,0.4836085650931957,0.5049325947242719,0.504090203416758,0.48713082729651913,0.4707300769056776,0.47531888573964487,0.4650823283260648,0.48181499070712575,0.4715975317274228,0.5024233828262071,0.4886169138698715,0.5019840686128834,0.5115361940583105,0.49120712759645413,0.516013740810383
06903900,0.5530297718244153,0.566066779780528,0.5549600280384123,0.5550299564386276,0.5560532484879569,0.5585684572276761,0.5644923263339569,0.5502119492494129,0.4713860499835677,0.5526579140598433,0.46402168950765477,0.5537542280799856,0.4648120040917155,0.5563576083771258,0.4681073265721951,0.562617583797401,0.4792689770432539,0.5642824450468433,0.48869793988891963
06921350,0.6024370526565461,0.6583061398835783,0.596915703033503,0.5971132146894331,0.6015032955653541,0.6222319112126414,0.6653226029282292,0.6030495506933935,0.5245668392215247,0.5948456241825548,0.4593811891571682,0.5998432826082878,0.4656405916874631,0.6223239214078101,0.49516999994008326,0.6698541252887822,0.5713957531465735,0.657760429030419,0.600433561119514
06906200,0.7050126289580649,0.649935236802091,0.6235076340858194,0.6238200549638182,0.6301606394913808,0.6472545114192523,0.650976450271179,0.7826580474187723,0.7891393927628263,0.7319635101982072,0.7851184143817318,0.7372118395306038,0.787590181988338,0.7514122624545359,0.7940716593667554,0.7410925597542455,0.7704075312835432,0.7530435341025589,0.7947934493752252
05593000,0.6719975275565437,0.6985295212888605,0.6834332156199246,0.6835283911377252,0.6855350028915733,0.6939794686836516,0.696272268529913,0.6829948935250203,0.683112740410176,0.6741847039154043,0.664656839457115,0.6765455315987194,0.6692802699380012,0.6864277887017993,0.6863512211722456,0.6932224415134753,0.7040347441299155,0.6926293246152332,0.7060366611040966
05592000,0.5638234330074484,0.5786831817157667,0.5650664254117861,0.5651494760034182,0.5666613086412902,0.5712257368256197,0.5836839974029253,0.5662673860655254,0.5803288837234037,0.5702555298020293,0.5700182352284828,0.5716122301723856,0.5722841014627418,0.5755080008131606,0.5829001691818207,0.5860041365561435,0.5857604573491131,0.5815672197972198,0.5910271253579911
03353500,0.8404656857949634,0.8444172144280546,0.8404656857949634,0.8406929355780695,0.8446445515121073,0.8508428281314978,0.8306762586242721,0.8416796591813531,0.8468088173746825,0.8420044728926983,0.8469851374793848,0.8459272670014383,0.8482283496848766,0.8509489931707882,0.8325905062073999,0.8297379569583843,0.794331019605029,0.8457935977636877,0.8482591014411949
03266000,0.779793103856762,0.8703157553923299,0.7391677417591224,0.7399090278623388,0.7566691173718152,0.8143807654111972,0.8704980582074883,0.7853176884493511,0.8289068197700229,0.7598108692402215,0.8199899026968145,0.7738405689417577,0.8312156210596237,0.8149250127688724,0.8562304022554896,0.8491752264202062,0.8776055417030001,0.8491233444688837,0.8776103151897895
03270000,0.8693888975240942,0.8681499498136226,0.8683909374422069,0.8690190533528372,0.8759712039947217,0.866508847787021,0.8562074194412725,0.8737863765359957,0.8446723142007762,0.8738104473121309,0.84497301167523,0.8765104022837221,0.8504068843359234,0.8647424667165442,0.8547384372501862,0.8527807438635769,0.8426047655659133,0.8669406398695685,0.8550610848468433
03272000,0.834841617834689,0.8645893135320847,0.834841617834689,0.8352024855614544,0.8442814255593116,0.8609931913777332,0.864365410875936,0.8416155932594753,0.8470706350882157,0.8420852972005328,0.8472127653391794,0.8498266874456443,0.8494713405654519,0.8625593726052135,0.8531790984130883,0.8645090520202083,0.8530242172257547,0.86475635803978,0.8530242172257547
02394000,0.2965269610490192,0.3372901329534467,0.29180759429213665,0.2922807599843371,0.3017027771324736,0.3277304196245536,0.3372901329534467,0.28541020892778357,0.3520692933650156,0.276288080097429,0.3381833845216413,0.2855351020138738,0.34541267593687885,0.3132698112074116,0.3688726954612611,0.3250373779586685,0.39607654787628677,0.3250373779586685,0.39609142307563494
03225500,0.4665075225174129,0.5998676703529511,0.31778167036372373,0.3185693291345205,0.3351789470377984,0.3984577956727714,0.5444175384169999,0.4007628745194247,0.49418788182376383,0.32834691853771103,0.39637447388309566,0.3427113712122293,0.41392789096624394,0.3866677394287563,0.46989359048169843,0.4706265843272004,0.5495775010102291,0.5163319200322034,0.565985097856443
03228805,0.11541051272219793,0.29764262200457725,0.0235609069609094,0.024140700179204222,0.03655645118347306,0.08125874880813744,0.1445057233524516,0.1378959975362306,0.3903207812289732,0.05883095424786755,0.35367896138988963,0.0714926772056127,0.36651073154782,0.1108946908646048,0.4094428785640941,0.15725862493810272,0.45468312518825604,0.31511447153806593,0.45528788229604567
02334430,0.20119559834818057,0.24537395583361687,0.22954996038667763,0.22973722240441108,0.23392115516949652,0.24630879262493277,0.2505603827504903,0.19690432730680163,0.16079312392492828,0.21908395073726505,0.15034979866596476,0.22342981142623142,0.15921444812045193,0.2360651244830696,0.18658226987156534,0.23886972891955038,0.24885955271351445,0.23311691787767308,0.2597137459693074
03209000,0.5163865758831284,0.5434585656037924,0.45494344743690585,0.456038333122041,0.47562388827925683,0.5236331135838211,0.5518061421551439,0.5185174659149883,0.5143076846525355,0.4177640373443885,0.4335981846680993,0.44071170735771104,0.45406547073305226,0.4973400693456569,0.4979583004825542,0.5334709394079098,0.5593484300873106,0.5275831605630777,0.5727484638281766
01541200,0.7208573669123874,0.7544689732662703,0.7134113637673936,0.7138520319025434,0.7217411148527633,0.7471962556104172,0.754975394607916,0.745118564926966,0.7470118445204029,0.701876617460828,0.6861855116456084,0.7156318229499775,0.7108734570311964,0.7503881111210166,0.7593579471663299,0.7643987023630936,0.8098373051362749,0.7642639782033533,0.7989015224935092
01597500,0.5789903659028195,0.5961322746984878,0.5754812126006144,0.5756678211435114,0.5788558079388575,0.5895063235523703,0.604875759869062,0.5859462544703553,0.7099995363889249,0.5821536016981506,0.7095517416147701,0.5856881295306205,0.7141952995277705,0.596065702125508,0.7221171803029642,0.6100967422338066,0.7014273525333626,0.601948852610001,0.7234560499099949
02011800,0.5890451184553651,0.6234957871971941,0.5749637861107365,0.5753808694860829,0.5829221722698059,0.6043033150692153,0.6240305433142799,0.5451212171822177,0.6130769199405985,0.5188195245969796,0.602096806573237,0.5288634282273634,0.6107413575266603,0.5600110940164065,0.6327786464071514,0.591771115384802,0.6355621409579414,0.587239797695333,0.6415342237760192
02072000,0.3699975789875304,0.35215391797297424,0.3495227421202596,0.349718560600101,0.3532449715405145,0.3558113426666042,0.35215391797297424,0.344492522000739,0.49753620735502224,0.3214526529931514,0.49298745066640004,0.32585075967461896,0.4998921804491946,0.3324578314773492,0.5117188098960402,0.3312235160663546,0.5119815513679588,0.3312235160663546,0.5119815513679588
02294491,0.6608974842775603,0.6443363659777686,0.6197105432308014,0.619805057855894,0.6216318856896698,0.6282260212182514,0.6415898376785991,0.6624375738691748,0.6136919575213878,0.6240546019501203,0.608366836203297,0.6260198925409409,0.6096788338095063,0.63258495435536,0.6149117847431774,0.6456888254124183,0.623807451194945,0.6471810783879159,0.6269976168557774
04240010,0.7875501240100236,0.7947857572809145,0.786553456060625,0.786400412774082,0.7901382606972203,0.7947855707065704,0.7947857572809145,0.7941245305421921,0.8562866183049215,0.789185266491498,0.8557186807944324,0.7956184341689139,0.8584484703272456,0.7996365954165903,0.8621396230131686,0.7996365954165903,0.8610599223135533,0.7996365954165903,0.8621624652295405
01518000,0.6458276746567934,0.7584547375280097,0.5655583117919402,0.5662772985355216,0.5836858572121499,0.6416575585048833,0.7389271583546384,0.6680722082705979,0.6335837167573126,0.5740983282701257,0.5517072386101647,0.5940105652640068,0.5666575745779604,0.6512716811598367,0.6150606184961709,0.7432992847181614,0.7101090435124104,0.7599083650916937,0.7186767471928412
01520000,0.5971217129100725,0.7261437268570583,0.5047010922125206,0.5053852560199814,0.5188791269496367,0.5783110377800713,0.7027380372094063,0.615458234469269,0.6775252851768532,0.4922592117548885,0.6288743892553612,0.5094107184022951,0.6438708430984263,0.5686396286744096,0.6825677112519845,0.7010074252038259,0.7491195373273474,0.7291635843714385,0.7518418061540515
01547500,0.5104243735374956,0.6141757161454233,0.5252088103360534,0.5258829277958663,0.540972466325019,0.5816561726844469,0.6125514835162522,0.5133667485876431,0.4517517913148664,0.516394224103878,0.37781217433930925,0.5326065354083214,0.3938407415694978,0.5792676396179912,0.4498876725506469,0.6106107595428638,0.5769442251265812,0.6126529637934823,0.5779967974918945
01563200,0.6446676349373885,0.7128066506098556,0.624656716142101,0.6249077193346715,0.6344409537105162,0.6758662892203893,0.7437244165149901,0.6803130490513478,0.7284975019685,0.6333976590711394,0.703490211109396,0.6455658747743738,0.7128559915794692,0.6880046887052506,0.7387341373724565,0.7554695205256754,0.7555383459201395,0.7216003976139678,0.7557648623724325
01574500,0.5949305985969195,0.592589543602068,0.5949305985969195,0.5949315015090307,0.5941201414088262,0.592589543602068,0.592589543602068,0.6222960439604948,0.6916684702685152,0.6222302019327517,0.6916684702685152,0.6207895278631914,0.6916684702685152,0.6200637658208532,0.6916684702685152,0.6200637658208532,0.6916684702685152,0.6200637658208532,0.6916684702685152
01429500,0.7532968099060877,0.7623881794565248,0.7532968099060877,0.7534297961575563,0.7571120805096534,0.7711974247196598,0.8012932170997131,0.7585755685966401,0.8541815052368761,0.7588722997089978,0.8543422427992949,0.7632834675091764,0.8564541410624789,0.7763697886850105,0.8550992651255371,0.8039358463661592,0.8538955519265363,0.7680068886862774,0.8575278684709083
01449800,0.6464638849102697,0.6751178494169814,0.5747531089227204,0.5756877853300015,0.5934495309137545,0.6404036915999511,0.6763703771274303,0.6210045503741466,0.626687632485184,0.5490354005458662,0.6080362337763606,0.5682568939340296,0.6213627341559236,0.6181500067058872,0.6488826238854608,0.6602395610312357,0.6652662914661103,0.6584471161351441,0.6652662914661103
01534300,0.5690445119023411,0.5705591180641854,0.558296006148159,0.5585363235825289,0.5628651852467719,0.571082720929074,0.5800442315287295,0.5642543101764785,0.6599298923188165,0.5565371523859587,0.6548443910346434,0.5608909338741088,0.6666516302946366,0.5677954405862282,0.6796350023339717,0.5738065687015133,0.6631809617663138,0.5676413840910877,0.6810676886851605
01470960,0.5724440396558127,0.5727295604085931,0.5653264143925884,0.5655947071434251,0.5697769024199736,0.5726541115659551,0.5413815453262255,0.5622046385194579,0.5882390430095902,0.5577542338196823,0.5862460704687358,0.5613968228859524,0.5937040757975401,0.5642588372175963,0.6013293327755072,0.5339050860530914,0.5916253161055791,0.5641329165269515,0.6014757230499588
11462000,0.3259985118149016,0.3372458298345212,0.3012939787833646,0.30148997984596293,0.30545222454323184,0.32100583196508237,0.34333994388057965,0.31564003949971065,0.41593234725052375,0.2889641476584196,0.39495428238698227,0.2926032599958954,0.3994266302520757,0.30708413601449136,0.4183546082153934,0.33155280189348435,0.4554020953657032,0.3279541098821075,0.46135285282712757
01206900,0.5559668498149348,0.5851378035485799,0.5620115439574662,0.5622218184994607,0.5665525507222692,0.5792764202619644,0.5864241767555939,0.5470123393633185,0.5324682570468385,0.5552296973452852,0.5299422821003896,0.5591933325571293,0.5348146398240249,0.5694703486987636,0.5505639694039975,0.574232483983868,0.5551901390855302,0.574232483983868,0.558660956075083
01172500,0.6405745040962467,0.6595524655315406,0.6051682846579776,0.6059705504497274,0.619158079002075,0.6408526554194833,0.6605396271198294,0.6310289340090892,0.6456388595594397,0.5974637742429874,0.6221017742702708,0.610309521036065,0.6285191968560819,0.6332771276184485,0.6446832950567603,0.6542254875787429,0.6900286933997262,0.6536466042476371,0.6962571541680587
04285500,0.7401858838234299,0.7542302643644887,0.7398982274857595,0.7399842782129358,0.7439598346889325,0.7532634581376016,0.7581133776175614,0.7411413433761282,0.758493855515174,0.7409438082433428,0.7586591854384501,0.7450477084662763,0.7621543640591917,0.7540472385168712,0.7689724746911968,0.7585946109512993,0.7692402055304787,0.7550827945320506,0.7692992292089982
04289000,0.518238418219759,0.5199054216222003,0.5182567751624327,0.5183382739457759,0.519249697353934,0.5199054216222003,0.5199054216222003,0.5182582517155532,0.3859777102251388,0.5183581293815196,0.3860166715452087,0.5192737645329888,0.38617171802185246,0.519926429431568,0.38617171802185246,0.519926429431568,0.38617171802185246,0.519926429431568,0.38617171802185246
01022500,0.8442073068566849,0.844207339386439,0.844207339386439,0.844207339386439,0.844207339386439,0.844207339386439,0.844207339386439,0.8469922417876445,0.8570382636665677,0.8469922117016833,0.8570382636668059,0.8469922117016833,0.8570382636668059,0.8469922117016833,0.8570382636668059,0.8469922117016833,0.8570382636668059,0.8469922117016833,0.8570382636668059
