STAID,point,L,g_T0,g_kc,g_phi,g_z,H_T0,H_kc,H_phi,H_z,r_T0,r_kc,r_phi,r_z,pg_T0,pg_kc,pg_phi,pg_z,phys_T0,phys_kc,phys_phi,phys_z
01022500,init,0.1399744959765345,0.002605182922752608,-0.0011911955867811852,1.7896624088936663e-05,0.00043505011033465046,0.007771582996932147,0.018274035121570997,1.435135968397283e-06,0.0030560165902721037,0.0,0.0,0.0,0.0,0.0026041607986071872,-0.0012498150001306434,1.789722063962215e-05,0.00043324291824176585,0.1875,3.0,0.5,0.04999999999999998
01022500,mid,0.14046606762050645,0.0015651791639426094,-0.0010716934900768804,6.788114800815315e-06,0.005084612558109436,0.004958692575718349,0.09113904740808143,1.355436027306034e-05,0.02908980120175375,-0.24438315480348366,0.8094114166290197,0.0316766544860787,0.5123709000668297,0.0015644920650994074,-0.00041281403307710384,6.788384172392519e-06,0.005262221396049499,0.14684765525924082,6.7397558841343574,0.5079185015070027,0.3871035707065549
01022500,opt,0.13941839821089044,4.354673670270426e-07,0.0,0.0,0.0,0.0024366862425712066,0.0,0.0,0.0,-0.4887663096069673,1.6188228332580394,0.0633533089721574,1.0247418001336595,5.235485753028274e-10,0.0,0.0,0.0,0.1150092472273965,15.141436459241234,0.5158330319207489,2.941253506564268
01172500,init,0.4255072727134883,-0.02016549660637801,-0.002039433567087301,-5.31636683426262e-06,-0.004264992719207883,-0.016549481813010747,-0.03601534581995636,0.0004179349492872131,-0.01364127376668467,0.0,0.0,0.0,0.0,-0.020164862684919193,-0.002377881475278866,-1.1391583617728118e-06,-0.004287973447634859,0.1875,3.0,0.5,0.04999999999999998
01172500,mid,0.3813851462735292,-0.03306219536417798,-0.0015378416166361708,-0.00022910877177095834,-0.04001655027275203,-0.014622956298893097,0.2665135177451483,0.00020420885010752343,-0.011249355156700558,0.9745127613431437,0.20919398704303047,2.2975599250672945,0.8317765361131859,-0.033063035774231836,-0.0021265863392348097,-0.00022909833201411266,-0.039106686430875885,0.49685170771426307,3.6980523002453074,0.9086747513156509,1.37746568788749
01172500,opt,0.2849785323056395,-0.00010627108810307151,0.0013780557579126662,-0.0003646051534689221,0.0015022396816485872,0.04431099790827564,1.9354021147073575,0.0003677510859723121,2.006024623076724,1.9490255226862874,0.41838797408606093,4.595119850134589,1.6635530722263718,-0.00011021040444516245,0.00307255544131614,-0.00036458024319049577,0.012837880520484716,1.3165953037790903,4.558530271783203,0.99,29.33045840218318
01206900,init,0.46194527824362636,-0.013176301231758447,8.661422836730992e-05,-6.0445101354722475e-06,-0.002858604981062496,-0.007059261054181976,-0.030503344639887242,-7.538288979147545e-05,-0.012664328569444994,0.0,0.0,0.0,0.0,-0.013176501250562953,0.0007888601164776723,-6.801496560182378e-06,-0.0028385275187520743,0.1875,3.0,0.5,0.04999999999999998
01206900,mid,0.44639531347689626,-0.013915236472732129,0.009147718906003799,-5.6087047158037695e-05,-0.023189712781988836,0.0007334645342471635,-0.006858703488904494,4.697906688666542e-05,-0.07593007299619425,0.6008501381791581,0.4258478162880686,2.2975599250672945,0.6507265987705018,-0.013916602588478086,0.010666062347564741,-5.6084983878761395e-05,-0.023197302217103966,0.3419378459607677,4.592663343658984,0.9086747513156509,0.6716473129470819
01206900,opt,0.41724053359524993,-5.484697229996005e-05,-0.01330791714723445,-0.00015092422230300606,-0.01922968751044002,0.027537674345823326,3.0355673543969175,0.00014891901461977497,2.2356681321460123,1.2017002763583162,0.8516956325761372,4.595119850134589,1.3014531975410035,-5.808118388753453e-05,0.03219287316555929,-0.0001509145592301457,0.0013640287244348728,0.6235812826682117,7.030852196062973,0.99,8.476052788326584
01429500,init,0.14806073527483363,0.009702115889420604,-0.0008098774273226916,1.6360777491120082e-05,0.00271942156202451,0.01690194663478417,-0.04470494868291652,3.6881692144774547e-07,0.010971560442038508,0.0,0.0,0.0,0.0,0.009700416052879164,-0.0010289919740596,1.6361322846625994e-05,0.0027103602742284054,0.1875,3.0,0.5,0.04999999999999998
01429500,mid,0.14554952949939215,0.0035721811811433024,-0.01139516496771048,0.00018645829290286908,0.00757059648378855,0.00618906996742441,-0.16685267892252442,2.679479832456977e-06,0.038997359740194915,-0.6608779199911597,0.6910896129748049,0.23141496523350422,0.4874026819380382,0.003571492646221344,-0.012228119908668199,0.00018646481728371172,0.007509872781409851,0.09682458365518541,5.987667286535853,0.5575969302828495,0.3504177683912859
01429500,opt,0.1395497722629776,0.0019806423943995177,-5.513293472453329e-05,-2.6632851479746478e-08,-8.90864009076009e-05,0.002752321652185752,0.26468206982557807,0.0006108666017468067,0.08940548659894243,-1.3217558399823195,1.3821792259496097,0.46282993046700843,0.9748053638760764,0.00198036817102425,-2.5797972778902393e-08,1.1447443259787592e-09,-3.6196811683003196e-08,0.05,11.95071984475054,0.613685299218842,2.4194442669780836
01449800,init,0.5166854968191152,-0.049106342051674634,-0.0007123933277647376,-1.0566539412892872e-05,-0.00732517329164184,-0.03401697908522738,0.02643840568222755,8.690778652287179e-07,-0.028392063471105455,0.0,0.0,0.0,0.0,-0.049105779219212435,-0.0010423165914965082,-1.0566891630314617e-05,-0.007319728930757183,0.1875,3.0,0.5,0.04999999999999998
01449800,mid,0.4343985340103508,-0.06369566062838922,-0.009442442363587211,0.00011126901006269785,-0.09550671961081614,-0.012903159960359067,0.3198184644047364,-7.996285536493453e-05,-0.3802560717047765,0.8873343673565497,0.3247757451659123,2.2975599250672945,0.7458840762749361,-0.06369908016498965,-0.009035683064449775,0.00011126708067739427,-0.09676340776996167,0.4553713376331875,4.151160915650621,0.9086747513156509,0.9802170666060054
01449800,opt,0.3361770912421942,-0.00045654655387306065,0.009523953264903295,-0.00023888367067098626,0.0,0.06586787685142204,1.9602787649072861,0.0002449738940868418,0.0,1.7746687347130994,0.6495514903318246,4.595119850134589,1.4917681525498723,-0.0004617194408219127,0.016768859195808398,-0.00023886656014605512,0.0,1.1059362940684718,5.744045649208433,0.99,16.793576205115386
01470960,init,0.42084422706664193,-0.0054376524945567994,-0.0009341054207093191,-6.4837115204552376e-06,-0.00025390360943455814,-0.00011997427759591339,0.11054049584055536,8.8216656202178e-08,-0.00031796018762353384,0.0,0.0,0.0,0.0,-0.0054382685473346225,-0.0021931641268900883,-6.4839276412029166e-06,-0.0002583447703074982,0.1875,3.0,0.5,0.04999999999999998
01470960,mid,0.4173824116525796,-0.004026760017490638,-0.006426812369324242,-6.330859045333703e-05,-0.006515344346284813,0.0017365820213777194,0.6651316437904231,5.303022299063542e-05,-0.012158000187029172,0.07056454462288231,0.3648784311723104,2.2975599250672945,0.5687604070487768,-0.004027534899506384,-0.0030691949726701566,-6.330626113627072e-05,-0.0063700811095054035,0.20120884329806007,4.321016691582625,0.9086747513156509,0.4846536097838588
01470960,opt,0.4043768526210905,-2.460568532536289e-05,-0.02480008588946897,-0.00010821068891636587,-0.004198006695242673,0.005860278967650956,3.9314437948402556,0.00010721577223260503,1.008483375556507,0.14112908924576462,0.7297568623446208,4.595119850134589,1.1375208140975537,-2.563004725723303e-05,0.010524523631832958,-0.00010820367383180564,0.004407777844236381,0.21591999264716427,6.223728416311885,0.99,4.554319460140002
01518000,init,0.4199750484627584,-0.025491778407001064,-0.0008756437236218106,-9.432710182388782e-07,-0.0004365147241794376,-0.015805385807227124,0.017199785970478665,2.2685450740134172e-07,-0.002090951011640696,0.0,0.0,0.0,0.0,-0.02549173344301429,-0.0012751029000199047,-9.433024601520072e-07,-0.0004281524310163779,0.1875,3.0,0.5,0.04999999999999998
01518000,mid,0.41940332819379794,-0.013458690798864859,-0.010182740575023774,0.00015132343126472714,-0.04395482138197793,-0.010463946898409127,0.033324158232594936,-9.612639559342107e-05,-0.059823194838437566,-0.6608779199911597,0.4517001233096281,2.2975599250672945,0.8680698422291214,-0.013458336947602895,-0.009126564549856159,0.00015132287055449257,-0.04287740608749072,0.09682458365518541,4.712942332255158,0.9086747513156509,1.5898294161539632
01518000,opt,0.2772932582965757,-0.0006192624872239372,0.014170232213690792,-0.000592145992701909,0.0,-0.0001599438152755095,1.5377168555337495,0.0006204980716739694,0.0,-1.3217558399823195,0.9034002466192562,4.595119850134589,1.7361396844582428,-0.0006193075997693576,0.011779430014618045,-0.0005921009809520306,0.0,0.05,7.403941809054229,0.99,36.228455166048526
01520000,init,0.3442495742716932,-0.020126469254075352,-0.0003843918462850815,9.702334584360539e-06,-0.00010769250394782048,-0.009742594544726035,-0.00038536484045503805,2.3684124106360116e-07,-0.0016925201570816562,0.0,0.0,0.0,0.0,-0.02012688232678699,-0.0015425389815734124,9.702657992069017e-06,-0.0001250986686795849,0.1875,3.0,0.5,0.04999999999999998
01520000,mid,0.34807011834598106,-0.010841053364391007,-0.013892913726412659,0.00018798287040877604,-0.01576933535537839,-0.007621256524203979,-0.0757746954763161,-0.00013654568697951674,-0.013765051551928309,-0.6608779199911597,0.5081550797565924,2.2975599250672945,0.8527404256185607,-0.01084091223798484,-0.012999753819443632,0.00018797937332278757,-0.01518244341343958,0.09682458365518541,4.986665093605364,0.9086747513156509,1.496452543435232
01520000,opt,0.24201169048877502,-0.0005653488025413045,0.01425678463807395,-0.00030419657156069424,0.0,-5.4848502822890666e-06,2.719406431321847,0.00032902857834138377,0.0,-1.3217558399823195,1.0163101595131847,4.595119850134589,1.7054808512371213,-0.0005654169851640327,0.004095279952524371,-0.0003041714358429792,0.0,0.05,8.288942918594065,0.99,33.204152004457434
01534300,init,0.36203906219658993,-0.017681792409661445,-0.0021513630634920067,-4.355611898931855e-07,-0.0030789312745041486,-0.011105195395905154,0.020947084802130922,1.1189882354045722e-07,-0.012315708739357722,0.0,0.0,0.0,0.0,-0.017681846915992953,-0.0034763794216183825,-4.355757091443994e-07,-0.0030566031176988725,0.1875,3.0,0.5,0.04999999999999998
01534300,mid,0.3423314772392127,-0.02038123785764595,-0.008941133265838452,-3.277552176883525e-05,-0.026343901542214,-0.0031312434135843947,-0.16661933179645816,2.766675138987651e-05,-0.0280363771790193,0.5978019160197213,0.32123717023117465,2.2975599250672945,0.5622467732933191,-0.020382838538161724,-0.012223619179299301,-3.277428112569478e-05,-0.026297048372055203,0.3408971304134874,4.136497680463172,0.9086747513156509,0.4722383179336638
01534300,opt,0.31043657249151746,-6.807193198288264e-05,0.007490034388545064,-0.00012426478084859305,0.009629188926092713,0.030716673870556654,1.786964947228381,0.00012270635174616018,1.4892534217657294,1.1956038320394426,0.6424743404623493,4.595119850134589,1.1244935465866381,-7.208879373503548e-05,0.0020086866126657055,-0.00012425680652571394,0.0029427127385901323,0.619791218795468,5.703537686825734,0.99,4.33142218611434
01541200,init,0.29291391492570373,-0.02235371619870724,-0.0010826591247209416,8.35596979942288e-06,-0.004698180863237089,-0.012972770419700241,0.03747453528268885,3.520525537759056e-07,-0.017602176768521938,0.0,0.0,0.0,0.0,-0.02235386620188497,-0.0019180534327708607,8.356248329342708e-06,-0.004694724299600847,0.1875,3.0,0.5,0.04999999999999998
01541200,mid,0.25757209796520825,-0.006274193432298514,-0.07123939303185778,0.0009408203288721606,-0.08264131746592157,-0.004070847516302045,1.2376022129617636,-0.0003013686210306954,-0.5615825625786275,-0.6608779199911597,0.20078150815396525,2.2975599250672945,1.039752414891042,-0.006274176719131699,-0.07984732084407474,0.0009408652750094105,-0.07047031261730356,0.09682458365518541,3.6670730023831464,0.9086747513156509,3.118533050070638
01541200,opt,0.2000719822301572,-0.002569051821814383,-0.02105517097331644,-9.619502805285896e-05,0.0,-0.001876495572816772,1.7827378371994274,0.00016611620676232342,0.0,-1.3217558399823195,0.4015630163079305,4.595119850134589,2.079504829782084,-0.002569012455044919,-0.009707207676608758,-9.617491401829927e-05,0.0,0.05,4.482474801602448,0.99,75.68375025095165
01547500,init,0.8026613217771712,-0.043209093951357413,0.0013157075434588883,1.4193802241879716e-05,-0.010139868481728875,-0.035773285884110884,-0.15160586990248248,7.265174573056754e-07,-0.04040458312759565,0.0,0.0,0.0,0.0,-0.04320760318833417,0.0011036108038423897,1.419427536927333e-05,-0.010119703923108283,0.1875,3.0,0.5,0.04999999999999998
01547500,mid,0.4706670768058172,-0.030600458093919813,-0.18820801745854376,-0.003965109551468116,-0.1143497140817587,-0.0014626889639768326,0.5903370857324175,0.005774670943925475,2.157279977554188,1.1050493277608577,0.22266152685933238,2.2975599250672945,1.5702413444939034,-0.030602715793503127,-0.1700620622451515,-0.003964562620384577,-0.14512087551898573,0.5661325132617061,3.7481928438759233,0.9086747513156509,21.85811686624842
01547500,opt,0.4132828219284048,-0.0009051679554616943,-0.031901322033574264,-0.0007556380991868838,0.0,0.0724466794263523,10.104552514008796,0.0007729223183705614,0.0,2.2100986555217155,0.44532305371866476,4.595119850134589,3.140482688987807,-0.0009102263839062943,0.010770005242137696,-0.0007555843632418695,0.0,1.7093654537174179,4.682983198294227,0.99,119.0
01563200,init,0.289366897217297,-0.012936507509851702,-0.0016683326302141532,3.891156748203617e-06,0.00039334255344941615,-0.004664850052488179,0.11874117868154732,3.103907408874562e-07,0.004646350594134097,0.0,0.0,0.0,0.0,-0.012937072315009754,-0.0007953257316994942,3.891286450953868e-06,0.0003533699608567304,0.1875,3.0,0.5,0.04999999999999998
01563200,mid,0.2926848426540727,-0.007443039960809694,-0.01604039554881781,8.617906183810975e-05,-0.008859601381978888,-0.004966058635008652,0.12542574702137377,-6.08797250112314e-05,-0.0018856910523334935,-0.6608779199911597,0.5898394510372681,2.2975599250672945,0.6880445629749352,-0.007443001428598956,-0.018421023761469254,8.617773953971064e-05,-0.008028790101887298,0.09682458365518541,5.411096430532546,0.9086747513156509,0.7790728591138192
01563200,opt,0.24798443874661033,-0.0019452374397342653,0.01051389588982432,-0.00022497424274972588,0.0007363939685735288,-0.0013253244902228234,2.0031935888797925,0.00022734936093449232,0.48014303917577605,-1.3217558399823195,1.1796789020745362,4.595119850134589,1.3760891259498704,-0.0019452258352489627,0.002943816899289772,-0.00022495878717376414,0.000424839286529915,0.05,9.759988193507354,0.99,11.150814512869637
01574500,init,0.314274855837506,0.023238104432538043,0.004489663425813473,-5.423998049591816e-05,0.003483299860056188,0.02297943167639538,0.21652922762654958,4.0992514938054114e-07,0.014778037522172882,0.0,0.0,0.0,0.0,0.02323679889130299,0.004716304354864727,-5.4241788483464926e-05,0.0034762615540073196,0.1875,3.0,0.5,0.04999999999999998
01574500,mid,0.3057202928034811,0.011934637469844522,-0.004536380475402002,6.307792806137247e-05,0.013449238449471379,0.01230669795251882,0.10887686762980908,1.2806658511443914e-05,0.03265460064752479,-0.6608779199911597,0.8047189562170501,0.0,0.5149057020887561,0.0119338142601448,-0.003110029780847488,6.308003064389657e-05,0.013732078776449197,0.09682458365518541,6.708203932499368,0.5,0.3910356046570099
01574500,opt,0.296851951274668,0.005870828491072455,0.0,0.0,0.0,0.006119323630593421,0.0,0.0,0.0,-1.3217558399823195,1.6094379124341003,0.0,1.0298114041775122,0.0058703970772845055,0.0,0.0,0.0,0.05,14.999999999999996,0.5,3.0000000000000004
01597500,init,0.3362136813029317,-0.028637497544183044,-0.0002782931836198266,5.746085315894156e-06,-0.005271922217307823,-0.01563405371454718,-0.12482927691959134,-4.74432973462946e-05,-0.01996575317006477,0.0,0.0,0.0,0.0,-0.028637821607760402,-0.0006218492761040059,5.268530983138854e-06,-0.00526918401332375,0.1875,3.0,0.5,0.04999999999999998
01597500,mid,0.3018989097327857,-0.03270456553665785,-0.007135833588231555,9.486635359629014e-05,-0.02687615357573614,0.00710200070433431,0.07443693570058363,-6.583410053218053e-05,-0.020502719281501047,0.8071776736275597,-0.8696534613707094,2.2975599250672945,0.6341501607229988,-0.03270802549059265,-0.007897431675172931,9.486509132435814e-05,-0.026477900636110354,0.4202948627158254,1.257290271905704,0.9086747513156509,0.6287833516212775
01597500,opt,0.2736459312911246,0.00013735487030819282,-0.0003147102449710393,5.0729785192049626e-06,-0.0008111536454608048,0.07175374545254076,0.13710160182853204,1.5360303307065948e-06,0.22984018918592586,1.6143553472551193,-1.7393069227414188,4.595119850134589,1.2683003214459976,0.00013132820511365103,0.0015488103029319398,5.073935872830367e-06,0.0036336003988397254,0.9421214486683438,0.5269262759429063,0.99,7.489068393151775
02011800,init,0.6436866387725493,-0.09786043922502541,-0.006543592324745329,3.664599707575711e-05,-0.010464822331962553,-0.06615625717937279,0.06995986064656234,3.9782732663695697e-07,-0.04104873367549722,0.0,0.0,0.0,0.0,-0.09785962009681043,-0.008594722182264867,3.664721860365536e-05,-0.010453882064364834,0.1875,3.0,0.5,0.04999999999999998
02011800,mid,0.48510013557646137,-0.13360207073438296,0.01575503481502788,-0.00014483274165116855,-0.10390209357647451,-0.006494481153279663,-0.19456473326170953,0.00012471828694793352,-0.21274355053474414,1.0085190164920774,0.5536161655821089,2.2975599250672945,0.717560964317981,-0.13361132544655518,0.0225639260276733,-0.00014482685706775013,-0.10557517804623208,0.5140383440040976,5.218596282068381,0.9086747513156509,0.8759919560786075
02011800,opt,0.34902903278410424,-0.00021295927217918065,-0.00153514504515756,-0.0001090610893109134,0.0021711286283185305,0.15381953358414857,0.8717052859814889,0.00010890428184251455,0.5703626121540684,2.017038032984155,1.1072323311642178,4.595119850134589,1.435121928635962,-0.00021864927473442552,0.0061891978723412,-0.0001090538532956738,0.00012358976792662145,1.409255568567867,9.077915718405976,0.99,13.779690197650048
04285500,init,0.23431071784156823,0.0021788892894239464,-0.0011137612741345115,-1.1373969783373683e-05,0.001237923789149109,0.005427305318633779,0.01665210449884602,3.054854286199671e-07,0.005653065721922257,0.0,0.0,0.0,0.0,0.002178196741176031,0.00042207608237520715,-1.1374348914342815e-05,0.0012360415852719232,0.1875,3.0,0.5,0.04999999999999998
04285500,mid,0.23205856011514206,0.0007171252124904548,-0.012186113784873331,0.0002544982521050787,-0.0018348648675448054,0.001781780294002333,0.05134265174899788,0.00010239810659118387,0.05593916502233398,-0.6608779199911597,0.3342853721308891,0.14968156552449619,0.6004179317775399,0.0007168835656336579,-0.010922201713834049,0.00025450840719223975,-0.0021117667134814386,0.09682458365518541,4.190825204813982,0.537350681906571,0.5497806898736903
04285500,opt,0.22307124056960628,0.0004162690329843899,0.005967730349751982,-1.6791258591886127e-07,-0.0009055653966853761,0.0007392119790589069,0.4574713773946443,0.005667653731125655,0.3759150398844474,-1.3217558399823195,0.6685707442617782,0.29936313104899237,1.2008358635550798,0.0004161797975152337,3.313454800196622e-09,4.942389317980112e-10,2.6966665769377395e-08,0.05,5.854338632434719,0.5742868215268566,5.803476010650436
04289000,init,0.6050425121789534,-0.0003303877134902544,0.0006896533495254209,4.027757849467406e-07,-6.270491937632183e-05,0.0014279298346520086,-0.05790260172583439,2.7533253454947726e-07,0.0002715791844187798,0.0,0.0,0.0,0.0,-0.0003306521882669327,0.00041902935490685387,4.02789207741636e-07,-6.425029657587885e-05,0.1875,3.0,0.5,0.04999999999999998
04289000,mid,0.6053809624717014,-8.858112296450393e-05,-0.0040892475097226155,0.0001803972768360529,-0.0009617101467046529,0.001827537120524525,0.01790104997484443,-7.227728943126621e-05,0.003455863833712325,0.07989206548459916,0.20813698083061066,1.0423639634105692,0.5287231437623141,-8.888204587431149e-05,-0.004528142599388677,0.0001804005036978154,-0.0009664854643906072,0.20309440311002122,3.6941455011093165,0.739305876807231,0.4131799557786261
04289000,opt,0.6048355923734611,3.463600323216909e-07,0.0007591438088982994,-7.3979204678886745e-06,0.0,0.00218416497471674,0.12041968252607393,0.0007598846415990401,0.0,0.15978413096919833,0.4162739616612213,2.0847279268211385,1.0574462875246282,3.368070615839536e-09,-3.0703578538197953e-05,1.8539708507372166e-07,4.186176732680274e-120,0.21998579506461757,4.548903661122068,0.8894099286261419,3.3408794151503445
02072000,init,0.7364808124293366,-0.07388086875562971,0.00014871002060323768,3.4397022272147915e-05,-0.010408125350919173,-0.05227960503312312,-0.14154086643736186,2.852038050171757e-07,-0.05011827398981872,0.0,0.0,0.0,0.0,-0.07387992883008919,0.0005224654275521848,3.439816883245165e-05,-0.010487719681322588,0.1875,3.0,0.5,0.04999999999999998
02072000,mid,0.5862996485267787,-0.09325701221634397,-0.005524025261616217,-0.00014850042946157327,-0.10866354054691607,-0.00021658492027620824,-0.3210568902778377,0.00015108100964722482,-0.08645915420435468,1.1040238625959025,0.4950127604103011,2.2975599250672945,0.8728188494071202,-0.09326386498848699,-0.0066852641874911144,-0.0001484906026384653,-0.10996875603813196,0.5655522616553607,4.9215575178636985,0.9086747513156509,1.619906951208205
02072000,opt,0.5005939235409101,-0.00031251411351795877,-0.01967984450316762,-9.768935376741616e-05,0.0,0.1188399921972505,3.1091516955927823,9.760794339452872e-05,0.0,2.208047725191805,0.9900255208206022,4.595119850134589,1.7456376988142404,-0.0003161405964685843,0.008632242433770433,-9.768286067119552e-05,0.0,1.7058632568719654,8.073909467213563,0.99,37.19647927712608
02294491,init,0.4089919549891037,-0.00906322125927006,-0.0008407318758910098,6.492066866037316e-06,-0.0009709477433200719,-0.0077246278584741646,0.017645617602785046,3.7050432166729763e-07,-0.003397277907046803,0.0,0.0,0.0,0.0,-0.009062872258872756,-0.0017215946772201306,6.492283264893626e-06,-0.000967339276139532,0.1875,3.0,0.5,0.04999999999999998
02294491,mid,0.3863199954484918,-0.01787550099337787,0.0024644260595896306,1.9173740353761737e-05,-0.021428529416006592,-0.00850307935368333,-0.07797993154534666,0.0001640474658892721,-0.028055306806884506,1.110153718579882,0.4537528675619348,0.8009737070096995,0.9104704632971687,-0.017875919857450205,0.002071874815258912,1.9187136468440028e-05,-0.021426043320309805,0.569029662665774,4.72262673393845,0.6901827279607119,1.8790821095713945
02294491,opt,0.3505128000974962,3.5411591339795656e-06,-0.00011940806348975652,-2.6507839673284295e-07,0.0,0.02869156077486834,0.7643037389490348,0.001967125086849153,0.0,2.220307437159764,0.9075057351238696,1.601947414019399,1.8209409265943375,-5.220800658949738e-09,9.524792760357054e-08,-3.6362341214928427e-09,0.0,1.7269053706321313,7.4344010893700485,0.8322903871454624,45.33185554703704
02334430,init,1.0033936783558,-0.01435843864702191,0.006835414952011121,-1.5687502463723746e-05,-0.00329017312719615,-0.011851762288239698,-0.2943493539142583,5.53086465515662e-07,-0.01266890942985821,0.0,0.0,0.0,0.0,-0.014357936225162994,0.008102095376175796,-1.568802537790141e-05,-0.0032870537231656297,0.1875,3.0,0.5,0.04999999999999998
02334430,mid,0.9493155253187505,-0.034373967908374325,-0.0007886551236679917,9.908285220072699e-05,-0.026658865318182623,-0.011919447420738472,-2.4505887978920615,8.554038588570734e-06,-0.5260224522854462,1.6998504180105425,-0.5929827324462367,2.2975599250672945,0.8301217711597249,-0.03437481332937324,0.006282645070075936,9.909417237842323e-05,-0.02229696508270799,1.026211621691675,1.6580290144394088,0.9086747513156509,1.3684819014487561
02334430,opt,0.7735231623413008,0.00016501907918742287,0.046841448267948005,-0.00042412705779926174,-0.008703024056966324,0.042685098781414244,10.801151050473523,0.0004627949365398898,5.643621164368451,3.399700836021085,-1.1859654648924733,4.595119850134589,1.6602435423194497,0.00016368574989110912,0.0430159403469975,-0.0004240641284048423,0.015045922905602378,5.6165882266403075,0.9163534042409724,0.99,29.038075416551504
02394000,init,0.9261366194523611,-0.027107653051922087,0.002951645131082925,-1.0148576556900935e-05,-0.007107949619550302,-0.02547805506680767,0.15098416467018705,2.933975284946655e-07,-0.028386876734232125,0.0,0.0,0.0,0.0,-0.027106212726809943,0.0025022221955264784,-1.014891483695578e-05,-0.007109412231084344,0.1875,3.0,0.5,0.04999999999999998
02394000,mid,0.7894408137070811,-0.08753155926234657,0.06990400615259629,-0.0005630179932714086,-0.11350026278702796,-0.04175295406555479,0.1448725360744807,0.0004994494345877953,-0.5340539728873606,1.6902766231141493,0.05140157797433971,2.2975599250672945,0.883126638459367,-0.08753332876557603,0.07089146404974593,-0.0005629927272026428,-0.10991183645356582,1.016433762399436,3.1582367035252683,0.9086747513156509,1.6871349682951593
02394000,opt,0.5935041902633292,-0.00046466649498977386,-0.0032410668875548776,-0.0003042945916936768,0.0,0.09439151613249708,1.91156735089959,0.00030300859127363466,0.0,3.3805532462282986,0.10280315594867942,4.595119850134589,1.766253276918734,-0.00046606181552180236,-0.001181579631963833,-0.0003042745685721553,0.0,5.510067164509189,3.324819691831385,0.99,39.34546917846189
04240010,init,0.13599188580195207,0.00050297568305116,-0.001404246426817135,3.099357327035479e-06,0.0012208294276498666,0.005404629259200822,0.017810001692875055,4.3220003964616893e-07,0.006045470494139837,0.0,0.0,0.0,0.0,0.0005021570866242163,-0.0018865716544044253,3.099460638280616e-06,0.00121859715467705,0.1875,3.0,0.5,0.04999999999999998
04240010,mid,0.13561802658044103,0.0004348662614478416,-0.007750596602742327,0.0004958938057512963,0.0012696749008361818,0.00284405327469206,-0.013796243906391559,0.0007133160324218624,0.011711660027752258,-0.39901162501400217,0.35652718175309966,0.0222245488407498,0.5851743658775799,0.0004344251617392514,-0.007117993446106655,0.0005005400038347948,0.0011290846071619841,0.12580929396046617,4.285081065988549,0.5055559085259808,0.5173999814416262
04240010,opt,0.13017720220611811,2.3247696961936626e-07,-0.0008579356623378276,4.5352523729558225e-05,-0.0006913505201135151,0.0012994947709565885,0.538734370755245,0.009571599676599929,0.32210145616114183,-0.7980232500280043,0.7130543635061993,0.0444490976814996,1.1703487317551597,-8.797332618665362e-10,3.505275812436062e-08,2.170038944248884e-09,-1.4659661059821617e-08,0.0844158850497653,6.120639914031186,0.5111104452177565,5.165884206178112
03209000,init,0.5472978931852659,-0.025209405736184576,-0.0010699550685416837,1.6000827146589458e-05,-0.0010580370200519162,-0.017303230143983495,-0.13364248741570828,4.4203474214299376e-07,-0.0036370656125717105,0.0,0.0,0.0,0.0,-0.025209167549218283,-0.002162158017829434,1.600136050379721e-05,-0.0010573831566958554,0.1875,3.0,0.5,0.04999999999999998
03209000,mid,0.5346262961249284,-0.009851086346873705,-0.09665120713215347,0.0004243820505761553,-0.033159935132412444,-0.00796644912537392,-1.00210744758078,-0.00012745919847345633,-0.06412866844135445,-0.6608779199911597,0.44045240517383527,2.2975599250672945,1.0314045108327812,-0.00985078346711595,-0.08532462167813884,0.00042440371113787543,-0.022301088754712983,0.09682458365518541,4.660229490633127,0.9086747513156509,3.018695875194204
03209000,opt,0.42821159315656016,-0.002967279521699784,0.01846541093318832,-0.0004463478721267178,0.0,-0.002322597420084671,2.549794631447333,0.00046939762632369764,0.0,-1.3217558399823195,0.8809048103476705,4.595119850134589,2.0628090216655623,-0.0029672051701928057,0.007807802817519104,-0.0004463136141751843,0.0,0.05,7.239246301788898,0.99,73.80141752506928
03225500,init,0.5831593434103767,-0.02646998791885069,-0.0009188450404956638,1.7274123770283367e-06,-0.0010897582687963148,-0.019601864269802594,-0.012704528942475424,-1.8690539393961814e-05,-0.0060043080002403215,0.0,0.0,0.0,0.0,-0.026469501603298435,-0.00047635237247726885,1.915042788060842e-06,-0.0010714776281091892,0.1875,3.0,0.5,0.04999999999999998
03225500,mid,0.5266775281555599,0.0002785192797977176,-0.3032311187489478,0.010678693070634293,0.004117671451453475,0.0010857432367061826,0.48393431972715284,-0.02959921530570897,0.6701866849678773,-0.6608779199911597,0.3982454383052534,2.2975599250672945,1.5702413444939034,0.00027835367484425297,-0.30887926866779325,0.010921841984170682,-0.023187759113726655,0.09682458365518541,4.467628482331162,0.9086747513156509,21.85811686624842
03225500,opt,0.4347517213367641,-0.0006810619941968743,-0.008138673718947886,-0.000527866143155975,0.0,-0.0003322357923496444,4.195780037690583,0.0005617906435884112,0.0,-1.3217558399823195,0.7964908766105068,4.595119850134589,3.140482688987807,-0.000681082996661052,0.011912103395333119,-0.000527824322185233,0.0,0.05,6.653234752045548,0.99,119.0
03228805,init,0.7173864652639482,-0.03323591760722722,7.45686045772187e-05,2.626355155577187e-06,-0.0035239508696160993,-0.026447084811032084,-0.007744117639096881,8.849199151228504e-08,-0.013517279161545659,0.0,0.0,0.0,0.0,-0.03323500246611205,0.0003385572507755814,2.626442700976447e-06,-0.0035197363532384683,0.1875,3.0,0.5,0.04999999999999998
03228805,mid,0.6105156605332529,-0.0006046660940589588,-0.2917310495051173,0.003732046931378963,-0.009758230322323702,0.007913101872369932,-2.84635975698333,0.00017148032965819127,-5.46438527777332,0.7554602345294961,0.40436039567037685,2.2975599250672945,1.5702413444939034,-0.0006060127814561344,-0.27549561768802183,0.003733306421391369,0.041198359621089774,0.3991108029392183,4.495031538895634,0.9086747513156509,21.85811686624842
03228805,opt,0.5362151418681523,-0.0004934421031860259,-0.0006557535807527604,-0.0003688673809010279,0.0,0.04413445293421914,1.3841192354302478,0.0003726975400519805,0.0,1.5109204690589921,0.8087207913407537,4.595119850134589,3.140482688987807,-0.0004986812147707481,0.009352380762304482,-0.000368842052523817,0.0,0.8495436427882002,6.7351028452221495,0.99,119.0
03266000,init,0.167489552291784,-0.005590593244871045,-0.001489557182697554,1.6320745185177676e-05,0.0023097836853815112,0.004585892609820785,0.026852615193501128,2.3747330490930807e-07,0.0092845169450545,0.0,0.0,0.0,0.0,-0.0055919349579985345,-0.0011179112191920834,1.632128920728284e-05,0.0023050923903054875,0.1875,3.0,0.5,0.04999999999999998
03266000,mid,0.16864446122737006,-0.0022672269055272476,-0.023247819055971508,0.0002894837983657972,0.005588828262365064,0.0005002655812519352,-0.16324167872602824,-0.00012993295980812114,0.007913314279267558,-0.6608779199911597,0.5857861439779801,1.3548725413763893,0.7701142323728263,-0.0022675793472369736,-0.022064227700790407,0.0002894881910444906,0.006053384661133673,0.09682458365518541,5.389207985434338,0.7949250874897695,1.0790795452932518
03266000,opt,0.11807455168575069,0.0017172394823350423,-0.001193681165869917,-8.586833570578545e-08,-0.0007115968782809429,0.0024730163188102505,1.670843416156538,0.0004900823918560504,0.8213814843017683,-1.3217558399823195,1.1715722879559602,2.7097450827527787,1.5402284647456526,0.001716983908575636,1.3782690913495967e-08,-9.390241124508878e-11,-1.42075524120687e-09,0.05,9.681187570089747,0.9375992358635006,19.793269459105055
03270000,init,0.14701870969034622,0.008095819664239584,-0.003295020958381245,3.365997208043536e-05,0.0044529389795884555,0.016613326897021996,-0.10662230634977954,7.717680661212256e-07,0.019552318112001088,0.0,0.0,0.0,0.0,0.008094083101469475,-0.00303568156317297,3.366109407207404e-05,0.004446793849208551,0.1875,3.0,0.5,0.04999999999999998
03270000,mid,0.14604579134929063,0.003356251436147095,-0.01172587308405984,7.053403811713155e-05,0.01652678509314054,0.006251591850303662,-0.21559031290883934,-5.257373231204454e-05,0.046140478596190526,-0.6608779199911597,0.5188133904710662,2.2975599250672945,0.5586405813039674,0.0033555455728572197,-0.012415774591703106,7.053250695451756e-05,0.015680426546231967,0.09682458365518541,5.040098770129528,0.9086747513156509,0.4655015196560161
03270000,opt,0.1335666294869579,0.0022787888104239262,0.0017263599248133754,-6.98565729428946e-06,0.00018879709013791546,0.0030479089974111417,1.3405290309053546,7.456378292580723e-06,0.25429752038855225,-1.3217558399823195,1.0376267809421325,4.595119850134589,1.1172811626079349,0.0022784971659259466,0.0003798064224639323,-6.985099578183207e-06,4.051019349176657e-09,0.05,8.467531870887061,0.99,4.212571970826381
03272000,init,0.1537739912863376,0.015712368831476836,0.0006957212680402947,-9.615180524003009e-06,0.0027610936289397536,0.024634331542358612,0.04983364133889778,1.1819503709098456e-07,0.011401076460901272,0.0,0.0,0.0,0.0,0.01571012436492197,0.001070539768483858,-9.61550102825723e-06,0.0027601783302117575,0.1875,3.0,0.5,0.04999999999999998
03272000,mid,0.1543494565156567,0.0074819216762243845,-0.006343772994623492,0.0009898937383907846,0.03199430086926747,0.010610453585122026,-0.08475744347112568,0.0003730471628132781,0.14574877022582866,-0.6608779199911597,0.8403807878102578,-0.2867352788149514,0.7044398696525753,0.007480913251425338,-0.006458520480058089,0.0009899181177678929,0.032045855988960474,0.09682458365518541,6.951747567141336,0.4288033120653782,0.8315121005262502
03272000,opt,0.1393090429015583,0.003483917013635124,-0.004135364936158625,-3.109883756971521e-05,0.0,0.004524791907614678,1.1264251095631506,0.07004156180913379,0.0,-1.3217558399823195,1.6807615756205156,-0.5734705576299028,1.4088797393051506,0.003483497589376186,-0.0044187847882409355,0.000617796774246255,0.0,0.05,16.108931412418496,0.3604363980675484,12.550187126517445
03353500,init,0.16362796000550756,0.02101551227486828,0.00036339391462913984,-1.31443461115488e-06,-7.175565016823149e-05,0.03304695266777291,0.013728647638155955,1.4155163152729244e-07,0.00022239816287183967,0.0,0.0,0.0,0.0,0.02101255390454946,0.0003833751059925182,-1.314478425216599e-06,-7.063046551504755e-05,0.1875,3.0,0.5,0.04999999999999998
03353500,mid,0.15482566034984568,0.007257578440518497,0.0007937924189682644,1.54750970642048e-05,-0.0014127628153365324,0.012567671847235617,0.0023030082456354517,0.0003677310955046975,-0.001957988720879822,-0.6608779199911597,-0.48863268485387706,-0.6560838987452454,0.36404170067944763,0.007256226334539681,0.0010201205481412538,1.2211460940476433e-05,-0.0013006455575495376,0.09682458365518541,1.8403938613837467,0.34161985724048427,0.21418071635685168
03353500,opt,0.1513187483251234,0.0027780425610440806,0.0011572180822927436,-0.00018572287109469565,0.0007969299301475996,0.004566218466117711,0.3420178034585497,0.03179371611747306,0.04729639362648086,-1.3217558399823195,-0.9772653697077541,-1.3121677974904908,0.7280834013588953,0.0027775345848537135,0.004292941414989685,-0.0004479648419141906,0.00023669386587173632,0.05,1.1290165216729928,0.2121243192531524,0.9133625466803899
05592000,init,0.6894372137100476,-0.022686699672994082,0.001145419486095478,-5.370147260208569e-06,-0.004762648577180673,-0.02101009054872316,0.09042771561135199,2.5060065134141496e-07,-0.01833868859074661,0.0,0.0,0.0,0.0,-0.02268553075796832,0.002128534260501924,-5.370326262893083e-06,-0.004761778329482202,0.1875,3.0,0.5,0.04999999999999998
05592000,mid,0.5722902348197131,-0.08616154816102617,0.009782327850746397,0.00017084622341845268,-0.05438081313122456,-0.03336280575721995,0.10461949764256628,-9.476502194072367e-05,-0.16827178510897545,1.9278787211383739,-0.07646467996330467,1.5764142690264509,0.7036731226335564,-0.08616363213031901,0.010369123681796828,0.0001708468418148023,-0.054430339758220044,1.2890458423079956,2.779156901056708,0.828696091410782,0.8289833601577642
05592000,opt,0.3870640499012295,7.611770834470288e-06,-0.008816340041017945,-2.373249535780886e-06,0.0014747253250305126,0.08101476654129303,1.289290675322019,0.00038045614603188227,0.4419786306984752,3.8557574422767478,-0.15292935992660933,3.1528285380529018,1.4073462452671128,1.1930140880037063e-10,-0.0005776520036723363,9.54452086306924e-07,5.136274071192399e-09,8.862075645714826,2.5745710268970416,0.9590200295202852,12.481422790783189
05593000,init,0.6891491196313868,-0.027062380337575243,-0.00045560751951723155,3.457255438876761e-05,-0.0054332346873964266,-0.025730196822892903,0.08658885183365772,6.900988114288964e-07,-0.02125775381445205,0.0,0.0,0.0,0.0,-0.027060855476830212,-0.00019253598203648677,3.457370680076537e-05,-0.005422204271405852,0.1875,3.0,0.5,0.04999999999999998
05593000,mid,0.5517543200222111,-0.1121216876090042,0.025167208933343788,9.034515559558365e-05,-0.07514177365161578,-0.06131332300568504,0.019995714158616007,-6.532534457814876e-05,-0.2377187661889435,1.8276764230786968,-0.014860800653569147,2.2975599250672945,0.7189785623634246,-0.11212303772110485,0.024629851773501132,9.034352374896172e-05,-0.07571600507988374,1.1661409797629592,2.955747228256949,0.9086747513156509,0.8809367150910832
05593000,opt,0.28536373849156044,-0.00019671338039040087,-0.00854254334239496,-5.803326629111316e-05,-0.008213463709126623,0.11240978891741138,2.1351108002844175,6.209166722448423e-05,1.6798621469431285,3.6553528461573936,-0.029721601307138294,4.595119850134589,1.4379571247268492,-0.0002035678726095418,0.0022036929157615427,-5.802860408412869e-05,0.0017847824271339623,7.252718851640077,2.912147225782878,0.99,13.918623191833902
06225000,init,0.6200795559021868,-0.004291237585871133,-4.773101790478407e-05,1.4469258652338723e-06,-0.0008618819693384516,-0.0043115106465596575,-0.0019326996464341661,2.2424090362349602e-07,-0.003348207376352441,0.0,0.0,0.0,0.0,-0.0042909503558838935,-0.0001760700359605383,1.4469740982414647e-06,-0.0008608052808345521,0.1875,3.0,0.5,0.04999999999999998
06225000,mid,0.5861960156553319,-0.03177590360776139,0.007416023666853566,2.8339313323799686e-05,-0.0181613776675138,-0.026467131349350304,0.3877600279553195,-2.1139145989224062e-05,-0.07866110018184269,2.104007101292083,-0.25353467482175823,2.2975599250672945,0.7097896305631124,-0.031774869727692265,0.008849724273966356,2.8338695520199935e-05,-0.018254647613040985,1.5373046684551237,2.3281585048945894,0.9086747513156509,0.8493701106247691
06225000,opt,0.43777064077285016,-4.0758318857470055e-05,-0.0038561776535050996,-0.00010160385671975636,-7.403673834005531e-05,0.09490680165716303,2.144946557303684,0.00010047605053520314,0.9689146791780345,4.208014202584166,-0.5070693496435165,4.595119850134589,1.4195792611262248,-5.176068155115067e-05,-0.00017947477918566087,-0.00010159730789339798,0.0005551440854243448,12.604296766154228,1.806774007971003,0.99,13.039339340427462
06259000,init,0.765687801702041,-0.008258393969648448,0.00046581277571566826,3.0926910338235913e-06,-0.0012192534890237416,-0.008426021477492274,-0.02512577391450277,3.193814657187488e-07,-0.004273521244935186,0.0,0.0,0.0,0.0,-0.00825782049149078,0.0008925863857632902,3.0927941238807332e-06,-0.0012161235626232244,0.1875,3.0,0.5,0.04999999999999998
06259000,mid,0.7345905115068115,-0.023664137132745067,-0.033161984467780514,0.0029956721014384735,-0.05601510824428668,-0.023077430333362514,0.03994635461163076,-0.018057048864206227,-0.15828828410474616,1.0738977373298055,-0.6264833400481062,0.21543039663222555,1.0062661737688572,-0.023662788282996495,-0.02757664284524024,0.002773858483656848,-0.05464444619588492,0.5487684483801512,1.6034041271461517,0.5536502659309528,2.736503315681201
06259000,opt,0.3079768043816302,1.4885448304524651e-06,0.010397175502528666,-0.0006778394028433832,-0.010120246191393234,0.011024888025706892,4.795360364357875,0.5886329549334435,5.2524224808482565,2.147795474659611,-1.2529666800962125,0.4308607932644511,2.0125323475377144,-2.475289743063905e-09,-3.110478103707485e-07,3.932921478649378e-08,-4.941279424108904e-08,1.6061163196669794,0.8569682649831041,0.606079199171228,67.97224480573169
06411500,init,0.36728869046061546,-0.002339824131898649,0.00042102359504025966,1.1922641068862205e-06,-0.0006182713561925235,-0.0019772051103317256,0.011345081791236389,2.0038110060127678e-07,-0.0025872411793526062,0.0,0.0,0.0,0.0,-0.0023397359338226333,0.00017393254085775297,1.192303847687067e-06,-0.0006197553851464394,0.1875,3.0,0.5,0.04999999999999998
06411500,mid,0.3635135285505701,-0.004783563574499439,0.0004209570164809273,0.0,-0.0008721466272260114,-0.0027594470973502094,0.010131751699837821,0.0,-0.0017154145248721164,1.0265040701970414,0.4692624208494164,2.2975599250672945,0.6361382190959841,-0.00478361337129428,0.0006741819553508638,0.0,-0.0008726192691001887,0.523366987853822,4.7964435179076865,0.9086747513156509,0.6337770040780566
06411500,opt,0.35189518515138796,-1.850230538225084e-07,0.003288702029295709,-1.6616416538550727e-05,0.002023846888854486,0.008883548360955063,4.653619817274884,1.6732956270582022e-05,0.41648362800433825,2.0530081403940827,0.9385248416988328,4.595119850134589,1.2722764381919682,-1.4365122737901164e-06,0.0034031541323604696,-1.6615286544972746e-05,-0.001102404610697138,1.4608693545343072,7.668623473492888,0.99,7.6015248193097475
06903900,init,0.6779348799567554,-0.008622657437384884,0.0007118354604790378,-1.480460234959402e-06,-0.0006159947392281317,-0.007362381660991346,0.05849958036735492,5.964700955374269e-08,-0.002333697535217283,0.0,0.0,0.0,0.0,-0.008622296951430661,-0.00018812935502242762,-1.4805095845707694e-06,-0.0006154412576625933,0.1875,3.0,0.5,0.04999999999999998
06903900,mid,0.623016094566593,-0.03777308573739424,0.0017451464798534655,6.493811791630222e-05,-0.021637047651340557,-0.014307154381498766,-0.18583710226671712,-5.203977082590683e-05,-0.07279626917933157,2.278965829940286,0.0045370734782094685,2.2975599250672945,0.9019487234502854,-0.03777370906862586,0.0037620606557061008,6.493611368538026e-05,-0.021612889076909156,1.8312327910653265,3.0136421447391744,0.9086747513156509,1.8170628338240655
06903900,opt,0.5052344728198056,-6.175141281927754e-05,0.0010470151426411611,-9.846068911023576e-05,-0.00021359370250273457,0.04753584952138512,0.7725995785878847,9.770415837495605e-05,0.3254733329488557,4.557931659880572,0.009074146956418937,4.595119850134589,1.8038974469005709,-6.684238338513398e-05,0.001391280832701877,-9.845427694465422e-05,0.00019682213800529172,17.8848721870555,3.0273463255160435,0.99,43.425495060516546
06906200,init,0.35959726342426207,-0.04160755167669644,-0.0008388406488313294,1.1817217217269249e-05,-0.0037565598787592247,-0.027109672207786817,0.0063953733250854405,1.2754144962379144e-07,-0.014317376302031004,0.0,0.0,0.0,0.0,-0.041607154939005186,-0.0028026515536606488,1.1817611121448452e-05,-0.0037581251832960938,0.1875,3.0,0.5,0.04999999999999998
06906200,mid,0.27811652450053936,-0.06692496246996082,0.0018652419376430363,0.0001003586998477024,-0.023065517751263975,-0.003965096300184712,0.02960643347371672,6.220386261635014e-05,-0.0889897652914251,1.3056390435854093,-0.06083775670577596,0.07642203369176613,0.609839362965974,-0.0669280433139426,0.002030341353556846,0.00010027355619439545,-0.023078813094648525,0.6918837076704212,2.822927683262925,0.5190962153152866,0.5707944950435405
06906200,opt,0.19995629734866632,3.666951638170435e-06,0.0018374254305952853,-5.3012846890077014e-05,-0.0008959073078268487,0.07313634458633311,0.4077235804647583,0.013706919779060689,0.38053948961183637,2.6112780871708186,-0.12167551341155192,0.15284406738353226,1.219678725931948,-1.701315515729648e-08,-1.928300906604045e-08,2.6552364079137437e-09,-2.7072284001542616e-08,2.5530830130121007,2.656306901644061,0.5381368019360369,6.234196023603404
06912500,init,0.8133272412334112,-0.03207285803925042,0.0010490040477373341,7.686153935537732e-08,-0.002823163873053036,-0.021341334270341683,-0.06596439281969513,8.600953282922319e-08,-0.01103493036086478,0.0,0.0,0.0,0.0,-0.03207237053580955,0.0010772374246930652,7.686410067056443e-08,-0.00281991007158598,0.1875,3.0,0.5,0.04999999999999998
06912500,mid,0.6863955075799079,-0.06211985423160149,0.021078042974492783,-0.0001429276264341972,-0.13008163371309167,-0.0216895491178537,0.282744185695627,0.00014741578735488758,-0.3623588587808868,1.7926924727039184,0.35221162827227154,2.2975599250672945,1.1501039556084056,-0.06212052982212437,0.012316154686740225,-0.00014291784072439375,-0.12738236922495008,1.1260501187163756,4.266628414818593,0.9086747513156509,4.780052126133742
06912500,opt,0.5369727546601353,-0.0005265760362194172,0.011100965093502335,-0.00039731254937447336,0.0,0.07973519498438719,1.9646659206901118,0.00039602656404236214,0.0,3.585384945407837,0.7044232565445431,4.595119850134589,2.3002079112168112,-0.0005312374763554627,0.01850196167454337,-0.0003972863284587229,0.0,6.762607305926205,6.068039343379141,0.99,96.6034217995828
06921350,init,1.3770620176454167,-0.1027473506031773,0.002771016567293394,-8.439446869124012e-06,-0.010640353267649116,-0.08201829425014129,0.012318466975358433,3.71151442912776e-07,-0.04158212654259419,0.0,0.0,0.0,0.0,-0.10274406861809456,0.004112260206133444,-8.43972817399372e-06,-0.010629776681607373,0.1875,3.0,0.5,0.04999999999999998
06921350,mid,0.5896770144625569,-0.09432283775592798,0.26647905306277087,-0.013569973300972538,-0.5159569541178077,-0.034560336596989316,0.5647227492436291,0.016869087421655937,3.5545299704092814,1.7236006624831899,0.061487755261154756,2.2975599250672945,1.5702413444939034,-0.09432526659556402,0.2831966539938008,-0.01356857456805948,-0.504210340562593,1.0508761333043486,3.190252425539433,0.9086747513156509,21.85811686624842
06921350,opt,0.4139916534070828,-0.0012994970803717476,0.04064503641449113,-0.000667987852126517,0.0,0.12010189058206389,4.343597244927666,0.000695397396333064,0.0,3.4472013249663798,0.12297551052230951,4.595119850134589,3.140482688987807,-0.0013070482258858577,0.08011270939577968,-0.000667937971764536,0.0,5.889816786926397,3.392570179553413,0.99,119.0
07124410,init,0.4043012973676993,0.00011743266202374203,-0.001112673134556763,2.383789187293539e-05,-0.0002285494828682677,0.00029704520218554187,0.020617651673715542,5.508767053630237e-07,-0.002090368552004618,0.0,0.0,0.0,0.0,0.00011739267998988905,-0.0010991683088856252,2.3838686463318146e-05,-0.00024168928121603373,0.1875,3.0,0.5,0.04999999999999998
07124410,mid,0.3858893741817171,0.00021499552797510368,0.01753678546589088,-0.002195102597624121,-0.02148780033378178,0.00027745318820215914,2.3596621090499204,0.07903312817247876,2.0140371057227044,-0.6608779199911597,-0.057948567621562336,-0.5640362749774028,1.5702413444939034,0.00021496937444878252,0.04886769756768076,-0.0025413494934601127,-0.027001881657684308,0.09682458365518541,2.8310954485384285,0.362614058918622,21.85811686624842
07124410,opt,0.3809186595477564,0.00010048792925265726,-0.016796432758237057,0.0004796348061497646,0.0,0.00011418524098472105,4.352156717919442,0.2798065579631692,0.0,-1.3217558399823195,-0.11589713524312467,-1.1280725499548057,3.140482688987807,0.00010047854040169202,-0.0006550157300731597,5.8990192196018265e-05,0.0,0.05,2.6717004795783352,0.2445169803633834,119.0
07198000,init,0.9996659628591948,-0.05437008849078773,0.0007792833031455837,-2.6088547988578625e-08,-0.0060466295840444495,-0.04714910955161411,0.11393174638968384,3.275291149407167e-07,-0.023340042544783834,0.0,0.0,0.0,0.0,-0.054367844701263913,-0.0010893901764504363,-2.6089415581059797e-08,-0.006040850977022511,0.1875,3.0,0.5,0.04999999999999998
07198000,mid,0.7795998799863748,-0.1584824602654411,0.0034934091840632675,0.000150483019961678,-0.1136089115166522,-0.06256063467824369,-0.35272969383604025,-0.00010449787979371905,-0.49029724670385244,1.7423923386424036,0.16537549295431067,2.2975599250672945,0.8896290794568497,-0.15848495366822246,0.009882224675046668,0.00015048100660367962,-0.11542021866231457,1.0708105714252467,3.539508167017437,0.9086747513156509,1.730951327273162
07198000,opt,0.3933987479014298,-0.000698421187969589,0.00829783222437569,-0.0005591379756503256,0.01761106462903478,0.12688985076447779,0.6815133836328424,0.0005620280882356887,3.685718526484499,3.4847846772848072,0.33075098590862134,4.595119850134589,1.7792581589136993,-0.000707015350540246,0.011737242253965193,-0.000559100153775575,0.04843732808101051,6.115388159339004,4.176039354794378,0.99,40.73323405692339
07339000,init,0.5814200554300024,-0.004757751196049487,0.0010619287270224875,4.1950925511180515e-07,-0.0012498288726348061,-0.005244193322373469,-0.01294665830292585,5.215122778068348e-07,-0.003155769587315227,0.0,0.0,0.0,0.0,-0.004757369144683771,0.0014816187307759713,4.1952323875966524e-07,-0.0012649931976573415,0.1875,3.0,0.5,0.04999999999999998
07339000,mid,0.5579113311976934,-0.015187291271676062,0.01346261081229816,-3.513304091817826e-05,-0.049354737603019005,-0.012033628739305247,0.150772105204644,3.898024986126458e-05,-0.18382295711050212,1.1813930720085666,0.05315281096774983,2.2975599250672945,0.8525892994982998,-0.015187222739487282,0.016759583741594603,-3.51301869359691e-05,-0.04934674847704462,0.6110458012057515,3.163772357536717,0.9086747513156509,1.4955594753048382
07339000,opt,0.49329761841423575,-5.9979174912849764e-05,0.01398832596715277,-0.00023104116364802696,0.011809313204172445,0.03373589723881798,4.103443357400677,0.00023452049552341592,2.639944390570026,2.362786144017133,0.10630562193549967,4.595119850134589,1.7051785989965995,-6.414739458249228e-05,0.012139143260495073,-0.00023102508740337462,0.01539765659541561,1.9913438462462865,3.336485176771145,0.99,33.175123655551694
08245000,init,0.6544470156043736,-0.000910279619747989,-0.00014007495011125748,1.6697767307727318e-06,-0.0002890783205616865,-0.0006099578286899998,0.014359162059940367,2.6358609739318695e-07,-0.0012446730371373782,0.0,0.0,0.0,0.0,-0.0009102702868662644,2.504939337532793e-05,1.6698323885364173e-06,-0.00027489884021385025,0.1875,3.0,0.5,0.04999999999999998
08245000,mid,0.5948718224948257,0.00016054070826609923,0.011828197812630004,0.016952315674675922,-0.1678809261440345,0.00031374285613949837,-0.18297084980134493,0.09386101032266003,0.13360664939704447,-0.6608779199911597,-0.5605721541899685,-0.3372196414581424,1.5702413444939034,0.00016050212169150675,0.012847699493851103,0.01797914015498939,-0.186898236591952,0.09682458365518541,1.7126470130021272,0.4164850170910721,21.85811686624842
08245000,opt,0.5171388104493775,2.190329391749124e-05,-0.010666075831874955,0.014774893308219794,-0.0006666866774029945,4.3977432806485695e-05,1.1775613922673789,0.7361350320436721,0.004960711948998053,-1.3217558399823195,-1.121144308379937,-0.6744392829162849,3.140482688987807,2.1897592770454863e-05,-0.004820809218163597,0.01332255493779126,-0.0006641706675887415,0.05,0.9777199303817028,0.337503524882106,119.0
08287000,init,0.8128114323155233,-0.0031271444423996986,5.670108239597127e-05,1.7630726609207947e-05,-0.0005430914565590639,-0.0033027155299514277,-0.042072941281445786,1.0617687284941724e-06,-0.0017909829605478045,0.0,0.0,0.0,0.0,-0.003126908767000006,-0.0005602978326106711,1.763131429116147e-05,-0.0005438418165323221,0.1875,3.0,0.5,0.04999999999999998
08287000,mid,0.7038725942148784,-0.00045646532039478327,-0.21079825574637778,0.05895357976047344,-0.34074212807660154,-0.0004343134504813939,1.5269901534367691,0.4599776893982055,0.006174304313655288,-0.6608779199911597,-0.5682391902499024,-0.0912470075049593,1.5702413444939034,-0.00045643891051360346,-0.18393585520568997,0.059396580075276484,-0.4044144231794764,0.09682458365518541,1.6995662958379973,0.4772040625417592,21.85811686624842
08287000,opt,0.584926917292131,-0.0001358367815007533,-0.19332013819086946,0.034297472758654246,0.0,-0.00013834219547703697,32.68138268857273,5.200658097551103,0.0,-1.3217558399823195,-1.1364783804998049,-0.1824940150099186,3.140482688987807,-0.00013582726707353832,0.08807121122604401,-0.013413166402837927,0.0,0.05,0.9628418646494972,0.4545026966453771,119.0
08317950,init,0.5217919573476277,0.001389368366622179,1.4786554758394743e-06,9.30823418343607e-08,-7.104044927874753e-05,0.0009300215547680679,0.0012697940593442425,1.1112777364985504e-08,-0.00028874326207795065,0.0,0.0,0.0,0.0,0.0013893390991868795,-1.5015541020389233e-05,9.308544174969654e-08,-7.116956004664512e-05,0.1875,3.0,0.5,0.04999999999999998
08317950,mid,0.5196085452115986,0.0010114785002374171,0.0006894657159750572,6.18886452280476e-05,-0.006631983409069453,0.000798408071600587,-0.03917210205373056,0.00048735221830353836,-0.19047080493800328,-0.6608779199911597,-0.6133965467148836,-0.23660441237819282,1.0922651917911081,0.0010114474942830036,0.00024004847496315748,6.19316790003286e-05,-0.0046611155620192475,0.09682458365518541,1.624525449334017,0.44112330882376893,3.8242324708868467
08317950,opt,0.510790307221789,0.0006830508301108873,0.006742928563110984,0.001474449031449443,-0.0034602976059699975,0.0006320949744176296,-0.5531874175299101,0.18910646437081402,0.3397733590568275,-1.3217558399823195,-1.2267930934297673,-0.47320882475638565,2.1845303835822163,0.000683014933307858,0.0021484234604960163,-0.0019208966787776288,0.0029872192695163608,0.05,0.87969431184463,0.3838570395671815,86.66191968832115
08382830,init,0.916698217406125,-0.00296426497759239,-0.0004052396588044571,-7.452629818827106e-07,-0.0002852518054818898,-0.0026328333538327975,0.032993402635239644,1.261027393617553e-07,-0.0014716909413348134,0.0,0.0,0.0,0.0,-0.002964130210011532,-0.000576048088877007,-7.45287823602947e-07,-0.0002799146629356568,0.1875,3.0,0.5,0.04999999999999998
08382830,mid,0.9154749822577173,-0.00142385478285878,-0.013157475947375707,0.0009613906895883373,-0.00790581860293793,-0.0013352458536064482,0.30468062975658183,0.000562013832416941,-0.050929351604334094,-0.6608779199911597,-0.21942812572369325,0.8763319603554468,0.9700034813813151,-0.0014237770452335554,-0.01824656638822379,0.0009614853877393568,-0.010612076329841076,0.09682458365518541,2.408933607216762,0.7060615369331159,2.3743268911694693
08382830,opt,0.8165512878723463,-0.0003813002519503783,0.0571647691218119,-0.00011746680317614722,0.013768364002605948,-0.0003523397584803689,8.442495355089063,0.08161798012024102,4.582566628675011,-1.3217558399823195,-0.4388562514473865,1.7526639207108936,1.9400069627626302,-0.00038128045572296474,0.0061201610345066335,-8.185586682131921e-05,6.679565422190576e-06,0.05,1.9343203746594533,0.8522884852969387,59.31664719547461
08384500,init,0.944067743061025,-0.0007098222997825587,-0.0006854901931335755,2.067606530431476e-07,0.00011873427070152598,-0.0006405746821869229,-0.09539002247399564,2.3592239273284576e-08,0.0006014103068330279,0.0,0.0,0.0,0.0,-0.0007097871832463332,-0.0005916302235595796,2.067675469690157e-07,0.00011850641884463806,0.1875,3.0,0.5,0.04999999999999998
08384500,mid,0.9468681984017044,-0.0004474529947617878,-0.0018300566163226284,0.00046054362686231975,0.0036766491769008036,-0.00041301494890788604,-0.5220474762149263,-0.00021925400550681928,-0.12772466020855022,-0.6608779199911597,-0.1203444908597301,2.2975599250672945,1.0764153579335523,-0.0004474293530320029,-0.007272693679797921,0.00046055390284546554,0.0011954577511026302,0.09682458365518541,2.6598448600636044,0.9086747513156509,3.5963451817605536
08384500,opt,0.8139004191123961,-2.5462426075928413e-05,-0.02451836997728607,-0.0003217041181308167,0.007079696901177157,-3.040061258285931e-06,5.92779190768361,0.0007438730062481191,1.1948164824146512,-1.3217558399823195,-0.2406889817194602,4.595119850134589,2.1528307158671045,-2.546495335417781e-05,0.06833594653047068,-0.00032159993785796495,0.0156792884218918,0.05,2.358258226535592,0.99,83.5249163916567
08390800,init,0.5744273441932747,-0.019221821191953148,-0.0004186264971894893,1.3964132092314507e-05,-0.0005800805284866817,-0.014264772265903947,-0.04349539573955674,5.15067710704642e-07,-0.005069479462049831,0.0,0.0,0.0,0.0,-0.019221372730738175,-0.00046864048583237757,1.3964597555866297e-05,-0.0006088992337945208,0.1875,3.0,0.5,0.04999999999999998
08390800,mid,0.5702929410246314,-0.009547073640589487,0.030046360350621804,2.14106670365366e-05,-0.04449060286343953,-0.008143852171238475,0.2897825017583733,1.3741844051562424e-05,-0.07861842579448552,-0.6608779199911597,0.4028323051710256,2.2975599250672945,0.9326019203714992,-0.009546688925611032,0.0334014185744139,2.141505741484696e-05,-0.0452596652158979,0.09682458365518541,4.488167969320063,0.9086747513156509,2.0500431841700326
08390800,opt,0.4362146242712303,-0.00021156408944733585,0.0023941698884533125,-0.0005270019255113056,0.0,-0.00016283046133658274,3.09427430410375,0.0005837289963894765,0.0,-1.3217558399823195,0.8056646103420512,4.595119850134589,1.8652038407429985,-0.00021155943112022464,0.06061279051074231,-0.0005269556928168027,0.0,0.05,6.714550573610195,0.99,50.42284601285697
09426000,init,0.8855002860164656,-0.05508470445133862,-0.0002093163027988565,3.018917699160184e-07,-0.0005885182901094188,-0.03813379153533303,-0.01787988694629261,2.7252922141229874e-08,-0.002339846024435044,0.0,0.0,0.0,0.0,-0.05508377994455114,-0.0005825903918080702,3.0190183641024126e-07,-0.0005885513010270915,0.1875,3.0,0.5,0.04999999999999998
09426000,mid,0.7179715004825374,-0.09874817477381892,0.01079803915659816,0.0002498022397046107,-0.06715793530856773,-0.010161317526014013,-0.1256171837485387,-0.0001386742876086089,-0.04041262049531147,1.6367118344619722,0.8771808221309321,2.2975599250672945,1.5702413444939034,-0.09875157081712267,0.01358072224354099,0.00024980458506055134,-0.0680729096462216,0.963421181233405,7.212337568862857,0.9086747513156509,21.85811686624842
09426000,opt,0.5082747913230752,-0.005291298037202186,0.038082242743861516,0.00022807968429738867,-0.001715974211879967,0.03728993653973056,3.1328498501023705,-0.00021294085966738763,0.006864685601626341,3.2734236689239444,1.7543616442618641,4.595119850134589,3.140482688987807,-0.005293955988250515,0.03733321382426199,0.00022806745453734758,-0.0017141424689616114,4.950295319728904,17.339271069076865,0.99,119.0
10134500,init,0.6657031637568849,-0.0002566276104898346,0.0004377403091088139,0.0,-0.00014235035946663643,-0.00018057085104938864,0.0022149703463036907,0.0,-0.0005159777821672762,0.0,0.0,0.0,0.0,-0.0002566260333395215,0.001342095572512362,0.0,-0.00014224109326023459,0.1875,3.0,0.5,0.04999999999999998
10134500,mid,0.6917671877408901,0.00020642013882909982,-0.02347855496986906,0.004579755980291256,0.0807801596811597,0.0004923165550230202,-0.6809715131822491,0.1156862049064844,0.9265450684597942,0.8056994624886085,-0.4915480037076626,-0.5179594249168503,1.5702413444939034,0.00020634922753291757,-0.02488768898423175,0.004855101677220259,0.07810418727317026,0.41967403713680557,1.8350363396977558,0.3733295120557803,21.85811686624842
10134500,opt,0.6367880303440978,2.223298156689424e-07,0.010161677395439939,-0.045797929354096656,0.0,0.001328330327954319,17.668958199610064,7.735675900789607,0.0,1.611398924977217,-0.9830960074153252,-1.0359188498337006,3.140482688987807,-2.634157939741983e-09,-0.12678080736940064,0.028122815227918645,0.0,0.9393402530490926,1.1224527893371126,0.2619382218503975,119.0
12106700,init,0.19212427062916357,0.004087028659197078,0.0006786487243143347,1.045708954566793e-05,0.0024370084452558782,0.007355040788914469,-0.1536888587633234,0.00023037960372729316,0.007558186370035247,0.0,0.0,0.0,0.0,0.004086205995742538,-3.173086299513922e-05,1.2759202142660352e-05,0.002366003163374732,0.1875,3.0,0.5,0.04999999999999998
12106700,mid,0.19662971315051342,0.002182173163169099,-0.01391065851516285,0.00017976664842059287,0.03015222243479554,0.003216639463399229,0.046621793483095364,-0.0001341689098016685,0.05564114364933759,-0.6608779199911597,0.5571312245263461,2.2975599250672945,0.747623904710266,0.0021818430591461274,-0.013937349222483847,0.000179762717118184,0.02889912222192128,0.09682458365518541,5.236972232960752,0.9086747513156509,0.9870061928104127
12106700,opt,0.16952451319072315,0.0014979232172133983,0.0039051418294931695,-2.441870048455752e-05,0.0,0.001840928543703213,1.5418972129489088,3.11917052603361e-05,0.0,-1.3217558399823195,1.1142624490526922,4.595119850134589,1.495247809420532,0.0014977588428399652,0.002906714619388762,-2.4415745954645685e-05,0.0,0.05,9.141959389600641,0.99,16.995617412565725
12362500,init,1.0458402300163454,-0.0007051647128830663,0.0,0.0,0.0,-0.0007294055365258956,0.0,0.0,0.0,0.0,0.0,0.0,0.0,-0.0007051138706900359,0.0,0.0,0.0,0.1875,3.0,0.5,0.04999999999999998
12362500,mid,1.0296811441365736,-0.011955700722909857,0.0,0.0,0.0,-0.003601991356294576,0.0,0.0,0.0,3.3027431223921666,0.007303843333179116,0.037179489935071586,0.511398815297073,-0.011955863410427432,0.0,0.0,0.0,5.097583932833117,3.0219917443628157,0.5092938019286897,0.3856061306828099
12362500,opt,0.9771483243664376,-3.265923920192648e-07,0.0,0.0,0.0,0.01653650849087196,0.0,0.0,0.0,6.605486244784333,0.014607686666358232,0.07435897987014317,1.022797630594146,2.7602974513437012e-09,0.0,0.0,0.0,138.58859707881783,3.044144700999005,0.5185811840765433,2.919023269979576
13032500,init,0.48183156444188946,-0.001163703457697507,0.001099808477736386,-1.827230569628746e-06,-0.000545513086565308,-0.0011585826607818372,-0.09204371536175593,3.3646724295621766e-07,-0.0020390142306536685,0.0,0.0,0.0,0.0,-0.00116362749982846,0.0006857553299434506,-1.8272914782821084e-06,-0.0005450450462166944,0.1875,3.0,0.5,0.04999999999999998
13032500,mid,0.4757340778158519,-0.005842471704015084,0.007464133246835869,-3.262333157783015e-06,-0.004472797298206432,-0.005136120312665415,-0.2867598451604392,2.965576256785951e-06,-0.01886320282404319,1.696201091513003,-0.01217448541066843,2.2975599250672945,0.5413529940906996,-0.005842238931989456,0.011378495321820305,-3.262175055026311e-06,-0.004515961393052234,1.0224734654534586,2.9636979714104013,0.9086747513156509,0.43451228930318536
13032500,opt,0.45699350346950907,2.0100007311341095e-06,0.0045210555540395325,-1.2231417551022972e-05,8.013261918460302e-05,0.029947749925346434,1.038089200694342,1.2073505806231566e-05,0.13404928890903278,3.392402183026006,-0.02434897082133686,4.595119850134589,1.0827059881813992,-3.0611280297662143e-06,0.0022799387956143427,-1.2230633522649308e-05,-0.0005410368347077997,5.57574393363416,2.927835221914043,0.99,3.685172138841466
13190500,init,0.3600809577736614,-0.001493210870967543,-6.047546304011053e-06,2.111089233980401e-07,-3.7245398344654124e-05,-0.0014297972328325415,-0.00222018551807035,3.291991679255091e-08,-3.2335962657503714e-05,0.0,0.0,0.0,0.0,-0.0014931261249085104,-0.00010686408588175155,2.1111595977234754e-07,-3.729887487446091e-05,0.1875,3.0,0.5,0.04999999999999998
13190500,mid,0.3562585703822752,-0.004414484696273202,0.003977358047348167,-1.0305157630008388e-05,0.0006017618293718829,-0.002989684304982587,-0.13364716111755048,1.2048839703737713e-05,-0.01012239306985574,1.2894008727062691,-0.5153398110997164,2.2975599250672945,0.6733629355440922,-0.00441449177781355,0.002876386755507629,-1.0304219933530194e-05,0.00031897408687393337,0.6807395073835346,1.7918927753320852,0.9086747513156509,0.7349102762600943
13190500,opt,0.3353277469432516,3.1968371604074175e-05,0.005316231397549387,-3.19946121887793e-05,0.006788799797328993,0.013957348803800285,1.8843008990719612,3.5896292466253144e-05,1.8301499608290583,2.5788017454125383,-1.0306796221994328,4.595119850134589,1.3467258710881844,2.9953184012827e-05,0.002522213634356988,-3.199171565595702e-05,0.0009564365108681498,2.471500143534813,1.0702932394291078,0.99,10.01827051916405
13202000,init,0.37387680927768424,-0.0017270517193648804,-0.0002570704503046528,3.726596814468408e-06,-4.5024255063141894e-05,-0.0017284797453054335,-0.0175780942232584,3.9778097482567887e-07,-0.00014923204394445833,0.0,0.0,0.0,0.0,-0.0017269387876201108,-0.00032289219580038017,3.726721035199799e-06,-4.6669333045346974e-05,0.1875,3.0,0.5,0.04999999999999998
13202000,mid,0.3665866768055355,-0.007536632289757705,0.0036432285044338264,1.4235696306486023e-05,-0.0030647008985376645,-0.005800104883740831,-0.01244034928862825,-8.42843475568067e-06,-0.014916470651576974,1.5991837301726133,-0.5481740193275872,2.2975599250672945,0.6563160062504414,-0.007536516040862029,0.0035907771224870126,1.4235744027788529e-05,-0.00310948615257351,0.9279358243346334,1.734012816010448,0.9086747513156509,0.6867459738663636
13202000,opt,0.33505035104988995,1.0499794711460453e-05,0.0011071511782520527,-4.240884519529642e-05,0.00013862464665198582,0.018699696497648244,0.5437502530723781,4.325910588076631e-05,0.6165353388117023,3.1983674603452266,-1.0963480386551745,4.595119850134589,1.3126320125008828,8.782390085593637e-06,-0.0006529369892387212,-4.2405852838757966e-05,0.0008460556185997483,4.592346101779176,1.0022668153628282,0.99,8.835124941353135
13217500,init,0.33537211579792225,0.0002031839491559162,9.465033355970931e-05,4.903384281940149e-07,6.155185208328584e-05,0.0003946988920422445,-0.008175315095448887,2.311198454840735e-07,0.0002153616009137327,0.0,0.0,0.0,0.0,0.00020313379195882183,0.00037659320500690234,4.903547709336543e-07,5.9957755267838364e-05,0.1875,3.0,0.5,0.04999999999999998
13217500,mid,0.33543641481651953,7.281694982680387e-05,0.0014416232481176405,-1.147265160372779e-05,0.0009186597888746761,0.00012518270045558388,-0.023995785739389097,1.1349603201704639e-05,-2.5596078173650838e-05,-0.6608779199911597,-0.5167806983894603,1.0812980788637343,0.44412261766838546,7.28018119454906e-05,0.0013592669398218517,-1.1472193241000373e-05,0.0008628436273224733,0.09682458365518541,1.7893127190390685,0.7467395541020678,0.29485099127384895
13217500,opt,0.33405825032338243,3.162162391101564e-05,-0.0013382097463071618,-6.683107678373545e-08,-0.00011376479245317483,4.786224666597505e-05,0.09498527437978854,0.00012586479275489282,0.07407788044810903,-1.3217558399823195,-1.0335613967789206,2.1625961577274686,0.8882452353367709,3.161629505962073e-05,-0.00035199478660203444,5.520781785691558e-07,7.153684766664867e-09,0.05,1.0672133355049949,0.896839987504918,1.721533406722803
14145500,init,0.564282356336504,-0.0010490460819023717,-0.0005514824338026525,1.2325280082658985e-05,-0.0007764391432157902,-0.0004987306551074155,-0.03835956027264942,4.206482384638832e-07,-0.002997714026731213,0.0,0.0,0.0,0.0,-0.001049082153088576,-0.0009424162024407472,1.2325690924870027e-05,-0.0007756965991354843,0.1875,3.0,0.5,0.04999999999999998
14145500,mid,0.5625237242045893,-0.000959823077315014,-0.0030410754135679063,6.481709885486353e-06,-0.006558603171472055,-0.0003477349305724964,-0.019315556686883006,-5.028125693584684e-06,-0.015683520682985286,0.033681302869330805,-0.00880844837992759,2.2975599250672945,0.5779442257876108,-0.0009598753076021183,-0.003571572973056761,6.481536994245787e-06,-0.006559972184653591,0.19392280127197706,2.973690697037382,0.9086747513156509,0.5027125778681425
14145500,opt,0.5557212649234468,5.053406648691805e-06,-0.005710409397935434,-3.205079325829807e-05,0.009305391880742864,0.0006139250768866233,1.6599012420098758,3.3172531943570505e-05,1.383175506759482,0.06736260573866161,-0.01761689675985518,4.595119850134589,1.1558884515752217,4.938636555558624e-06,0.0017675716253764077,-3.204843784965965e-05,-0.00037642284810486147,0.2005656152169104,2.9476121205488903,0.99,4.887385271491736
14150000,init,0.4984290917348997,-0.0049854582879357845,0.0009083220745650933,0.0,-0.0010243758719524765,-0.0040289362636392045,-0.08152206275965912,0.0,-0.003979776530549373,0.0,0.0,0.0,0.0,-0.00498531791838736,0.0007994619189149157,-1.7414108491798894e-184,-0.0010233763781904747,0.1875,3.0,0.5,0.04999999999999998
14150000,mid,0.48969250628273914,-0.008838529040151866,6.824944755734474e-05,3.3080456041112427e-06,-0.008984929687032295,-0.0030614387107330554,0.0013108569729691766,-2.3227494927446912e-06,-0.033090199332425074,0.9429126328533044,-0.03799064544046425,2.2975599250672945,0.5461217852134368,-0.008838967027624897,0.00020956720891048586,3.3079971607638808e-06,-0.008943644596986435,0.4813966075451374,2.8881658400665304,0.9086747513156509,0.44284935779707385
14150000,opt,0.4741840683950606,-1.6786036896587753e-05,-0.0011869720946869333,-5.315217202483957e-05,-0.0034411202832498877,0.017983545517741284,0.9112837380299832,5.252697332647216e-05,0.8202520120360879,1.8858252657066088,-0.0759812908809285,4.595119850134589,1.0922435704268736,-1.902954332313465e-05,0.0013820457797143013,-5.3148753029237714e-05,0.002502980188876216,1.2359610333651574,2.7805006399090693,0.99,3.8239122835954076
14151000,init,0.5701719202896876,-0.0026809459225923815,-0.0012778341203500965,-1.1060138804808162e-06,-0.0023080424491839224,-0.0006230494634107409,0.03608077543348909,-6.077103598123301e-05,-0.00909043689323319,0.0,0.0,0.0,0.0,-0.002681151679875485,-0.0035969260857616095,-4.888912774199726e-07,-0.0023096160784356616,0.1875,3.0,0.5,0.04999999999999998
14151000,mid,0.5651994797373695,-0.0014829008439687374,0.02093898176296627,-0.00021980548791655785,-0.004801957808700519,0.0016604273977982587,1.1393849788007837,0.00019056182742893668,0.07017142153703526,0.2793369192753133,0.2239805300337982,2.2975599250672945,0.7521359278399568,-0.0014833625335803117,0.01974626432964171,-0.0002197963474330891,-0.005446874212157945,0.2479223927386088,3.7531399840650725,0.9086747513156509,1.0048309760882113
14151000,opt,0.5609369635567716,-1.8243563995601342e-05,-0.003406673025402318,-2.839396918696835e-05,0.0,0.005009096048225192,0.7239555112725782,2.877262927913904e-05,0.0,0.5586738385506266,0.4479610600675964,4.595119850134589,1.5042718556799135,-1.909140753157584e-05,0.0004300974856284822,-2.8392003078241575e-05,0.0,0.3278160683799306,4.695353246662657,0.99,17.529049985067743
14153500,init,0.30238064434329565,-0.0009410617761371198,-0.0005836143551443684,1.2559592157956878e-05,0.001997813308775298,0.0024329175164761185,-0.04950165113024041,1.0652154158741212e-06,0.01006792646737753,0.0,0.0,0.0,0.0,-0.0009415925926224737,-0.0003898956114111158,1.2560010808723255e-05,0.0020089853750903594,0.1875,3.0,0.5,0.04999999999999998
14153500,mid,0.30265500644064025,-0.0007301998225336948,-0.018892660396750693,-1.7308825749073886e-05,0.00476142292974574,0.0002637472017175124,0.6952340148323743,1.7808894220427973e-05,0.029876603497153154,-0.6608779199911597,0.555430630004883,2.2975599250672945,0.6552496577628044,-0.0007303370814332911,-0.020989900956682652,-1.7307647783926715e-05,0.0050793251304607065,0.09682458365518541,5.228073835100179,0.9086747513156509,0.683839627272209
14153500,opt,0.28433876522706175,7.517810502316591e-05,0.019035789714319518,-0.00016430415576002,0.023473552146408005,0.00034220445518928777,2.785665830365991,0.00016384056653051537,2.136963991326013,-1.3217558399823195,1.110861260009766,4.595119850134589,1.3104993155256088,7.512149764532317e-05,0.05551348870310443,-0.00016429329902235072,0.03948565232834025,0.05,9.110918675086369,0.99,8.765557063144632
14155500,init,0.40376509600253035,-0.03674927543615286,-0.0008020292765989478,1.1655744912297816e-05,-0.007373899420831664,-0.02663390500021179,-0.13520142862225026,-0.0005062579873371664,-0.03340925370104442,0.0,0.0,0.0,0.0,-0.03674868560632266,-0.0008648184953317623,1.3735352493437798e-05,-0.007376744428512656,0.1875,3.0,0.5,0.04999999999999998
14155500,mid,0.33630348536832355,-0.04656015571178479,0.008465865950499363,-0.00016372022267341357,-0.08435258833522502,-0.012667830406459801,0.024338726403172473,0.0001556038214944877,-0.2105334380526902,0.8400127396501138,0.24786126862282762,2.2975599250672945,0.7797703103849019,-0.046562465086622325,0.0062033160620985715,-0.00016371118056960845,-0.08462505582831165,0.43432434125135316,3.843846497472025,0.9086747513156509,1.1211765918364236
14155500,opt,0.24678032274793166,-0.00031385687404572593,-0.0012575942884618385,-0.00018484338988253302,0.001215827989081708,0.0612063173553723,0.8030472610268125,0.0001904318603501709,0.8272465729133871,1.6800254793002276,0.49572253724565524,4.595119850134589,1.5595406207698037,-0.00031975618258843225,0.0025978121192277563,-0.00018482997841081354,0.0007882649718316512,1.0060673781515834,4.925051965375985,0.99,21.103328956340324
14159500,init,0.619606519491893,-0.0016038098785975397,-0.00024213536570227845,2.8665677331840556e-07,-0.00047435739956303014,-0.0006061736534945794,-0.04336813939076478,4.276495824129256e-08,-0.001811000908957805,0.0,0.0,0.0,0.0,-0.0016038985648693163,-6.177784421516802e-05,2.8666632667913876e-07,-0.0004739200733579633,0.1875,3.0,0.5,0.04999999999999998
14159500,mid,0.6182730339589074,-0.001554798906280852,0.015448443580803883,-1.6601839469831958e-05,-0.00370329072071629,-0.00011852693188041385,-0.4925503650746177,1.4137662707192078e-05,-0.009583845144434111,0.18734800854202568,-0.05814790694426633,2.2975599250672945,0.5223620787649403,-0.0015549731348244848,0.012184731235207732,-1.6601190846449425e-05,-0.0037034928514126358,0.22613379874852843,2.8305311561339077,0.9086747513156509,0.4028343654961069
14159500,opt,0.6133996524241444,-5.0423332786930786e-06,0.001219679028735543,-3.241206735227209e-05,-0.00047274553230669536,0.0020169921194357343,1.7185534240271583,3.24302401599752e-05,0.04180342435683437,0.37469601708405137,-0.11629581388853266,4.595119850134589,1.0447241575298807,-5.413967107916129e-06,0.00586088506141211,-3.240990416826536e-05,0.00023650156845245364,0.2727279729943465,2.6706355419482524,0.99,3.179512332288233
14162200,init,0.5808249191457666,-0.009345439207225636,-0.001837616857144897,-1.2045979463914946e-06,-0.004063624780079045,-0.006327899310099028,-0.05919574672302863,1.531358373441094e-08,-0.019824744318108767,0.0,0.0,0.0,0.0,-0.009345418653273234,-0.0028951984942993158,-1.204638100120964e-06,-0.004099075200094351,0.1875,3.0,0.5,0.04999999999999998
14162200,mid,0.5692359879833362,-0.01059603517946095,-0.00880121344628837,7.032356036384968e-06,-0.027245781108273248,-0.0034828666817254827,0.16112823158970224,-4.833361488820742e-06,-0.05662891372132384,0.4437707199229621,0.10410954895277677,2.2975599250672945,0.5132332158589987,-0.01059667495364426,-0.014056353854766087,7.032270125627462e-06,-0.02667729562067561,0.2922324552924239,3.329166051425415,0.9086747513156509,0.3884367686710257
14162200,opt,0.542462174405585,-7.558132572027532e-05,0.014604208391211237,-0.00015383446146377544,-0.0003094629001804128,0.012295007266183156,3.872845274139891,0.00015254422613963925,0.827595354120636,0.8875414398459242,0.20821909790555354,4.595119850134589,1.0264664317179975,-7.756559881348633e-05,0.02572250524490674,-0.00015382446434567944,0.00012491543714645436,0.4554656422732723,3.694448865987829,0.99,2.961111555849313
14169000,init,0.40178973265252227,-0.019088455152652117,0.00016712405706414968,4.004140626012731e-06,-0.0020793843041905236,-0.015284626970202275,0.020361462164247834,4.946916487558184e-07,-0.008754041381786593,0.0,0.0,0.0,0.0,-0.019087928930055023,-0.0003860168168929178,4.0042740969690285e-06,-0.0020656116217841157,0.1875,3.0,0.5,0.04999999999999998
14169000,mid,0.3499168034501478,-0.006435168123378188,-0.1431587337200002,0.0020502998901661407,0.07770596101988048,0.004322461762684693,-2.446973662690033,0.0009324094413232231,-2.329008587463599,0.8683151855985525,0.4432691204359767,2.2975599250672945,1.5702413444939034,-0.006436487937033313,-0.12274498187738207,0.0020506576217298625,0.09475325128079747,0.44679238829692025,4.673374534396232,0.9086747513156509,21.85811686624842
14169000,opt,0.2980997200911588,-0.0002336448247791667,0.009785314576919724,-0.00014495348417686849,0.0,0.0394118880803207,1.061652735123847,0.00015428049227050877,0.0,1.736630371197105,0.8865382408719534,4.595119850134589,3.140482688987807,-0.00023815370519127455,0.010413560736970475,-0.00014494199781971953,0.0,1.0646583372803515,7.280143179581066,0.99,119.0
14181500,init,0.6022705829146072,-0.013609595962535415,0.0032128565578354307,-1.164590035518387e-06,-0.0047650735689214185,-0.011763722179980451,-0.23241897658204946,2.9976021664879227e-09,-0.018520461533000354,0.0,0.0,0.0,0.0,-0.013609081331526666,-0.0023212712986340803,-1.1646288541388275e-06,-0.004760418007515441,0.1875,3.0,0.5,0.04999999999999998
14181500,mid,0.5725415822925534,-0.026786420552943335,0.03009048761821731,-6.458784258811523e-05,-0.03171491612652677,-0.010402723323865715,-0.4103204916228176,5.362418870058505e-05,-0.11865086452705897,1.0709820237510455,-0.012246854657298087,2.2975599250672945,0.49969494825042904,-0.026787666117146954,0.03339198544518029,-6.458554427438381e-05,-0.031617518295615585,0.5471707271442688,2.963483498581685,0.9086747513156509,0.3680239337213955
14181500,opt,0.5363134128061846,-8.92928069734511e-05,0.0026161241897970644,-9.422448075946388e-05,0.009006917921750013,0.04858907648758182,1.8619393259539097,9.271777429153971e-05,0.8718698470328023,2.141964047502091,-0.024493709314596174,4.595119850134589,0.9993898965008581,-9.405683004938144e-05,0.009502386146775546,-9.421849789064027e-05,0.009137263841808529,1.596777624765802,2.9274114821219808,0.99,2.663909311850905
14362000,init,0.27085218166985253,-0.00029932685375322343,0.0002722669235205588,-3.820797166154133e-06,1.096289220098301e-05,0.001589880752606021,-0.013894115767354442,2.222282080577287e-07,-0.0004522757750258233,0.0,0.0,0.0,0.0,-0.0002996553023088281,0.0006985060302799931,-3.820924524501814e-06,1.8479247369202274e-05,0.1875,3.0,0.5,0.04999999999999998
14362000,mid,0.2721054062724929,-0.000242821214166411,0.010596292384686123,-5.278313234269305e-05,0.007453087015035775,0.0011900277749332666,0.08269598156793179,4.4063173110231446e-05,0.0392203911472877,-0.1429409206283777,0.5198938906002765,2.2975599250672945,0.5526691773561976,-0.0002430716982143916,0.012046276754978755,-5.2781214879485375e-05,0.007273823871705904,0.1625259895676076,5.045547540670411,0.9086747513156509,0.4545560864093892
14362000,opt,0.26863082971041546,6.731379620372735e-08,-0.0007717553056910131,-4.062905754886881e-06,0.00042711895242714126,0.0010887286108762773,0.38683849583484586,4.01819258422087e-06,0.24289896493459584,-0.2858818412567554,1.039787781200553,4.595119850134589,1.1053383547123952,-1.3529059177928142e-07,0.0021668925534473037,-4.062643807400334e-06,-0.0013000582792636905,0.1408783855196272,8.485849995055078,0.99,4.0226506997990095
11097000,init,0.11854224440723066,0.010209986007023858,-6.568562631384389e-05,6.913387060741849e-07,4.7490379708955976e-05,0.018464111689250884,-0.00032400075775096404,5.255275381532698e-09,0.0001979234350371617,0.0,0.0,0.0,0.0,0.01020804815405658,-0.00011564744565285438,6.91361750103739e-07,4.743331599943858e-05,0.1875,3.0,0.5,0.04999999999999998
11097000,mid,0.11473720743856644,0.0028180830649333216,-9.845221787020686e-05,2.450155399506826e-05,9.825929605626615e-05,0.005924552825518903,-0.006702400635223704,-0.0006736270304411041,-0.0055713969517381945,-0.6608779199911597,-0.1541230397991125,-0.6404701793003094,0.47742326799413076,0.0028173497538313903,-0.00016596958040216125,3.136183957799281e-05,4.2160065334133004e-05,0.09682458365518541,2.571499646768918,0.3451402624552456,0.3367438953584571
11097000,opt,0.11356086243042555,0.0006798403990770224,7.879091072637845e-06,-0.00010763306676764284,0.0006570362121996465,0.0016682812965448934,0.04038117570936972,0.02431992974054331,0.15337638799919895,-1.3217558399823195,-0.308246079598225,-1.2809403586006187,0.9548465359882615,0.000679609907121219,-0.0004466358085355307,0.00013345644576680233,-0.0003994371154658514,0.05,2.204203477777557,0.2173901962544595,2.2372575863076314
11176500,init,0.3665227712822473,-0.014339580689241849,3.995326494643514e-06,3.0032220876829996e-07,-7.771155831337584e-05,-0.008390059027391095,-0.002600172528954836,6.634970350916092e-09,-0.000291495418913712,0.0,0.0,0.0,0.0,-0.014339736316633198,-2.2151689223838932e-05,3.003322176699052e-07,-7.764406324119659e-05,0.1875,3.0,0.5,0.04999999999999998
11176500,mid,0.35390660582815936,-0.01777070734845093,0.0003449354968099172,0.00026251851393960246,-0.007775729344421112,0.0010343664062772984,0.011153699708832399,2.962934883554702e-05,-0.01993719917700587,0.6743506112564231,-0.8958797346140275,0.2225850413330291,0.9697838434605923,-0.01777268864137384,0.0005876055760810255,0.00026310627736759383,-0.007672952943664592,0.36801711920542524,1.224744871391589,0.555417647581029,2.3722830577936467
11176500,opt,0.331164110714686,0.0003885388409841095,0.0017766731617796516,-0.004522275981355683,0.019531747561044033,0.04343205188522825,0.17766731617796516,0.043175347879953474,1.2639740138026268,1.3487012225128463,-1.791759469228055,0.4451700826660582,1.9395676869211846,0.0003831466359842208,0.0,-0.004804402700417811,0.023443263656052538,0.7223285334840541,0.5,0.6094902660774897,59.26394147307239
11407000,init,0.4314599685208965,-0.01492658807024927,-0.0009732754610802807,8.2260725176031e-07,-0.0002732538083874414,-0.007227845543467115,-0.026948060804499185,7.412570557363551e-08,-0.0008323516716146617,0.0,0.0,0.0,0.0,-0.014926986927630842,-0.0020797616567603716,8.226346724249824e-07,-0.00027422458266606307,0.1875,3.0,0.5,0.04999999999999998
11407000,mid,0.420674805839205,-0.016178325449762998,0.005769678901863806,1.7531416489358076e-05,-0.007386455662779234,0.0025345538769150355,-0.0030601270202545994,1.6403359920369454e-05,-0.023279445752616423,0.5478234301178645,-0.5383188923953771,1.4293237758468516,0.7872148960218925,-0.016180370102108627,0.005981055754696646,1.75346738856211e-05,-0.006953601702007348,0.3242783576585322,1.7511862164399794,0.8067959303443865,1.1547393385786426
11407000,opt,0.39290126928702873,5.3272385766578445e-06,0.00035869785227210516,-7.40918396080481e-08,0.003170337606120399,0.03939696753121891,1.2186991116804047,0.00041760124094847306,1.0711026609194763,1.095646860235729,-1.0766377847907542,2.858647551693703,1.574429792043785,-3.271656422272928e-09,-6.64393409268208e-08,3.604360207669072e-10,1.372301115271593e-08,0.5608344173104797,1.02221772154979,0.9457639681883924,22.15921469143997
11462000,init,0.8242841609059848,-0.03953021324954453,-0.002055288445859671,-6.413928554938053e-08,-0.0037631217324723965,-0.036663746528220464,0.040064859285482424,2.9255209366141344e-08,-0.015061109975011977,0.0,0.0,0.0,0.0,-0.03952820138099575,-0.0030400388144379985,-6.414142228097425e-08,-0.0037557510799530644,0.1875,3.0,0.5,0.04999999999999998
11462000,mid,0.6965371843978374,-0.11507934129380837,-0.0019614978778614844,-5.897397648280123e-05,-0.0626257245984585,-0.05722711686279025,-0.1660871490061222,5.2796732818993775e-05,-0.24572094194985628,1.4369248333606304,0.6084027822731236,2.2975599250672945,0.8252540005817826,-0.11508222782365132,-0.006847888536942391,-5.897125128006041e-05,-0.06220634256831096,0.7889505769509972,5.512482526330277,0.9086747513156509,1.342389006030759
11462000,opt,0.47377538933212665,-0.0001910506747179741,0.00621680909810296,-0.0001646015718587135,0.0019790630289492905,0.11790748307635712,2.2549152965342656,0.00016319463447267424,3.2030191961295027,2.8738496667212607,1.2168055645462472,4.595119850134589,1.650508001163565,-0.00019287006399033396,-1.3246383700558248e-05,-0.00016459088020187782,0.010392826188223799,3.3196960686469934,10.129154534365544,0.99,28.18953976610962
