STAID,plane,i,j,H11,H22,H12,lam_min,lam_max,v_stiff_a,v_stiff_b,corr,edge,a_opt,b_opt,a_teopt,b_teopt,tr_opt,te_at_tropt,te_max
01022500,T0_z,20,0,0.0026851062156025467,9.78851687037501e-17,3.129693788753282e-17,9.788516870374973e-17,0.0026851062156025467,-1.0,-1.1655754139510204e-14,-6.104676661732745e-08,True,0.1150092472273965,0.049999999999999996,0.18227737300077795,0.049999999999999996,0.8570382636668059,0.8469922117016833,0.8477651541995
01022500,z_kc,3,20,0.00022500659158153756,0.0024867539252570554,-2.714388565324686e-05,0.00022468087684439695,0.002487079639994196,-0.011998698126139806,0.999928013030577,0.0362875786862663,False,0.08963669751891243,3.464101615137754,0.23714406097793111,2.712337236181999,0.8571346165233453,0.84730851451601,0.8475955333456815
01172500,T0_z,20,33,0.04359972708034016,0.13851270865894033,0.020582655842476306,0.03932842805058121,0.14278400768869928,0.2031903270584154,0.979139260263776,-0.26485898838158456,False,1.3165953037790905,30.735782817026678,2.086662934185753,20.82733567666164,0.6959292427510244,0.6536466042476371,0.6610534526097718
01172500,z_kc,33,22,0.09306823548127417,1.0055660036560223,0.06644484489472915,0.08825534318281651,1.01037889595448,0.07224511957183487,0.9973869072220928,-0.21719771942025634,False,30.735782817026678,4.4242286098950245,25.30107638056499,4.4242286098950245,0.6954273987816404,0.6533980511679922,0.655333777404828
01206900,T0_z,20,27,0.027887925080035517,0.038918499359889704,0.005447315313896026,0.02565133268240197,0.04115509175752325,0.37981745263709105,0.9250614588622051,-0.16534701925953335,False,0.6235812826682116,9.563405978101459,0.3125309780022272,9.563405978101459,0.5584744891664608,0.574232483983868,0.5788091295405569
01206900,z_kc,26,26,0.01959237528400918,0.3200169882382275,0.003821993771007982,0.01954375985006858,0.3200656036721681,0.012718885595705385,0.9999191117031435,-0.04826806763732204,False,7.872402878128614,7.2165800518841685,9.563405978101459,6.385691965349638,0.5581432690839312,0.5730507508202576,0.575401227471505
01429500,T0_z,0,20,1.4408903953554864e-05,0.00531258525680986,9.360855361697496e-06,1.4392365179883363e-05,0.0053126017955835315,0.0017667987826857812,0.9999984392098127,-0.03383351389404975,True,0.0005,2.4494897427831774,0.005000000000000001,37.33787176347546,0.8591194733499613,0.7645349780783706,0.8116065870061044
01429500,z_kc,20,30,0.006762574328803482,0.08575399120284107,-0.010478544349425039,0.005396186923527733,0.08712037860811682,-0.1293038952910936,0.9916050134315325,0.43512872974350014,False,2.4494897427831774,11.771323825530844,37.33787176347546,13.302975020490752,0.8574969019909641,0.7680930340463259,0.813634483337051
01449800,T0_z,20,30,0.06512528686308167,0.03183858790921176,0.0009322190862346972,0.03181250085589378,0.06515137391639965,-0.9996086826566137,-0.027972871813764,-0.02047228254894091,False,1.1059362940684718,17.144642578192787,1.7527909037647937,14.113123910676606,0.6652662914661103,0.658700488627135,0.6730499553942355
01449800,z_kc,30,24,0.0013752887718411298,1.2420739570001444,-0.004679121577208141,0.0013576423699391603,1.2420916034020464,-0.0037712797417047356,0.9999928886992696,0.11321231028197953,False,17.144642578192787,5.650469000989535,20.82733567666164,6.385691965349638,0.6650535054468786,0.6578585330499707,0.6617316050385327
01470960,T0_z,20,23,0.006353482480645213,0.0159455232965008,0.0019051644433874077,0.00598893476969234,0.016310071007453672,0.18793749436779028,0.9821809905566065,-0.18928106069895329,False,0.2159199926471643,4.391283422990686,0.4308170243772448,4.391283422990686,0.6013203557292268,0.5640699332633321,0.5661885948461041
01470960,z_kc,23,25,0.01568804810028641,0.16031141444587427,-0.01775089444355067,0.013541193973260873,0.1624582685728998,-0.12006848202844252,0.992765611624106,0.3539594913672378,False,4.391283422990686,6.385691965349638,4.391283422990686,4.999896660282376,0.6011205218204287,0.5637788235429835,0.5673090491759093
01518000,T0_z,24,33,0.0023359415541837495,0.04128067420563142,0.0009747690785741556,0.0023115587898739367,0.04130505696994123,0.025006065889472035,0.9996872994435467,-0.09926527888728229,False,0.12559432157547912,30.735782817026678,0.07924465962305571,37.33787176347546,0.7190834566869448,0.7597367000577413,0.7600185369209144
01518000,z_kc,33,26,0.024268134867316056,1.370912152171928,-0.008969881511388268,0.024208389898465212,1.370971897140779,-0.006660471887009424,0.9999778188111187,0.04917718817044796,False,30.735782817026678,7.2165800518841685,30.735782817026678,8.155580934352352,0.7186810455384518,0.7560653262186737,0.7637521140732637
01520000,T0_z,23,32,0.0018002408091426388,0.02602975108238008,0.001179941834913557,0.0017429149916266535,0.026087076899896065,0.04852635986340044,0.9988219022420401,-0.17236944791818845,False,0.09976311574844404,25.30107638056499,0.06294627058970838,30.735782817026678,0.7523405375346736,0.7213662660887299,0.7284837219168278
01520000,z_kc,32,27,0.02794780233200595,1.239269405843875,-0.010889991837641857,0.02784990732340757,1.2393673008524733,-0.008989084183136743,0.9999595973665879,0.05851549168786493,False,25.30107638056499,8.155580934352352,37.33787176347546,9.216761942439154,0.7521703598607763,0.7167189869055941,0.7464829671795477
01534300,T0_z,20,23,0.031325755102359236,0.04180191005458348,0.007743880101140774,0.027214761252045555,0.04591290390489716,0.4688934641016746,0.8832547307106435,-0.21399803361957306,False,0.619791218795468,4.391283422990686,0.619791218795468,17.144642578192787,0.6810556702588377,0.567667547667483,0.574023500619792
01534300,z_kc,23,24,0.025674516429154828,0.3699981563354192,-0.022578371195489645,0.02420029434200086,0.3714723784225732,-0.06515481561886194,0.9978751675443537,0.23165500748572374,False,4.391283422990686,5.650469000989535,14.113123910676606,9.216761942439154,0.6810387348571301,0.5677881301306228,0.6010800474117957
01541200,T0_z,28,30,0.013744591717217884,0.11099948231087027,0.004347791230853237,0.01355061011270384,0.11119346391538432,0.044571786504794396,0.9990061840888528,-0.11131207632282875,False,0.31547867224009685,17.144642578192787,0.09976311574844404,9.563405978101459,0.8181406163681078,0.7586382605345893,0.7679493260205226
01541200,z_kc,30,22,0.05564730066627593,1.479085436999397,0.021158383087914262,0.05533286599271576,1.4793998716729573,0.014859356533744508,0.9998895936669223,-0.07375030051940742,False,17.144642578192787,4.4242286098950245,17.144642578192787,5.650469000989535,0.8109121299000244,0.7631010483704,0.804243626567582
01547500,T0_z,20,32,0.0713953586524789,0.06905397912917713,0.018017511834479746,0.05216916426692863,0.08828017351472739,-0.7296706055069696,-0.6837988062720587,-0.25660521102901823,False,1.7093654537174183,25.30107638056499,1.7093654537174183,25.30107638056499,0.5779967974918945,0.6126529637934823,0.6126529637934823
01547500,z_kc,31,22,0.1165899919935492,1.928331623823649,-0.011303636885234924,0.1165194702197665,1.9284021455974316,-0.006238735556300932,0.9999805388999622,0.02383947570734855,False,20.82733567666164,4.4242286098950245,20.82733567666164,3.9148406702286125,0.572826857450449,0.6198083097331637,0.6247494365622317
01563200,T0_z,27,28,0.009163790137148974,0.021578225598664513,0.001920510842200119,0.008873476501915362,0.021868539233898126,0.14946672778599965,0.9887667557543314,-0.13657503840155255,False,0.25059361681363623,11.61763889854781,0.25059361681363623,20.82733567666164,0.7592043563456403,0.7339901226147987,0.7597598941785374
01563200,z_kc,28,28,0.036301426704662486,0.26592976591101586,0.0033669057278209484,0.03625207034834646,0.2659791222673319,0.014657688087502597,0.9998925703193967,-0.03426775347617529,False,11.61763889854781,9.216761942439154,25.30107638056499,8.155580934352352,0.7546809785749985,0.7282566297483124,0.7730552331908738
01574500,T0_z,0,0,7.018174035128197e-05,-1.1337272490759612e-15,-7.148130835102844e-16,-1.1337272490832416e-15,7.018174035128197e-05,-1.0,1.0185171811369595e-11,2.5341139152447965e-06,True,0.0005,0.049999999999999996,0.0005,0.049999999999999996,0.697551555065854,0.6288460036443224,0.6288460036443224
01574500,z_kc,0,31,8.968062642903575e-05,0.005166817767275911,-0.0006305138469227345,1.2550801031005327e-05,0.005243947592673942,-0.12142338708204159,0.9926008065025561,0.9262617707241487,True,0.049999999999999996,13.302975020490752,17.144642578192787,0.4893449698153414,0.6916684702685152,0.6222302019327517,0.6257572747929265
01597500,T0_z,20,26,0.07072047935545246,0.03293653745755494,0.011850096691340564,0.029527581117934635,0.07412943569507277,-0.961025067068674,-0.27646124586576454,-0.24553325752378352,False,0.9421214486683438,7.872402878128614,1.1860606327249124,14.113123910676606,0.7234337561034874,0.602679350000261,0.6133362502881984
01597500,z_kc,26,4,0.024964471257145907,0.10212532406970018,0.025584442009174337,0.017252209530079884,0.1098375857967662,0.2886155204826587,0.9574450800628326,-0.5066966577278127,False,7.872402878128614,0.4893449698153414,14.113123910676606,0.6249741653375712,0.7234202718529602,0.5989932901304074,0.6152972738531983
02011800,T0_z,20,29,0.148140034464752,0.044194764608263645,0.025782622771997693,0.038151036169026056,0.15418376290398958,-0.9736085392752842,-0.22822447776311644,-0.31864379163999285,False,1.4092555685678667,14.113123910676606,1.7741476469825253,17.144642578192787,0.6415248168164105,0.587823249156594,0.5932596473354222
02011800,z_kc,33,2,0.03232766680494859,0.2794291044011425,0.03449851897435959,0.02760162259839736,0.28415514860769375,0.135725014235319,0.9907465470597526,-0.3629756161456072,False,30.735782817026678,0.38314943683190034,37.33787176347546,0.4893449698153414,0.6462167016611999,0.5750465357567277,0.6058806254324385
04285500,T0_z,0,25,7.068612091733046e-07,0.0072611737335711015,1.3262419832884292e-06,7.066189495816738e-07,0.007261173975830693,0.00018266620318288502,0.9999999833165291,-0.018511954881261606,True,0.0005,6.480403238917077,0.05,11.61763889854781,0.7694947047021876,0.7551650815892065,0.7610081289533062
04285500,z_kc,24,24,0.0063874797928866545,0.2254953450837024,-0.017336281135993014,0.005024277595652869,0.22685854728093618,-0.07839093050840623,0.9969226961073895,0.4567960932791327,False,5.334537216793199,5.650469000989535,14.113123910676606,6.385691965349638,0.7690844103427079,0.7548067613377685,0.7635446099777449
04289000,T0_z,20,12,0.0023346650857133913,0.00020563653469902552,2.719180543515876e-05,0.0002052892994728145,0.002335012320939602,-0.9999184754596294,-0.012768807089575373,-0.039244211846181175,False,0.2199857950646176,0.516456058963064,0.1747409282580953,2.4494897427831774,0.38617171802185246,0.5188596168550275,0.5199527632221792
04289000,z_kc,11,16,0.0028442729763045052,0.059408429780691996,-0.005376843907151417,0.0023377006780971425,0.059915002078899354,-0.09379832118790338,0.99559121879531,0.41363545211998454,False,0.4251362092457068,2.123717517589869,2.4494897427831774,3.0652588472519464,0.3870219265487843,0.5174902334112478,0.5231435939741818
02072000,T0_z,20,26,0.11502304884633732,0.002446342960375078,0.0010757556831517661,0.0024360642386039486,0.11503332756810844,-0.9999543552122958,-0.009554448804716446,-0.06413019206351062,False,1.7058632568719658,7.872402878128614,3.403644670926713,2.9756435502700582,0.5119815513679588,0.3312235160663546,0.3691337753210322
02072000,z_kc,26,27,-0.016749856507895438,0.49817989483316316,-0.049914908892044675,-0.02154374681810935,0.502973785143377,-0.09560135368818581,0.9954197010171069,0.5464263563923668,False,7.872402878128614,8.155580934352352,37.33787176347546,0.7062940271769165,0.5118866124984065,0.33119057401552865,0.37494534062220364
02294491,T0_z,20,34,0.028951470477841745,0.00959116608826036,0.003496529674867614,0.008979036403820341,0.029563600162281767,-0.9850191285699199,-0.17244511112628202,-0.20982933253139835,False,1.7269053706321316,37.33787176347546,5.460954274774785,0.049999999999999996,0.6270838978299158,0.6474910622811918,0.6864181644800904
02294491,z_kc,34,26,0.00983203122486011,0.2786645537119629,-0.026595631074921116,0.0072261815557271725,0.2812704033810959,-0.09751341232359524,0.9952342108353232,0.5080983803423677,False,37.33787176347546,7.2165800518841685,45.358098608552076,11.771323825530844,0.6268642673423612,0.6461328380544782,0.6827957566996862
02334430,T0_z,20,33,0.03881489304751484,0.16995138886023523,0.009750218882395549,0.03809391180038034,0.17067237010736974,0.07374379816673596,0.9972772193487344,-0.12004741405529644,False,5.616588226640308,30.735782817026678,3.543827592519687,11.61763889854781,0.2589154444054558,0.23137361274499846,0.24848128301007322
02334430,z_kc,33,9,0.0678635021369893,2.2454343442944964,0.22078594576470742,0.045703322837013685,2.267594523594472,0.09986774426225957,0.9950007204298738,-0.5655918076536655,False,30.735782817026678,0.9020538625019017,30.735782817026678,0.7062940271769165,0.25932660973920607,0.23394641055163257,0.26858888169075024
02394000,T0_z,20,31,0.09241164701142707,0.029669721477355405,0.009207286241865417,0.028346473367381334,0.09373489512140114,-0.9898299176184427,-0.1422558757572664,-0.17583752207664938,False,5.510067164509189,20.82733567666164,5.510067164509189,17.144642578192787,0.39609142307563494,0.3250373779586685,0.32518473375547674
02394000,z_kc,31,20,0.011333149955890317,0.5989864517995898,0.01739843495679769,0.010818491627922961,0.5995011101275571,0.029567792098370394,0.9995627772533485,-0.2111671539154947,False,20.82733567666164,3.464101615137754,14.113123910676606,3.0652588472519464,0.3947885318294928,0.321930556424316,0.32762933710485576
04240010,T0_z,20,24,0.001419521087631431,0.009155923937469349,0.00016771534674419648,0.0014158869399467971,0.009159558085153983,0.021663460692712477,0.9997653196979854,-0.046521187507864,False,0.0844158850497653,5.334537216793199,0.21204311626037806,4.391283422990686,0.8621534121839234,0.7996365954165903,0.801339112036401
04240010,z_kc,23,25,0.0021371551835765996,0.11125636149945858,0.0005310754385435668,0.0021345705383014443,0.11125894614473374,0.004866756167433881,0.9999881572720781,-0.034441000637807376,False,4.391283422990686,6.385691965349638,4.391283422990686,5.650469000989535,0.8619444778499872,0.7992681561055062,0.7998625452533417
03209000,T0_z,29,33,0.0182384801696693,0.04480650857777404,0.007849486785119215,0.016092670130936976,0.04695231861650637,0.2636939397846354,0.9646063995852698,-0.2745847338261001,False,0.3971641173621411,30.735782817026678,0.6294627058970838,11.61763889854781,0.5818893171604526,0.546648347799835,0.5574099467801283
03209000,z_kc,34,26,0.03878755274275863,0.8067642027282413,0.02172501463496201,0.03817347265770998,0.80737828281329,0.0282547527272807,0.9996007547757855,-0.12281193618288577,False,37.33787176347546,7.2165800518841685,25.30107638056499,6.385691965349638,0.572746735395728,0.5277391232066845,0.5421305846748089
03225500,T0_z,25,34,0.002682573069528613,0.02597497206501679,0.0012739892529693468,0.0026130988197694853,0.02604444631477592,0.0544519328646698,0.9985163929587243,-0.1526203480602885,False,0.158113883008419,37.33787176347546,0.0005,98.78157923428179,0.5665905589417815,0.4905374473716907,0.5248443961484215
03225500,z_kc,33,25,0.054751890679503694,1.3950786864743792,-0.024571418541824385,0.05430158867915605,1.3955289884747266,-0.018323175006026753,0.9998321165364205,0.08890605039666821,False,30.735782817026678,6.385691965349638,98.78157923428179,7.2165800518841685,0.5622713201833578,0.4757869017609261,0.5340924823131457
03228805,T0_z,20,32,0.04484623281390498,0.016312893065794212,0.003628583257170448,0.015858676901655523,0.04530044897804367,-0.9922562120980368,-0.12420792870366922,-0.13415554073228603,False,0.8495436427882003,25.30107638056499,1.346435936153635,119.99999999999996,0.45528788229604567,0.16195543901918663,0.3152340433844535
03228805,z_kc,32,25,-0.003670268052055119,1.060084521183556,0.00533222394330658,-0.0036969959202540147,1.0601112490517548,0.005012454974895971,0.9999874375686548,-0.0854848673984939,False,25.30107638056499,6.385691965349638,119.99999999999996,7.2165800518841685,0.45312024438482745,0.15864582910858027,0.30618816952198546
03266000,T0_z,0,31,1.1025774518191183e-05,0.0474760776744138,1.1532586195411792e-05,1.1022972445272702e-05,0.047476080476486715,0.00024297003189851227,0.9999999704827813,-0.01593986871188011,True,0.0005,20.82733567666164,0.0005,30.735782817026678,0.8788521186289155,0.8491146617403675,0.8562099021113273
03266000,z_kc,31,28,0.019822095396226907,1.040394838765157,-0.05855553284378873,0.016473449238726633,1.0437434849226572,-0.057094243038172836,0.998368793288281,0.4077500864994809,False,20.82733567666164,9.216761942439154,30.735782817026678,10.416020806780296,0.8759600200732403,0.8458183650344437,0.8552494053885313
03270000,T0_z,0,23,1.8491568225698688e-05,0.021721535097835754,1.7776405848749112e-05,1.8477008037747666e-05,0.021721549658023705,0.0008190735062435369,0.9999996645592394,-0.028048641248826365,True,0.0005,4.391283422990686,0.03971641173621409,0.9258683107816356,0.8571125228057802,0.8677683293162888,0.8765818655275365
03270000,z_kc,23,27,0.009561693121293896,0.21461227464843446,-0.0028870537425296663,0.00952105228247057,0.2146529154872578,-0.01407553040405272,0.9999009348149669,0.06373238764307831,False,4.391283422990686,8.155580934352352,2.0163705425858076,11.771323825530844,0.8542519986010504,0.8634683069962903,0.8775395882790584
03272000,T0_z,0,24,2.8489591836208697e-05,0.0015286345544615412,2.344268442962943e-06,2.8485928469501256e-05,0.0015286382178282486,0.0015626888829519986,0.9999987790009821,-0.011233430210570595,True,0.0005,5.334537216793199,0.06294627058970838,9.563405978101459,0.8561666669887636,0.8606481761501007,0.8647544657108668
03272000,z_kc,23,32,0.007575876994831327,0.16632663450371396,-0.004338301961981289,0.00745740934387882,0.16644510215466646,-0.0272972020933074,0.9996273619493802,0.12221441123941301,False,4.391283422990686,15.033920315060252,11.61763889854781,19.200793673636678,0.8537046164463327,0.8601539857373868,0.8663700031347745
03353500,T0_z,0,16,1.2435964139086609e-05,0.008427287078852909,1.284691159845112e-05,1.2416350868371757e-05,0.008427306692123625,0.0015266897189575067,0.9999988346085719,-0.03968396983878689,True,0.0005,1.1247461131420946,0.158113883008419,1.6598355543175984,0.8500990064785819,0.8381942190171784,0.8539100261649621
03353500,z_kc,21,3,0.003887742361932055,0.026114620887505116,0.0008900985657929056,0.003852154415832969,0.0261502088336042,0.0399501097335668,0.9992016757052984,-0.0883379873199134,False,2.9756435502700582,0.433003752410151,3.614815928236188,1.8792011993555275,0.8488645486980151,0.8450546117929013,0.8516861091327144
05592000,T0_z,20,28,0.08325908190769112,0.03390674958777407,0.02626018186690853,0.02254806694775851,0.09461776454770668,-0.9178197458563416,-0.3969973729336258,-0.49424108145459333,False,8.862075645714825,11.61763889854781,3.5280558605465866,66.93687034525183,0.5909654963705522,0.5807734320350024,0.5982743332893903
05592000,z_kc,29,18,0.046973281468697475,0.1709188562057276,-0.005866035849953479,0.04669627565831017,0.17119586201611492,-0.04716941445913685,0.9988869036780801,0.06546727642783012,False,14.113123910676606,2.712337236181999,45.358098608552076,3.0652588472519464,0.5901470054538847,0.5838746069897551,0.5904704648227646
05593000,T0_z,20,29,0.11130453435119364,0.048956729751263986,0.03896060670346233,0.030233326920494283,0.13002793718196334,-0.901321596734377,-0.43315052725373987,-0.5277923398413403,False,7.252718851640076,14.113123910676606,4.576156226892259,81.31500330015571,0.7060228825338151,0.6927376303057742,0.7014481639827319
05593000,z_kc,29,19,0.03653084205419886,0.3406039433216523,-0.02719877781238645,0.03411712158719454,0.3430176637886566,-0.08839631303920358,0.9960853838105823,0.243834251967363,False,14.113123910676606,3.0652588472519464,66.93687034525183,3.464101615137754,0.7050166931049107,0.6973667040462195,0.7131658855192726
06225000,T0_z,20,29,0.09712728210308648,0.10055663098990968,0.03966206121002658,0.05914284814498881,0.13854106494800733,0.6916676362085473,0.7222159517912081,-0.4013278561476278,False,12.60429676615422,14.113123910676606,15.867869496706597,14.113123910676606,0.5620333432006335,0.4526310136717062,0.4575559941560392
06225000,z_kc,29,15,0.056624257751129156,0.3550516033554485,-0.023934598449272534,0.05471683621488124,0.3569590248916964,-0.07944120043625559,0.9968395536259819,0.16880260541164527,False,14.113123910676606,1.8792011993555275,14.113123910676606,1.471385067059351,0.5610541193882759,0.4481596357382931,0.46791241719582943
06259000,T0_z,20,37,0.0039963567674456925,1.0080143634904664,0.0452695038740991,0.0019593627864278045,1.0100513574714842,0.04495156225331962,0.9989891676344574,-0.7132474843916454,False,1.6061163196669797,66.93687034525183,6.394064236024176,37.33787176347546,0.707980847692619,0.5562154737473286,0.6028066449509912
06259000,z_kc,37,9,0.7244736545401665,1.9788616519327253,0.07627437543304397,0.7198527338586826,1.9834825726142093,0.060471998373253344,0.9981698940625015,-0.06370296481622258,False,66.93687034525183,0.9020538625019017,55.10108134753619,0.7981949982785914,0.7028863895542534,0.536514140891253,0.6058244614146384
06411500,T0_z,20,26,0.009305037820583404,0.01945478268017651,0.0032485244346408984,0.008354361214717885,0.020405459286042028,0.28086853766364517,0.9597462500842009,-0.24144258626731027,False,1.4608693545343074,7.872402878128614,1.4608693545343074,0.049999999999999996,0.5960195331817606,0.5133950880744877,0.5133950880744877
06411500,z_kc,36,8,0.05058300441065799,1.954144430480068,0.18203695934643233,0.03333122042942384,1.9713962144613022,0.0943480301400603,0.9955392755731388,-0.579000491738974,False,55.10108134753619,0.7981949982785914,119.99999999999996,0.7981949982785914,0.6120834068932635,0.5219305169886566,0.5383275096564275
06903900,T0_z,20,35,0.048632116563214756,0.060636238793335934,0.022641281330120794,0.031210848326993983,0.0780575070295567,0.6098184692907588,0.792541124807966,-0.4169397370171408,False,17.884872187055496,45.358098608552076,14.206458952613195,37.33787176347546,0.488654687209921,0.5638968672852548,0.5657594673622766
06903900,z_kc,35,19,0.04490296096660545,0.4298261818901486,-0.0684213590955519,0.03310259777194443,0.4416265450848096,-0.16995694946146608,0.9854514880651165,0.49250174500028643,False,45.358098608552076,3.0652588472519464,45.358098608552076,2.4000496040896744,0.48864214010608986,0.5627565705303395,0.5759269973490379
06906200,T0_z,20,25,0.0726880130612051,0.020240349125708133,0.01815607009929916,0.014568534924686617,0.07835982726222662,-0.9545092748868258,-0.2981812270332016,-0.473348987412179,False,2.5530830130121003,6.480403238917077,6.413054578902697,0.049999999999999996,0.7947769470523738,0.7533012744500154,0.8279612520483752
06906200,z_kc,25,18,0.022810369938003682,0.1663297547858332,-0.006680398526066867,0.022500088161548942,0.16664003656228793,-0.04639657835667764,0.9989230989004071,0.10845541326486936,False,6.480403238917077,2.712337236181999,81.31500330015571,10.416020806780296,0.7946527620998112,0.7542758873880103,0.8231236270961295
06912500,T0_z,20,36,0.07893333926095743,0.02598217524613542,0.007044828456852067,0.025060931696237455,0.07985458281085539,-0.9915578845637004,-0.12966480462931773,-0.15556161046980627,False,6.762607305926207,55.10108134753619,5.3717299234498945,45.358098608552076,0.4033580493850806,0.3930018694308577,0.40055019236287814
06912500,z_kc,36,25,0.00919468671671373,0.44897598518845144,-0.01737875094938619,0.008509003119858432,0.4496616687853068,-0.03942461184996546,0.9992225477742581,0.2704821035028009,False,55.10108134753619,6.385691965349638,45.358098608552076,6.385691965349638,0.40059762690682543,0.3956577758265072,0.39678934831744495
06921350,T0_z,20,36,0.11930554182861075,0.022446036470097595,0.011141178474601703,0.021181052985682996,0.12057052531302535,-0.9936158513239,-0.11281639950770297,-0.2152935359377458,False,5.889816786926395,55.10108134753619,4.678447771208684,30.735782817026678,0.6005699879851776,0.657760429030419,0.6777907088515263
06921350,z_kc,36,20,0.005638593965656114,1.008111262806,-0.04107072181888076,0.003958765259513004,1.009791091512143,-0.040866712699336255,0.999164606955806,0.5447442956088844,False,55.10108134753619,3.464101615137754,30.735782817026678,3.464101615137754,0.5989385596120778,0.6603228447554803,0.6741952564305383
07124410,T0_z,0,36,9.387518467388489e-07,0.0279246382159371,6.163870412414805e-07,9.387382406267751e-07,0.027924638229543212,2.2073974889453223e-05,0.9999999997563698,-0.0038070126496220296,True,0.0005,55.10108134753619,2.5059361681363623,20.82733567666164,0.6072733969814221,0.44813782101043353,0.4526890811514175
07124410,z_kc,36,18,0.014274350200293223,0.45919254825237654,-0.004486320667709069,0.014229117105336118,0.4592377813473336,-0.010081935594941315,0.99994917599579,0.05541339040511994,False,55.10108134753619,2.712337236181999,20.82733567666164,1.8792011993555275,0.6066898789968789,0.4479657559235313,0.453848983766031
07198000,T0_z,20,34,0.12704767437478473,0.13727317905229725,0.041358047132295635,0.09048755425345437,0.1738332991736276,0.6623111870075666,0.7492288646098921,-0.31317264353767826,False,6.115388159339005,37.33787176347546,6.115388159339005,17.144642578192787,0.6224553713130023,0.586880819130666,0.5961533591476127
07198000,z_kc,34,22,0.10571303385893714,0.3038598295567857,-0.030241515267692514,0.101200296501371,0.30837256691435183,-0.1475890768636794,0.98904876744806,0.16873401265687807,False,37.33787176347546,4.4242286098950245,37.33787176347546,4.999896660282376,0.6220724530251378,0.5955092503385325,0.6035014214027689
07339000,T0_z,20,33,0.033726414672757034,0.01779627398811382,0.004597343769248257,0.016564719118392857,0.034957969542478,-0.9659415658708693,-0.2587602970374959,-0.18765379431179105,False,1.991343846246287,30.735782817026678,3.1560673057650717,9.563405978101459,0.5153224724703898,0.49255620979399384,0.5089165295240079
07339000,z_kc,33,20,-0.0033833966865407543,0.9554473883328902,-0.01968694831983672,-0.003787443663589378,0.9558514353099388,-0.02051927507654433,0.9997894575110968,0.3462569925333518,False,30.735782817026678,3.464101615137754,7.872402878128614,3.0652588472519464,0.513873227168959,0.4884009154479446,0.5080948438096172
08245000,T0_z,10,40,-2.4729241814204667e-06,0.240606469022909,1.9586722224117678e-05,-2.4745186345685415e-06,0.24060647061736215,8.140479680813595e-05,0.9999999966866295,-0.02539233936532072,True,0.005000000000000001,119.99999999999996,0.0005,55.10108134753619,0.4383467333256025,0.5560982408798145,0.5676643202012157
08245000,z_kc,40,6,0.1749400868563095,0.08715409281681957,-0.05839246851289522,0.057997274187209194,0.20409690548591988,-0.8946686254011329,0.44673040049099777,0.4728988664154754,True,119.99999999999996,0.6249741653375712,66.93687034525183,1.0194265469082733,0.44097926297122425,0.5097252436977764,0.5705095954484392
08287000,T0_z,38,39,0.00792723114492407,0.14996141499493068,0.002551051650735,0.007881426914415337,0.15000721922543941,0.017952144958850034,0.9998388472605855,-0.07398926721543507,False,3.1547867224009685,98.78157923428179,5.0,55.10108134753619,0.39580650374857773,0.27767732730709105,0.2943353296119853
08287000,z_kc,39,10,0.051561450782773605,1.446440854213345,0.0762541936686427,0.04740522920548375,1.4505970757906348,0.054424045381905865,0.9985179133517177,-0.27922276855566913,False,98.78157923428179,1.0194265469082733,55.10108134753619,0.9020538625019017,0.3793907572024423,0.24089318215960887,0.27205831036348216
08317950,T0_z,0,38,9.086205966613266e-06,0.04773714978711318,-8.767840697833252e-07,9.086189859730918e-06,0.047737149803220066,-1.8370409431105337e-05,0.9999999998312641,0.001331291377889431,True,0.0005,81.31500330015571,5.0,119.99999999999996,0.09404980537354923,-0.08993771482939805,-0.06296465556870934
08317950,z_kc,39,8,0.05673642748087561,0.033934087529985495,0.025344334494402005,0.017544576193646827,0.07312593881721427,-0.8397176746097705,-0.5430232287370031,-0.5776061528517176,False,98.78157923428179,0.7981949982785914,119.99999999999996,1.0194265469082733,0.09530624551173572,-0.0827837490250054,-0.07486126768092305
08382830,T0_z,36,36,0.006251810336437822,0.2475080394801956,0.011000859512308496,0.0057512291538593845,0.24800862066277402,0.04545678764802976,0.9989663059666839,-0.27965917127487677,False,1.9905358527674868,55.10108134753619,5.0,55.10108134753619,0.1557697353638129,-0.09325067335701909,-0.08516830313166901
08382830,z_kc,36,15,0.15375733643947423,0.4410709901045089,-0.09950838200112966,0.12265947239340422,0.4721688541505789,-0.2982880543499022,0.9544758963075756,0.3821091996865902,False,55.10108134753619,1.8792011993555275,98.78157923428179,0.9020538625019017,0.15076818731267827,-0.09873955422728709,-0.025180824182188255
08384500,T0_z,27,38,-9.233290619750759e-05,0.36305686977361845,0.0035147930965796163,-0.00012634816324033575,0.3630908850306612,0.00967728776864567,0.9999531739543822,-0.6070635854802595,False,0.25059361681363623,81.31500330015571,5.0,55.10108134753619,0.14947102689385217,-0.04178571115680696,-0.018877653177532983
08384500,z_kc,38,17,0.18336765259819293,1.0663269325259945,-0.002373633626418221,0.18336127167440136,1.066333313449786,-0.0026882416326496016,0.9999963866719344,0.0053679335860097556,False,81.31500330015571,2.4000496040896744,98.78157923428179,0.9020538625019017,0.1483768688379078,-0.04361596531580725,0.028956253376535512
08390800,T0_z,28,35,0.001326628627950179,0.07749129542494619,0.00175841939328745,0.0012860534826730117,0.07753187057022337,0.0230686420515309,0.9997338834679448,-0.17342884103706377,False,0.31547867224009685,45.358098608552076,5.0,119.99999999999996,0.521378243826753,-14.072790470736036,-8.222592354270693
08390800,z_kc,35,26,0.06671811606057146,0.5711581469205936,0.045142044361460236,0.06271022443780448,0.5751660385433606,0.0884361387168911,0.9960818487297352,-0.23124968403446472,False,45.358098608552076,7.2165800518841685,119.99999999999996,19.200793673636678,0.5195257746860356,-15.56473892418494,-9.917811541161315
09426000,T0_z,21,40,0.05124422500153913,0.06455674396950277,0.046008241217662574,0.011413238382307619,0.10438773058873427,0.6545285946580544,0.7560372469494822,-0.7999122688267282,True,6.232052573892451,119.99999999999996,4.950295319728904,45.358098608552076,0.5203183533755877,0.484165012368171,0.4859624879870371
09426000,z_kc,40,33,0.08920205956952552,1.6640100019017017,-0.14288131248784663,0.07634352176347929,1.6768685397077479,-0.08963230388016495,0.9959749244339106,0.37086002548604863,True,119.99999999999996,16.990091290966237,55.10108134753619,15.033920315060252,0.5203035229311258,0.48846173385022085,0.4981581177587039
10134500,T0_z,20,39,0.001628413105966431,0.025565706120663098,-0.0007164655893886919,0.0016069877970728138,0.025587131429556716,-0.0298908080713667,0.9995531699678816,0.11104119990617074,False,0.9393402530490924,98.78157923428179,7.46144485009946,2.9756435502700582,0.3059971964091067,0.2819292539256829,0.3198013044517475
10134500,z_kc,39,11,0.028200301293276688,0.5791186607352103,0.012281152737553588,0.02792666395194492,0.5793922980765421,0.022275550944320873,0.9997518691305993,-0.09610112656139477,False,98.78157923428179,1.1520714313654805,6.480403238917077,1.471385067059351,0.3014951166291079,0.28631132011851934,0.31571856411322763
12106700,T0_z,0,29,1.3942873388235816e-05,0.021065731700699142,2.052939953406817e-06,1.39426731885071e-05,0.02106573190089887,9.75185501318879e-05,0.9999999952450662,-0.0037880162267058663,True,0.0005,14.113123910676606,0.6294627058970838,20.82733567666164,0.8211338067843881,0.7660373978524282,0.8179351603404587
12106700,z_kc,29,28,0.011869235035328492,0.5033379715700876,0.00593436693883474,0.011797589424420581,0.5034096171809955,0.012072120039215721,0.9999271293038101,-0.07677736167774697,False,14.113123910676606,9.216761942439154,25.30107638056499,8.155580934352352,0.8196788967422568,0.771506514086623,0.81332646093952
12362500,T0_z,20,0,0.016923740504051904,3.245352540737845e-15,1.3720320131308942e-15,3.2453525407377338e-15,0.016923740504051904,-1.0,-8.10714400166242e-14,-1.8513354853206983e-07,True,138.58859707881783,0.049999999999999996,17.44727066474267,0.049999999999999996,0.01625652791852006,0.031434553560381606,0.07694927510193783
12362500,z_kc,25,11,0.0017859745322543368,0.09548214591373777,-0.004424132040167719,0.0015775401944610346,0.09569058025153107,-0.047060846235633134,0.9988920245710174,0.3387890490932679,False,6.480403238917077,1.1520714313654805,0.049999999999999996,0.29999999999999993,0.01897643790229686,0.020956996196366595,0.031434553560381606
13032500,T0_z,20,22,0.031968331001601735,0.006765354124386464,0.004873970883275832,0.005855621188174483,0.032878063937813715,-0.9830229758356165,-0.18348250319659623,-0.3314192130096573,False,5.57574393363416,3.614815928236188,5.57574393363416,9.563405978101459,0.529062160051953,0.4963272025848624,0.49740162082743755
13032500,z_kc,28,22,0.002881928232346053,0.06177376763842734,-0.0021329568906616634,0.0028047774267939587,0.06185091844397944,-0.036147184250614584,0.9993464769892132,0.15985950068622629,False,11.61763889854781,4.4242286098950245,7.872402878128614,1.6628375094192895,0.5283792923797078,0.49370404633451437,0.5000805550743346
13190500,T0_z,20,27,0.014160976521583124,0.05331311205624692,0.005087131539187777,0.013510790643512224,0.05396329793431782,0.1267786269178536,0.9919310357866737,-0.18514387488347384,False,2.4715001435348127,9.563405978101459,6.208127676019082,9.563405978101459,0.6108405791343994,0.44708442762944867,0.45358894662457827
13190500,z_kc,27,10,0.024333779475937272,0.24610108246873924,-0.011783422479086128,0.023709434781500262,0.24672542716317625,-0.05291078551647121,0.9985992433283885,0.15226844164276346,False,9.563405978101459,1.0194265469082733,11.61763889854781,1.1520714313654805,0.6103456671442458,0.4461250958137246,0.44805718681834295
13202000,T0_z,20,27,0.018655587273558476,0.05209967294095409,0.0088718661001009,0.016447846045356797,0.05430741416915577,0.24148282964971632,0.9704050922085921,-0.28457255784905106,False,4.592346101779175,9.563405978101459,7.27837807413515,5.334537216793199,0.6319698917812122,0.4376284698113584,0.43897771101453065
13202000,z_kc,27,10,0.03632194130156566,0.22281711707477045,-0.013587423241941558,0.03533720608709359,0.22380185228924251,-0.07228443446992795,0.9973840586922184,0.1510352442234585,False,9.563405978101459,1.0194265469082733,6.480403238917077,0.9020538625019017,0.6319792025245615,0.4375078255068965,0.43893218374519727
13217500,T0_z,0,18,1.9092982877270249e-07,0.0019305370180263731,4.0583800360052867e-07,1.9084450496528096e-07,0.0019305371033501804,0.0002102410439112593,0.9999999778993516,-0.021138625980991425,True,0.0005,1.6598355543175984,5.0,6.480403238917077,0.6015015165572948,0.39813562320169316,0.4361044299974972
13217500,z_kc,17,11,0.0023827519902270443,0.033935300449408644,0.0038590370412761883,0.0019176286366911857,0.0344004238029445,0.11966230827696714,0.9928146513714571,-0.4291545065512365,False,1.3663431443725156,1.1520714313654805,30.735782817026678,1.8792011993555275,0.6013340754092644,0.39691640759733704,0.44432591179295067
14145500,T0_z,21,23,0.001049456977716341,0.025434521218359134,0.0010808288183138122,0.0010016447221810436,0.025482333473894433,0.04419343914881864,0.9990229926964641,-0.2092005455175449,False,0.25249714972869947,4.391283422990686,1.265483479712981,6.480403238917077,0.38078368746111213,0.47150727668866754,0.4797348442537228
14145500,z_kc,33,7,0.018537539829309755,1.6531467736883128,0.038396208954605514,0.017636127866109366,1.6540481856515132,0.023470120714894748,0.9997245387773717,-0.2193343191925635,False,30.735782817026678,0.7062940271769165,9.563405978101459,3.0652588472519464,0.3873427741468708,0.43672633166922226,0.477091642986858
14150000,T0_z,20,22,0.018352757266105132,0.02232650423526106,0.0036852743952550115,0.016152876206642908,0.024526385294723285,0.5125613469568046,0.8586506074101539,-0.1820575965200042,False,1.2359610333651574,3.614815928236188,2.466066472643494,4.391283422990686,0.4663551074430574,0.5217620540603338,0.5326161830788728
14150000,z_kc,22,18,0.008705942450967553,0.20452954735749704,-0.007567902564435438,0.00841390481194299,0.2048215849965216,-0.03856028022159979,0.9992562758317968,0.1793451379095947,False,3.614815928236188,2.712337236181999,9.563405978101459,3.0652588472519464,0.4661593797373834,0.5201671076638311,0.535209240276065
14151000,T0_z,20,23,0.0051667595100252815,0.012507212983664353,0.0013917245452720627,0.004911752303552047,0.012762220190137587,0.18023056997884948,0.983624390529789,-0.1731266359609357,False,0.3278160683799306,4.391283422990686,1.642972284499062,30.735782817026678,0.39777200209600705,0.4349100396728024,0.4908529439738025
14151000,z_kc,24,22,0.003094817160212769,0.20539067686552828,0.00411333878398199,0.0030112140331216486,0.20547427999261939,0.02032068559577605,0.9997935135501318,-0.16314982762228292,False,5.334537216793199,4.4242286098950245,45.358098608552076,3.9148406702286125,0.3981926848119415,0.44437926146266615,0.5005628277870792
14153500,T0_z,20,26,0.00025991321380307395,0.03926405485317931,0.0005393831468796525,0.0002524555810844404,0.03927151248589794,0.013824903589691828,0.9999044314536943,-0.16884399491995095,False,0.05,7.872402878128614,0.9976311574844404,6.480403238917077,0.6749735224138685,0.7237710084830346,0.7516399964787285
14153500,z_kc,26,28,0.005013157433406539,0.3641830331527686,0.015563962831391118,0.0043399835613754205,0.3648562070247997,0.04321168674981979,0.9990659388289822,-0.3642542762144788,False,7.872402878128614,9.216761942439154,11.61763889854781,8.155580934352352,0.6748700648501906,0.7229014631695904,0.7279028405662392
14155500,T0_z,20,31,0.0608828449781003,0.06194575768845684,0.009019917020354519,0.05237874108991011,0.07044986157664702,0.6859962438400856,0.727605080684085,-0.1468754764409324,False,1.0060673781515834,20.82733567666164,1.5945093387896458,11.61763889854781,0.7283705026115592,0.7424443333617525,0.7572935883118701
14155500,z_kc,31,23,0.026590112430465652,0.8441792647317289,-0.007412712486634392,0.02652291022980156,0.844246466932393,-0.009065431759441444,0.9999589081292366,0.04947658644699905,False,20.82733567666164,4.999896660282376,14.113123910676606,5.650469000989535,0.7282939755991302,0.7439927283730232,0.7546221474640429
14159500,T0_z,20,22,0.0024514261573613766,0.015403315910586298,0.0016361417790642452,0.0022479382761625352,0.01560680379178514,0.12341969987067226,0.992354562484515,-0.266259072816621,False,0.2727279729943465,3.614815928236188,1.3668777831780998,1.3663431443725156,0.30333698449623414,0.427537131208129,0.4348846380283532
14159500,z_kc,29,6,0.0035303197260747334,0.5567751350611887,0.0051764660387950195,0.00348189007164925,0.5568235647156141,0.00935532749222543,0.9999562379661987,-0.1167579425393959,False,14.113123910676606,0.6249741653375712,4.391283422990686,3.0652588472519464,0.3172356389506681,0.4150507811580494,0.4473717454832451
14162200,T0_z,19,28,0.00972932739561404,0.04430176808333735,0.0031081517892101694,0.009452119221065432,0.044578976257885955,0.08883484929016808,0.9960463691774561,-0.14970981760346996,False,0.36178921960448956,11.61763889854781,0.9087734317909575,7.872402878128614,0.41093425372705816,0.4187614698669423,0.42310566519586656
14162200,z_kc,27,21,0.0031140198836234205,0.8196991965699862,0.005696430445184669,0.0030742839910281906,0.8197389324625814,0.006975407891796752,0.9999756715464347,-0.11274955943216958,False,9.563405978101459,3.9148406702286125,14.113123910676606,4.4242286098950245,0.4068412818842576,0.4292054519488191,0.4457504323110336
14169000,T0_z,20,32,0.03989128608413625,0.02660726398819447,0.005540219149759327,0.024599978013358982,0.04189857205897174,-0.9401927880552582,-0.3406428060136899,-0.17005437744216378,False,1.0646583372803518,25.30107638056499,3.366745275693668,25.30107638056499,0.6588656199151863,0.6774759800675699,0.7260077891346396
14169000,z_kc,32,26,0.021655350844441795,0.6393889818694188,0.02476294705711104,0.020664274297071843,0.6403800584167888,0.039990544806251783,0.9992000582096155,-0.2104442882827472,False,25.30107638056499,7.2165800518841685,30.735782817026678,5.650469000989535,0.6592455568492275,0.6794565395856407,0.7070413772962816
14181500,T0_z,20,20,0.048534251585630454,0.018768354885602384,0.004927824430485687,0.017973752240423416,0.049328854230809425,-0.9872476626256491,-0.15919187366254753,-0.16327434657131143,False,1.596777624765802,2.4494897427831774,2.530721987365547,5.334537216793199,0.41968788407520985,0.4760215710977501,0.48973905843943755
14181500,z_kc,18,18,0.011565005894271117,0.22473409145211135,-0.020166418981244806,0.009673979009240802,0.22662511833714166,-0.09336151361802345,0.9956322753782904,0.39556820578245566,False,1.6598355543175984,2.712337236181999,7.872402878128614,3.464101615137754,0.4190546868355125,0.4683218595224061,0.4907812224739282
14362000,T0_z,20,22,0.001161313795986836,0.005817334329747771,0.00056618452519361,0.001093453298558515,0.005885194827176092,0.11900407350191725,0.9928937659638872,-0.21783175502570398,False,0.1408783855196272,3.614815928236188,0.5608469545136358,5.334537216793199,0.663616373019932,0.6653851958386136,0.674130363768654
14362000,z_kc,32,4,0.023782982865911333,0.32205285868273276,0.08822581592494748,-0.0003593838577856043,0.34619522540642966,0.26393931277009963,0.9645392885592828,-1.0080891552015516,False,25.30107638056499,0.4893449698153414,20.82733567666164,11.771323825530844,0.6702346063725882,0.6603079879193832,0.6859104546863959
11097000,T0_z,0,35,2.688886747957345e-05,0.0834316461672491,3.0163903960144676e-05,2.6877958497729154e-05,0.08343165707623094,0.0003616568049442285,0.9999999346021756,-0.02013890659667311,True,0.0005,45.358098608552076,0.0005,0.049999999999999996,0.8972389414947499,0.6038251279644798,0.6629315655008434
11097000,z_kc,32,40,0.03697151190928314,-0.0721933877194543,0.014639387075503062,-0.07412248965943476,0.038900613849263604,-0.9914291659573584,-0.13064535540575753,-0.28336132694939536,True,25.30107638056499,39.99999999999999,0.07378712115219833,1.6628375094192895,0.8995762365915543,0.637881836854065,0.6599724921278843
11176500,T0_z,20,36,0.04336135947687612,0.07563472963295134,0.009022541852109534,0.04101024136522053,0.07798584774460693,0.2521619597505814,0.9676850448646741,-0.1575494280640949,False,0.7223285334840541,55.10108134753619,1.8144072423508106,119.99999999999996,0.637516559565148,0.4402877917542759,0.5227359947742091
11176500,z_kc,36,0,0.07662345997497762,0.01767141188213919,0.002218048452330121,0.01758807645440931,0.0767067954027075,-0.9992949372218525,-0.03754501888099055,-0.060277401872438754,True,55.10108134753619,0.29999999999999993,119.99999999999996,1.1520714313654805,0.63752551430184,0.43996899881669294,0.5293929247658973
11407000,T0_z,20,31,0.040390708929098816,0.07182931527882516,0.013524976281005142,0.035373052931869875,0.07684697127605411,0.3478266929226266,0.9375588470546842,-0.2510989582680909,False,0.5608344173104797,20.82733567666164,0.8888626500932748,7.872402878128614,0.5914699326794994,0.44868985632133374,0.46893722581635255
11407000,z_kc,35,7,0.05829726238255821,0.7706027126241107,0.16794970924649644,0.020683726319192512,0.8082162486874764,0.21854346922794252,0.9758272142432877,-0.792391684154154,False,45.358098608552076,0.7062940271769165,98.78157923428179,0.7981949982785914,0.6047125975198252,0.4678760131413543,0.4719272271728595
11462000,T0_z,20,33,0.11066709426097851,0.11238908764461347,0.0248020185686777,0.08671113222727216,0.13634504967831984,0.6947323642296361,0.719268338029626,-0.22239022895346003,False,3.319696068646994,30.735782817026678,4.179249740252896,20.82733567666164,0.46018000696331063,0.3279541098821075,0.3359903053756682
11462000,z_kc,33,29,0.0665629605030532,0.5775685520637001,-0.0019849342420256303,0.06655525040248955,0.5775762621642637,-0.0038842810187736158,0.9999924561520288,0.010123438287642967,False,30.735782817026678,10.416020806780296,98.78157923428179,0.6249741653375712,0.4596613826125179,0.3285638410389251,0.4024630369992457
