STAID,z,kc,phi,flood_days,cap_limited,evac_days,evac_pool_limited,pool_full_share,evac_pool_share,at
01022500,0.05,15.141436459241236,0.5158330319207489,0,0,0,0,0.0,0.0,fitted_kc_phi
01022500,0.05,3.0,0.5,317,301,89,81,0.9495268138801262,0.9101123595505618,init_kc_phi
01022500,0.2,15.141436459241236,0.5158330319207489,0,0,0,0,0.0,0.0,fitted_kc_phi
01022500,0.2,3.0,0.5,317,278,102,77,0.8769716088328076,0.7549019607843137,init_kc_phi
01022500,1.0,15.141436459241236,0.5158330319207489,0,0,0,0,0.0,0.0,fitted_kc_phi
01022500,1.0,3.0,0.5,317,201,163,73,0.6340694006309149,0.44785276073619634,init_kc_phi
01022500,5.0,15.141436459241236,0.5158330319207489,0,0,0,0,0.0,0.0,fitted_kc_phi
01022500,5.0,3.0,0.5,317,66,240,62,0.2082018927444795,0.25833333333333336,init_kc_phi
01022500,20.0,15.141436459241236,0.5158330319207489,0,0,0,0,0.0,0.0,fitted_kc_phi
01022500,20.0,3.0,0.5,317,3,281,61,0.00946372239747634,0.21708185053380782,init_kc_phi
01022500,2.941253506564267,15.141436459241236,0.5158330319207489,0,0,0,0,0.0,0.0,fitted_kc_phi
01022500,2.941253506564267,3.0,0.5,317,110,213,63,0.3470031545741325,0.29577464788732394,init_kc_phi
01172500,0.05,4.558530271783203,0.999,78,76,21,20,0.9743589743589743,0.9523809523809523,fitted_kc_phi
01172500,0.05,3.0,0.5,261,255,59,53,0.9770114942528736,0.8983050847457628,init_kc_phi
01172500,0.2,4.558530271783203,0.999,78,69,25,19,0.8846153846153846,0.76,fitted_kc_phi
01172500,0.2,3.0,0.5,261,226,76,51,0.8659003831417624,0.6710526315789473,init_kc_phi
01172500,1.0,4.558530271783203,0.999,78,60,41,18,0.7692307692307693,0.43902439024390244,fitted_kc_phi
01172500,1.0,3.0,0.5,261,161,114,49,0.6168582375478927,0.4298245614035088,init_kc_phi
01172500,5.0,4.558530271783203,0.999,78,29,67,18,0.3717948717948718,0.26865671641791045,fitted_kc_phi
01172500,5.0,3.0,0.5,261,108,165,49,0.41379310344827586,0.296969696969697,init_kc_phi
01172500,20.0,4.558530271783203,0.999,78,14,81,18,0.1794871794871795,0.2222222222222222,fitted_kc_phi
01172500,20.0,3.0,0.5,261,16,216,47,0.06130268199233716,0.2175925925925926,init_kc_phi
01172500,29.330458402183183,4.558530271783203,0.999,78,10,87,18,0.1282051282051282,0.20689655172413793,fitted_kc_phi
01172500,29.330458402183183,3.0,0.5,261,13,220,47,0.04980842911877394,0.21363636363636362,init_kc_phi
01206900,0.05,7.030852196062972,0.999,12,12,7,7,1.0,1.0,fitted_kc_phi
01206900,0.05,3.0,0.5,236,230,55,49,0.9745762711864406,0.8909090909090909,init_kc_phi
01206900,0.2,7.030852196062972,0.999,12,10,8,6,0.8333333333333334,0.75,fitted_kc_phi
01206900,0.2,3.0,0.5,236,217,66,45,0.9194915254237288,0.6818181818181818,init_kc_phi
01206900,1.0,7.030852196062972,0.999,12,7,11,6,0.5833333333333334,0.5454545454545454,fitted_kc_phi
01206900,1.0,3.0,0.5,236,178,96,41,0.7542372881355932,0.4270833333333333,init_kc_phi
01206900,5.0,7.030852196062972,0.999,12,6,17,6,0.5,0.35294117647058826,fitted_kc_phi
01206900,5.0,3.0,0.5,236,128,134,38,0.5423728813559322,0.2835820895522388,init_kc_phi
01206900,20.0,7.030852196062972,0.999,12,0,23,6,0.0,0.2608695652173913,fitted_kc_phi
01206900,20.0,3.0,0.5,236,31,180,38,0.13135593220338984,0.2111111111111111,init_kc_phi
01206900,8.476052788326587,7.030852196062972,0.999,12,3,22,6,0.25,0.2727272727272727,fitted_kc_phi
01206900,8.476052788326587,3.0,0.5,236,89,155,38,0.3771186440677966,0.24516129032258063,init_kc_phi
01429500,0.05,11.95071984475054,0.613685299218842,20,20,10,10,1.0,1.0,fitted_kc_phi
01429500,0.05,3.0,0.5,332,319,106,99,0.9608433734939759,0.9339622641509434,init_kc_phi
01429500,0.2,11.95071984475054,0.613685299218842,20,19,10,10,0.95,1.0,fitted_kc_phi
01429500,0.2,3.0,0.5,332,301,119,96,0.9066265060240963,0.8067226890756303,init_kc_phi
01429500,1.0,11.95071984475054,0.613685299218842,20,15,11,10,0.75,0.9090909090909091,fitted_kc_phi
01429500,1.0,3.0,0.5,332,235,176,92,0.7078313253012049,0.5227272727272727,init_kc_phi
01429500,5.0,11.95071984475054,0.613685299218842,20,3,14,10,0.15,0.7142857142857143,fitted_kc_phi
01429500,5.0,3.0,0.5,332,113,270,85,0.34036144578313254,0.3148148148148148,init_kc_phi
01429500,20.0,11.95071984475054,0.613685299218842,20,0,14,10,0.0,0.7142857142857143,fitted_kc_phi
01429500,20.0,3.0,0.5,332,38,345,82,0.1144578313253012,0.23768115942028986,init_kc_phi
01429500,2.419444266978083,11.95071984475054,0.613685299218842,20,8,12,10,0.4,0.8333333333333334,fitted_kc_phi
01429500,2.419444266978083,3.0,0.5,332,168,224,87,0.5060240963855421,0.38839285714285715,init_kc_phi
01449800,0.05,5.744045649208433,0.999,47,47,24,24,1.0,1.0,fitted_kc_phi
01449800,0.05,3.0,0.5,254,245,72,64,0.9645669291338582,0.8888888888888888,init_kc_phi
01449800,0.2,5.744045649208433,0.999,47,46,29,24,0.9787234042553191,0.8275862068965517,fitted_kc_phi
01449800,0.2,3.0,0.5,254,224,83,62,0.8818897637795275,0.7469879518072289,init_kc_phi
01449800,1.0,5.744045649208433,0.999,47,38,35,23,0.8085106382978723,0.6571428571428571,fitted_kc_phi
01449800,1.0,3.0,0.5,254,182,126,57,0.7165354330708661,0.4523809523809524,init_kc_phi
01449800,5.0,5.744045649208433,0.999,47,13,61,23,0.2765957446808511,0.3770491803278688,fitted_kc_phi
01449800,5.0,3.0,0.5,254,112,200,53,0.4409448818897638,0.265,init_kc_phi
01449800,20.0,5.744045649208433,0.999,47,0,71,22,0.0,0.30985915492957744,fitted_kc_phi
01449800,20.0,3.0,0.5,254,21,252,53,0.08267716535433071,0.21031746031746032,init_kc_phi
01449800,16.793576205115382,5.744045649208433,0.999,47,0,71,22,0.0,0.30985915492957744,fitted_kc_phi
01449800,16.793576205115382,3.0,0.5,254,40,246,53,0.15748031496062992,0.21544715447154472,init_kc_phi
01470960,0.05,6.223728416311885,0.999,15,14,7,5,0.9333333333333333,0.7142857142857143,fitted_kc_phi
01470960,0.05,3.0,0.5,201,194,23,19,0.9651741293532339,0.8260869565217391,init_kc_phi
01470960,0.2,6.223728416311885,0.999,15,12,7,5,0.8,0.7142857142857143,fitted_kc_phi
01470960,0.2,3.0,0.5,201,188,32,19,0.9353233830845771,0.59375,init_kc_phi
01470960,1.0,6.223728416311885,0.999,15,10,11,5,0.6666666666666666,0.45454545454545453,fitted_kc_phi
01470960,1.0,3.0,0.5,201,169,53,19,0.8407960199004975,0.3584905660377358,init_kc_phi
01470960,5.0,6.223728416311885,0.999,15,4,17,5,0.26666666666666666,0.29411764705882354,fitted_kc_phi
01470960,5.0,3.0,0.5,201,102,89,19,0.5074626865671642,0.21348314606741572,init_kc_phi
01470960,20.0,6.223728416311885,0.999,15,0,19,5,0.0,0.2631578947368421,fitted_kc_phi
01470960,20.0,3.0,0.5,201,25,136,19,0.12437810945273632,0.13970588235294118,init_kc_phi
01470960,4.554319460140006,6.223728416311885,0.999,15,4,17,5,0.26666666666666666,0.29411764705882354,fitted_kc_phi
01470960,4.554319460140006,3.0,0.5,201,109,86,19,0.5422885572139303,0.22093023255813954,init_kc_phi
01518000,0.05,7.403941809054229,0.999,57,55,27,26,0.9649122807017544,0.9629629629629629,fitted_kc_phi
01518000,0.05,3.0,0.5,285,277,84,82,0.9719298245614035,0.9761904761904762,init_kc_phi
01518000,0.2,7.403941809054229,0.999,57,54,28,26,0.9473684210526315,0.9285714285714286,fitted_kc_phi
01518000,0.2,3.0,0.5,285,261,98,81,0.9157894736842105,0.826530612244898,init_kc_phi
01518000,1.0,7.403941809054229,0.999,57,49,32,25,0.8596491228070176,0.78125,fitted_kc_phi
01518000,1.0,3.0,0.5,285,207,145,75,0.7263157894736842,0.5172413793103449,init_kc_phi
01518000,5.0,7.403941809054229,0.999,57,28,52,23,0.49122807017543857,0.4423076923076923,fitted_kc_phi
01518000,5.0,3.0,0.5,285,128,225,72,0.44912280701754387,0.32,init_kc_phi
01518000,20.0,7.403941809054229,0.999,57,3,74,23,0.05263157894736842,0.3108108108108108,fitted_kc_phi
01518000,20.0,3.0,0.5,285,48,307,69,0.16842105263157894,0.2247557003257329,init_kc_phi
01518000,36.22845516604853,7.403941809054229,0.999,57,0,76,22,0.0,0.2894736842105263,fitted_kc_phi
01518000,36.22845516604853,3.0,0.5,285,30,323,69,0.10526315789473684,0.21362229102167182,init_kc_phi
01520000,0.05,8.288942918594065,0.999,50,50,27,26,1.0,0.9629629629629629,fitted_kc_phi
01520000,0.05,3.0,0.5,351,345,97,92,0.9829059829059829,0.9484536082474226,init_kc_phi
01520000,0.2,8.288942918594065,0.999,50,49,27,26,0.98,0.9629629629629629,fitted_kc_phi
01520000,0.2,3.0,0.5,351,323,110,92,0.9202279202279202,0.8363636363636363,init_kc_phi
01520000,1.0,8.288942918594065,0.999,50,44,30,25,0.88,0.8333333333333334,fitted_kc_phi
01520000,1.0,3.0,0.5,351,263,168,84,0.7492877492877493,0.5,init_kc_phi
01520000,5.0,8.288942918594065,0.999,50,25,50,25,0.5,0.5,fitted_kc_phi
01520000,5.0,3.0,0.5,351,153,275,78,0.4358974358974359,0.28363636363636363,init_kc_phi
01520000,20.0,8.288942918594065,0.999,50,4,69,25,0.08,0.36231884057971014,fitted_kc_phi
01520000,20.0,3.0,0.5,351,57,363,78,0.1623931623931624,0.21487603305785125,init_kc_phi
01520000,33.20415200445743,8.288942918594065,0.999,50,0,70,25,0.0,0.35714285714285715,fitted_kc_phi
01520000,33.20415200445743,3.0,0.5,351,41,378,78,0.1168091168091168,0.20634920634920634,init_kc_phi
01534300,0.05,5.703537686825735,0.999,53,53,16,16,1.0,1.0,fitted_kc_phi
01534300,0.05,3.0,0.5,286,281,64,51,0.9825174825174825,0.796875,init_kc_phi
01534300,0.2,5.703537686825735,0.999,53,52,16,16,0.9811320754716981,1.0,fitted_kc_phi
01534300,0.2,3.0,0.5,286,264,76,50,0.9230769230769231,0.6578947368421053,init_kc_phi
01534300,1.0,5.703537686825735,0.999,53,44,28,14,0.8301886792452831,0.5,fitted_kc_phi
01534300,1.0,3.0,0.5,286,219,124,48,0.7657342657342657,0.3870967741935484,init_kc_phi
01534300,5.0,5.703537686825735,0.999,53,19,49,14,0.3584905660377358,0.2857142857142857,fitted_kc_phi
01534300,5.0,3.0,0.5,286,140,172,47,0.48951048951048953,0.27325581395348836,init_kc_phi
01534300,20.0,5.703537686825735,0.999,53,1,60,13,0.018867924528301886,0.21666666666666667,fitted_kc_phi
01534300,20.0,3.0,0.5,286,36,230,47,0.1258741258741259,0.20434782608695654,init_kc_phi
01534300,4.331422186114338,5.703537686825735,0.999,53,25,45,14,0.4716981132075472,0.3111111111111111,fitted_kc_phi
01534300,4.331422186114338,3.0,0.5,286,147,166,47,0.513986013986014,0.28313253012048195,init_kc_phi
01541200,0.05,4.482474801602448,0.999,99,95,39,38,0.9595959595959596,0.9743589743589743,fitted_kc_phi
01541200,0.05,3.0,0.5,239,231,81,76,0.9665271966527197,0.9382716049382716,init_kc_phi
01541200,0.2,4.482474801602448,0.999,99,88,42,38,0.8888888888888888,0.9047619047619048,fitted_kc_phi
01541200,0.2,3.0,0.5,239,211,93,75,0.8828451882845189,0.8064516129032258,init_kc_phi
01541200,1.0,4.482474801602448,0.999,99,67,58,37,0.6767676767676768,0.6379310344827587,fitted_kc_phi
01541200,1.0,3.0,0.5,239,156,138,69,0.6527196652719666,0.5,init_kc_phi
01541200,5.0,4.482474801602448,0.999,99,30,89,36,0.30303030303030304,0.4044943820224719,fitted_kc_phi
01541200,5.0,3.0,0.5,239,54,199,67,0.22594142259414227,0.33668341708542715,init_kc_phi
01541200,20.0,4.482474801602448,0.999,99,8,110,35,0.08080808080808081,0.3181818181818182,fitted_kc_phi
01541200,20.0,3.0,0.5,239,17,225,66,0.07112970711297072,0.29333333333333333,init_kc_phi
01541200,75.68375025095163,4.482474801602448,0.999,99,0,113,35,0.0,0.30973451327433627,fitted_kc_phi
01541200,75.68375025095163,3.0,0.5,239,0,234,65,0.0,0.2777777777777778,init_kc_phi
01547500,0.05,4.682983198294227,0.999,63,63,30,28,1.0,0.9333333333333333,fitted_kc_phi
01547500,0.05,3.0,0.5,172,167,63,59,0.9709302325581395,0.9365079365079365,init_kc_phi
01547500,0.2,4.682983198294227,0.999,63,63,34,27,1.0,0.7941176470588235,fitted_kc_phi
01547500,0.2,3.0,0.5,172,151,72,59,0.877906976744186,0.8194444444444444,init_kc_phi
01547500,1.0,4.682983198294227,0.999,63,44,43,26,0.6984126984126984,0.6046511627906976,fitted_kc_phi
01547500,1.0,3.0,0.5,172,112,102,59,0.6511627906976745,0.5784313725490197,init_kc_phi
01547500,5.0,4.682983198294227,0.999,63,31,61,23,0.49206349206349204,0.3770491803278688,fitted_kc_phi
01547500,5.0,3.0,0.5,172,55,141,56,0.31976744186046513,0.3971631205673759,init_kc_phi
01547500,20.0,4.682983198294227,0.999,63,6,90,22,0.09523809523809523,0.24444444444444444,fitted_kc_phi
01547500,20.0,3.0,0.5,172,29,174,56,0.1686046511627907,0.3218390804597701,init_kc_phi
01547500,120.0,4.682983198294227,0.999,63,0,91,22,0.0,0.24175824175824176,fitted_kc_phi
01547500,120.0,3.0,0.5,172,0,191,55,0.0,0.2879581151832461,init_kc_phi
01563200,0.05,9.759988193507354,0.999,22,22,12,12,1.0,1.0,fitted_kc_phi
01563200,0.05,3.0,0.5,346,340,80,74,0.9826589595375722,0.925,init_kc_phi
01563200,0.2,9.759988193507354,0.999,22,21,13,12,0.9545454545454546,0.9230769230769231,fitted_kc_phi
01563200,0.2,3.0,0.5,346,321,96,73,0.9277456647398844,0.7604166666666666,init_kc_phi
01563200,1.0,9.759988193507354,0.999,22,16,15,12,0.7272727272727273,0.8,fitted_kc_phi
01563200,1.0,3.0,0.5,346,261,142,63,0.7543352601156069,0.44366197183098594,init_kc_phi
01563200,5.0,9.759988193507354,0.999,22,8,22,11,0.36363636363636365,0.5,fitted_kc_phi
01563200,5.0,3.0,0.5,346,175,227,57,0.5057803468208093,0.2511013215859031,init_kc_phi
01563200,20.0,9.759988193507354,0.999,22,0,26,11,0.0,0.4230769230769231,fitted_kc_phi
01563200,20.0,3.0,0.5,346,56,318,53,0.16184971098265896,0.16666666666666666,init_kc_phi
01563200,11.150814512869642,9.759988193507354,0.999,22,1,25,11,0.045454545454545456,0.44,fitted_kc_phi
01563200,11.150814512869642,3.0,0.5,346,112,284,53,0.3236994219653179,0.18661971830985916,init_kc_phi
01574500,0.05,15.0,0.5,0,0,0,0,0.0,0.0,fitted_kc_phi
01574500,0.05,3.0,0.5,171,165,47,43,0.9649122807017544,0.9148936170212766,init_kc_phi
01574500,0.2,15.0,0.5,0,0,0,0,0.0,0.0,fitted_kc_phi
01574500,0.2,3.0,0.5,171,159,66,42,0.9298245614035088,0.6363636363636364,init_kc_phi
01574500,1.0,15.0,0.5,0,0,0,0,0.0,0.0,fitted_kc_phi
01574500,1.0,3.0,0.5,171,125,99,39,0.7309941520467836,0.3939393939393939,init_kc_phi
01574500,5.0,15.0,0.5,0,0,0,0,0.0,0.0,fitted_kc_phi
01574500,5.0,3.0,0.5,171,91,145,32,0.5321637426900585,0.2206896551724138,init_kc_phi
01574500,20.0,15.0,0.5,0,0,0,0,0.0,0.0,fitted_kc_phi
01574500,20.0,3.0,0.5,171,27,187,32,0.15789473684210525,0.1711229946524064,init_kc_phi
01574500,3.0000000000000004,15.0,0.5,0,0,0,0,0.0,0.0,fitted_kc_phi
01574500,3.0000000000000004,3.0,0.5,171,99,127,33,0.5789473684210527,0.25984251968503935,init_kc_phi
01597500,0.05,0.5269262759429063,0.999,2417,2375,207,110,0.9826230864708316,0.5314009661835749,fitted_kc_phi
01597500,0.05,3.0,0.5,297,290,101,92,0.9764309764309764,0.9108910891089109,init_kc_phi
01597500,0.2,0.5269262759429063,0.999,2417,2330,338,100,0.9640049648324369,0.2958579881656805,fitted_kc_phi
01597500,0.2,3.0,0.5,297,265,113,91,0.8922558922558923,0.8053097345132744,init_kc_phi
01597500,1.0,0.5269262759429063,0.999,2417,2214,617,71,0.9160115846090194,0.11507293354943274,fitted_kc_phi
01597500,1.0,3.0,0.5,297,213,164,81,0.7171717171717171,0.49390243902439024,init_kc_phi
01597500,5.0,0.5269262759429063,0.999,2417,1978,1023,48,0.8183698800165494,0.0469208211143695,fitted_kc_phi
01597500,5.0,3.0,0.5,297,88,251,79,0.2962962962962963,0.3147410358565737,init_kc_phi
01597500,20.0,0.5269262759429063,0.999,2417,1789,1543,30,0.7401737691352916,0.019442644199611146,fitted_kc_phi
01597500,20.0,3.0,0.5,297,34,308,73,0.11447811447811448,0.237012987012987,init_kc_phi
01597500,7.489068393151776,0.5269262759429063,0.999,2417,1904,1145,42,0.7877534133223004,0.03668122270742358,fitted_kc_phi
01597500,7.489068393151776,3.0,0.5,297,66,269,76,0.2222222222222222,0.2825278810408922,init_kc_phi
02011800,0.05,9.077915718405976,0.999,28,28,17,17,1.0,1.0,fitted_kc_phi
02011800,0.05,3.0,0.5,287,277,93,84,0.9651567944250871,0.9032258064516129,init_kc_phi
02011800,0.2,9.077915718405976,0.999,28,27,19,17,0.9642857142857143,0.8947368421052632,fitted_kc_phi
02011800,0.2,3.0,0.5,287,269,105,82,0.9372822299651568,0.780952380952381,init_kc_phi
02011800,1.0,9.077915718405976,0.999,28,26,22,17,0.9285714285714286,0.7727272727272727,fitted_kc_phi
02011800,1.0,3.0,0.5,287,215,170,79,0.7491289198606271,0.4647058823529412,init_kc_phi
02011800,5.0,9.077915718405976,0.999,28,10,33,17,0.35714285714285715,0.5151515151515151,fitted_kc_phi
02011800,5.0,3.0,0.5,287,115,271,72,0.40069686411149824,0.2656826568265683,init_kc_phi
02011800,20.0,9.077915718405976,0.999,28,2,38,17,0.07142857142857142,0.4473684210526316,fitted_kc_phi
02011800,20.0,3.0,0.5,287,25,356,70,0.08710801393728224,0.19662921348314608,init_kc_phi
02011800,13.77969019765005,9.077915718405976,0.999,28,4,36,17,0.14285714285714285,0.4722222222222222,fitted_kc_phi
02011800,13.77969019765005,3.0,0.5,287,42,340,70,0.14634146341463414,0.20588235294117646,init_kc_phi
04285500,0.05,5.854338632434719,0.5742868215268566,49,49,20,20,1.0,1.0,fitted_kc_phi
04285500,0.05,3.0,0.5,310,306,69,64,0.9870967741935484,0.927536231884058,init_kc_phi
04285500,0.2,5.854338632434719,0.5742868215268566,49,44,23,20,0.8979591836734694,0.8695652173913043,fitted_kc_phi
04285500,0.2,3.0,0.5,310,288,82,64,0.9290322580645162,0.7804878048780488,init_kc_phi
04285500,1.0,5.854338632434719,0.5742868215268566,49,25,32,19,0.5102040816326531,0.59375,fitted_kc_phi
04285500,1.0,3.0,0.5,310,217,124,60,0.7,0.4838709677419355,init_kc_phi
04285500,5.0,5.854338632434719,0.5742868215268566,49,5,42,19,0.10204081632653061,0.4523809523809524,fitted_kc_phi
04285500,5.0,3.0,0.5,310,128,187,56,0.4129032258064516,0.2994652406417112,init_kc_phi
04285500,20.0,5.854338632434719,0.5742868215268566,49,0,42,19,0.0,0.4523809523809524,fitted_kc_phi
04285500,20.0,3.0,0.5,310,19,248,55,0.06129032258064516,0.2217741935483871,init_kc_phi
04285500,5.803476010650435,5.854338632434719,0.5742868215268566,49,3,42,19,0.061224489795918366,0.4523809523809524,fitted_kc_phi
04285500,5.803476010650435,3.0,0.5,310,126,193,56,0.4064516129032258,0.29015544041450775,init_kc_phi
04289000,0.05,4.548903661122068,0.889409928626142,2,1,2,2,0.5,1.0,fitted_kc_phi
04289000,0.05,3.0,0.5,62,57,21,19,0.9193548387096774,0.9047619047619048,init_kc_phi
04289000,0.2,4.548903661122068,0.889409928626142,2,1,2,2,0.5,1.0,fitted_kc_phi
04289000,0.2,3.0,0.5,62,49,26,19,0.7903225806451613,0.7307692307692307,init_kc_phi
04289000,1.0,4.548903661122068,0.889409928626142,2,0,3,3,0.0,1.0,fitted_kc_phi
04289000,1.0,3.0,0.5,62,28,35,19,0.45161290322580644,0.5428571428571428,init_kc_phi
04289000,5.0,4.548903661122068,0.889409928626142,2,0,3,3,0.0,1.0,fitted_kc_phi
04289000,5.0,3.0,0.5,62,0,42,19,0.0,0.4523809523809524,init_kc_phi
04289000,20.0,4.548903661122068,0.889409928626142,2,0,3,3,0.0,1.0,fitted_kc_phi
04289000,20.0,3.0,0.5,62,0,42,19,0.0,0.4523809523809524,init_kc_phi
04289000,3.3408794151503427,4.548903661122068,0.889409928626142,2,0,3,3,0.0,1.0,fitted_kc_phi
04289000,3.3408794151503427,3.0,0.5,62,2,42,19,0.03225806451612903,0.4523809523809524,init_kc_phi
02072000,0.05,8.073909467213563,0.999,16,16,9,9,1.0,1.0,fitted_kc_phi
02072000,0.05,3.0,0.5,112,111,41,37,0.9910714285714286,0.9024390243902439,init_kc_phi
02072000,0.2,8.073909467213563,0.999,16,16,10,9,1.0,0.9,fitted_kc_phi
02072000,0.2,3.0,0.5,112,104,49,37,0.9285714285714286,0.7551020408163265,init_kc_phi
02072000,1.0,8.073909467213563,0.999,16,16,12,9,1.0,0.75,fitted_kc_phi
02072000,1.0,3.0,0.5,112,74,74,36,0.6607142857142857,0.4864864864864865,init_kc_phi
02072000,5.0,8.073909467213563,0.999,16,3,15,9,0.1875,0.6,fitted_kc_phi
02072000,5.0,3.0,0.5,112,31,122,34,0.2767857142857143,0.2786885245901639,init_kc_phi
02072000,20.0,8.073909467213563,0.999,16,0,15,9,0.0,0.6,fitted_kc_phi
02072000,20.0,3.0,0.5,112,0,150,34,0.0,0.22666666666666666,init_kc_phi
02072000,37.19647927712609,8.073909467213563,0.999,16,0,15,9,0.0,0.6,fitted_kc_phi
02072000,37.19647927712609,3.0,0.5,112,0,150,34,0.0,0.22666666666666666,init_kc_phi
02294491,0.05,7.434401089370048,0.8322903871454623,35,35,9,8,1.0,0.8888888888888888,fitted_kc_phi
02294491,0.05,3.0,0.5,361,348,39,32,0.96398891966759,0.8205128205128205,init_kc_phi
02294491,0.2,7.434401089370048,0.8322903871454623,35,35,11,8,1.0,0.7272727272727273,fitted_kc_phi
02294491,0.2,3.0,0.5,361,327,51,31,0.9058171745152355,0.6078431372549019,init_kc_phi
02294491,1.0,7.434401089370048,0.8322903871454623,35,31,16,8,0.8857142857142857,0.5,fitted_kc_phi
02294491,1.0,3.0,0.5,361,291,84,30,0.8060941828254847,0.35714285714285715,init_kc_phi
02294491,5.0,7.434401089370048,0.8322903871454623,35,13,29,7,0.37142857142857144,0.2413793103448276,fitted_kc_phi
02294491,5.0,3.0,0.5,361,232,151,25,0.6426592797783933,0.16556291390728478,init_kc_phi
02294491,20.0,7.434401089370048,0.8322903871454623,35,5,36,7,0.14285714285714285,0.19444444444444445,fitted_kc_phi
02294491,20.0,3.0,0.5,361,147,225,25,0.407202216066482,0.1111111111111111,init_kc_phi
02294491,45.33185554703704,7.434401089370048,0.8322903871454623,35,0,41,7,0.0,0.17073170731707318,fitted_kc_phi
02294491,45.33185554703704,3.0,0.5,361,58,273,24,0.16066481994459833,0.08791208791208792,init_kc_phi
02334430,0.05,0.9163534042409724,0.999,2049,1997,255,107,0.974621766715471,0.4196078431372549,fitted_kc_phi
02334430,0.05,3.0,0.5,19,14,14,13,0.7368421052631579,0.9285714285714286,init_kc_phi
02334430,0.2,0.9163534042409724,0.999,2049,1927,409,90,0.9404587603709127,0.2200488997555012,fitted_kc_phi
02334430,0.2,3.0,0.5,19,8,17,13,0.42105263157894735,0.7647058823529411,init_kc_phi
02334430,1.0,0.9163534042409724,0.999,2049,1815,674,66,0.8857979502196194,0.09792284866468842,fitted_kc_phi
02334430,1.0,3.0,0.5,19,3,20,13,0.15789473684210525,0.65,init_kc_phi
02334430,5.0,0.9163534042409724,0.999,2049,1651,999,44,0.805758906783797,0.044044044044044044,fitted_kc_phi
02334430,5.0,3.0,0.5,19,0,23,13,0.0,0.5652173913043478,init_kc_phi
02334430,20.0,0.9163534042409724,0.999,2049,1356,1413,28,0.6617862371888726,0.019815994338287332,fitted_kc_phi
02334430,20.0,3.0,0.5,19,0,23,13,0.0,0.5652173913043478,init_kc_phi
02334430,29.03807541655151,0.9163534042409724,0.999,2049,1202,1572,26,0.5866276232308443,0.01653944020356234,fitted_kc_phi
02334430,29.03807541655151,3.0,0.5,19,0,23,13,0.0,0.5652173913043478,init_kc_phi
02394000,0.05,3.324819691831385,0.999,59,56,22,21,0.9491525423728814,0.9545454545454546,fitted_kc_phi
02394000,0.05,3.0,0.5,81,75,29,27,0.9259259259259259,0.9310344827586207,init_kc_phi
02394000,0.2,3.324819691831385,0.999,59,53,27,21,0.8983050847457628,0.7777777777777778,fitted_kc_phi
02394000,0.2,3.0,0.5,81,67,37,27,0.8271604938271605,0.7297297297297297,init_kc_phi
02394000,1.0,3.324819691831385,0.999,59,38,45,21,0.6440677966101694,0.4666666666666667,fitted_kc_phi
02394000,1.0,3.0,0.5,81,39,60,27,0.48148148148148145,0.45,init_kc_phi
02394000,5.0,3.324819691831385,0.999,59,13,69,19,0.22033898305084745,0.2753623188405797,fitted_kc_phi
02394000,5.0,3.0,0.5,81,11,84,22,0.13580246913580246,0.2619047619047619,init_kc_phi
02394000,20.0,3.324819691831385,0.999,59,2,91,19,0.03389830508474576,0.2087912087912088,fitted_kc_phi
02394000,20.0,3.0,0.5,81,0,92,22,0.0,0.2391304347826087,init_kc_phi
02394000,39.34546917846188,3.324819691831385,0.999,59,0,91,19,0.0,0.2087912087912088,fitted_kc_phi
02394000,39.34546917846188,3.0,0.5,81,0,92,22,0.0,0.2391304347826087,init_kc_phi
04240010,0.05,6.120639914031186,0.5111104452177565,27,23,15,14,0.8518518518518519,0.9333333333333333,fitted_kc_phi
04240010,0.05,3.0,0.5,245,241,65,63,0.9836734693877551,0.9692307692307692,init_kc_phi
04240010,0.2,6.120639914031186,0.5111104452177565,27,20,15,14,0.7407407407407407,0.9333333333333333,fitted_kc_phi
04240010,0.2,3.0,0.5,245,228,81,62,0.9306122448979591,0.7654320987654321,init_kc_phi
04240010,1.0,6.120639914031186,0.5111104452177565,27,16,19,13,0.5925925925925926,0.6842105263157895,fitted_kc_phi
04240010,1.0,3.0,0.5,245,166,121,60,0.6775510204081633,0.49586776859504134,init_kc_phi
04240010,5.0,6.120639914031186,0.5111104452177565,27,4,23,13,0.14814814814814814,0.5652173913043478,fitted_kc_phi
04240010,5.0,3.0,0.5,245,85,170,60,0.3469387755102041,0.35294117647058826,init_kc_phi
04240010,20.0,6.120639914031186,0.5111104452177565,27,0,24,13,0.0,0.5416666666666666,fitted_kc_phi
04240010,20.0,3.0,0.5,245,38,198,60,0.15510204081632653,0.30303030303030304,init_kc_phi
04240010,5.165884206178115,6.120639914031186,0.5111104452177565,27,3,23,13,0.1111111111111111,0.5652173913043478,fitted_kc_phi
04240010,5.165884206178115,3.0,0.5,245,83,170,60,0.33877551020408164,0.35294117647058826,init_kc_phi
03209000,0.05,7.239246301788898,0.999,35,35,18,17,1.0,0.9444444444444444,fitted_kc_phi
03209000,0.05,3.0,0.5,313,304,72,65,0.9712460063897763,0.9027777777777778,init_kc_phi
03209000,0.2,7.239246301788898,0.999,35,34,19,17,0.9714285714285714,0.8947368421052632,fitted_kc_phi
03209000,0.2,3.0,0.5,313,284,84,60,0.9073482428115016,0.7142857142857143,init_kc_phi
03209000,1.0,7.239246301788898,0.999,35,23,25,17,0.6571428571428571,0.68,fitted_kc_phi
03209000,1.0,3.0,0.5,313,236,132,54,0.7539936102236422,0.4090909090909091,init_kc_phi
03209000,5.0,7.239246301788898,0.999,35,13,35,17,0.37142857142857144,0.4857142857142857,fitted_kc_phi
03209000,5.0,3.0,0.5,313,138,218,51,0.44089456869009586,0.23394495412844038,init_kc_phi
03209000,20.0,7.239246301788898,0.999,35,3,42,17,0.08571428571428572,0.40476190476190477,fitted_kc_phi
03209000,20.0,3.0,0.5,313,47,279,49,0.1501597444089457,0.17562724014336917,init_kc_phi
03209000,73.80141752506927,7.239246301788898,0.999,35,0,45,17,0.0,0.37777777777777777,fitted_kc_phi
03209000,73.80141752506927,3.0,0.5,313,0,311,48,0.0,0.15434083601286175,init_kc_phi
03225500,0.05,6.653234752045548,0.999,111,107,45,44,0.963963963963964,0.9777777777777777,fitted_kc_phi
03225500,0.05,3.0,0.5,426,423,107,105,0.9929577464788732,0.9813084112149533,init_kc_phi
03225500,0.2,6.653234752045548,0.999,111,106,48,44,0.954954954954955,0.9166666666666666,fitted_kc_phi
03225500,0.2,3.0,0.5,426,402,123,105,0.9436619718309859,0.8536585365853658,init_kc_phi
03225500,1.0,6.653234752045548,0.999,111,90,64,43,0.8108108108108109,0.671875,fitted_kc_phi
03225500,1.0,3.0,0.5,426,330,189,104,0.7746478873239436,0.5502645502645502,init_kc_phi
03225500,5.0,6.653234752045548,0.999,111,46,101,42,0.4144144144144144,0.4158415841584158,fitted_kc_phi
03225500,5.0,3.0,0.5,426,178,307,98,0.41784037558685444,0.31921824104234525,init_kc_phi
03225500,20.0,6.653234752045548,0.999,111,6,128,41,0.05405405405405406,0.3203125,fitted_kc_phi
03225500,20.0,3.0,0.5,426,32,411,90,0.07511737089201878,0.21897810218978103,init_kc_phi
03225500,120.0,6.653234752045548,0.999,111,0,132,41,0.0,0.3106060606060606,fitted_kc_phi
03225500,120.0,3.0,0.5,426,0,434,90,0.0,0.2073732718894009,init_kc_phi
03228805,0.05,6.7351028452221495,0.999,90,90,39,37,1.0,0.9487179487179487,fitted_kc_phi
03228805,0.05,3.0,0.5,382,378,102,97,0.9895287958115183,0.9509803921568627,init_kc_phi
03228805,0.2,6.7351028452221495,0.999,90,83,41,37,0.9222222222222223,0.9024390243902439,fitted_kc_phi
03228805,0.2,3.0,0.5,382,356,115,97,0.9319371727748691,0.8434782608695652,init_kc_phi
03228805,1.0,6.7351028452221495,0.999,90,69,52,34,0.7666666666666667,0.6538461538461539,fitted_kc_phi
03228805,1.0,3.0,0.5,382,288,186,95,0.7539267015706806,0.510752688172043,init_kc_phi
03228805,5.0,6.7351028452221495,0.999,90,42,80,33,0.4666666666666667,0.4125,fitted_kc_phi
03228805,5.0,3.0,0.5,382,155,310,87,0.40575916230366493,0.2806451612903226,init_kc_phi
03228805,20.0,6.7351028452221495,0.999,90,2,100,33,0.022222222222222223,0.33,fitted_kc_phi
03228805,20.0,3.0,0.5,382,18,422,82,0.04712041884816754,0.1943127962085308,init_kc_phi
03228805,120.0,6.7351028452221495,0.999,90,0,100,33,0.0,0.33,fitted_kc_phi
03228805,120.0,3.0,0.5,382,0,434,82,0.0,0.1889400921658986,init_kc_phi
03266000,0.05,9.681187570089746,0.9375992358635006,39,39,20,20,1.0,1.0,fitted_kc_phi
03266000,0.05,3.0,0.5,373,366,107,103,0.9812332439678284,0.9626168224299065,init_kc_phi
03266000,0.2,9.681187570089746,0.9375992358635006,39,39,21,20,1.0,0.9523809523809523,fitted_kc_phi
03266000,0.2,3.0,0.5,373,348,118,102,0.9329758713136729,0.864406779661017,init_kc_phi
03266000,1.0,9.681187570089746,0.9375992358635006,39,33,25,20,0.8461538461538461,0.8,fitted_kc_phi
03266000,1.0,3.0,0.5,373,281,185,98,0.7533512064343163,0.5297297297297298,init_kc_phi
03266000,5.0,9.681187570089746,0.9375992358635006,39,14,37,20,0.358974358974359,0.5405405405405406,fitted_kc_phi
03266000,5.0,3.0,0.5,373,153,303,91,0.4101876675603217,0.30033003300330036,init_kc_phi
03266000,20.0,9.681187570089746,0.9375992358635006,39,2,43,20,0.05128205128205128,0.46511627906976744,fitted_kc_phi
03266000,20.0,3.0,0.5,373,17,430,82,0.045576407506702415,0.19069767441860466,init_kc_phi
03266000,19.793269459105048,9.681187570089746,0.9375992358635006,39,2,43,20,0.05128205128205128,0.46511627906976744,fitted_kc_phi
03266000,19.793269459105048,3.0,0.5,373,17,430,82,0.045576407506702415,0.19069767441860466,init_kc_phi
03270000,0.05,8.467531870887061,0.999,4,4,3,3,1.0,1.0,fitted_kc_phi
03270000,0.05,3.0,0.5,176,167,67,65,0.9488636363636364,0.9701492537313433,init_kc_phi
03270000,0.2,8.467531870887061,0.999,4,4,3,3,1.0,1.0,fitted_kc_phi
03270000,0.2,3.0,0.5,176,145,73,62,0.8238636363636364,0.8493150684931506,init_kc_phi
03270000,1.0,8.467531870887061,0.999,4,4,3,3,1.0,1.0,fitted_kc_phi
03270000,1.0,3.0,0.5,176,105,107,62,0.5965909090909091,0.5794392523364486,init_kc_phi
03270000,5.0,8.467531870887061,0.999,4,2,6,3,0.5,0.5,fitted_kc_phi
03270000,5.0,3.0,0.5,176,23,168,61,0.13068181818181818,0.3630952380952381,init_kc_phi
03270000,20.0,8.467531870887061,0.999,4,0,7,3,0.0,0.42857142857142855,fitted_kc_phi
03270000,20.0,3.0,0.5,176,0,188,60,0.0,0.3191489361702128,init_kc_phi
03270000,4.21257197082638,8.467531870887061,0.999,4,2,6,3,0.5,0.5,fitted_kc_phi
03270000,4.21257197082638,3.0,0.5,176,28,163,61,0.1590909090909091,0.37423312883435583,init_kc_phi
03272000,0.05,16.108931412418496,0.3604363980675484,20,19,11,11,0.95,1.0,fitted_kc_phi
03272000,0.05,3.0,0.5,362,356,124,120,0.9834254143646409,0.967741935483871,init_kc_phi
03272000,0.2,16.108931412418496,0.3604363980675484,20,19,11,11,0.95,1.0,fitted_kc_phi
03272000,0.2,3.0,0.5,362,335,132,119,0.925414364640884,0.9015151515151515,init_kc_phi
03272000,1.0,16.108931412418496,0.3604363980675484,20,12,11,11,0.6,1.0,fitted_kc_phi
03272000,1.0,3.0,0.5,362,279,184,114,0.7707182320441989,0.6195652173913043,init_kc_phi
03272000,5.0,16.108931412418496,0.3604363980675484,20,1,12,11,0.05,0.9166666666666666,fitted_kc_phi
03272000,5.0,3.0,0.5,362,152,312,107,0.4198895027624309,0.34294871794871795,init_kc_phi
03272000,20.0,16.108931412418496,0.3604363980675484,20,0,13,12,0.0,0.9230769230769231,fitted_kc_phi
03272000,20.0,3.0,0.5,362,29,451,101,0.08011049723756906,0.22394678492239467,init_kc_phi
03272000,12.550187126517438,16.108931412418496,0.3604363980675484,20,0,13,12,0.0,0.9230769230769231,fitted_kc_phi
03272000,12.550187126517438,3.0,0.5,362,68,406,102,0.1878453038674033,0.2512315270935961,init_kc_phi
03353500,0.05,1.1290165216729928,0.2121243192531524,944,881,212,181,0.9332627118644068,0.8537735849056604,fitted_kc_phi
03353500,0.05,3.0,0.5,296,291,109,107,0.9831081081081081,0.981651376146789,init_kc_phi
03353500,0.2,1.1290165216729928,0.2121243192531524,944,786,296,173,0.8326271186440678,0.5844594594594594,fitted_kc_phi
03353500,0.2,3.0,0.5,296,278,117,106,0.9391891891891891,0.905982905982906,init_kc_phi
03353500,1.0,1.1290165216729928,0.2121243192531524,944,562,487,149,0.5953389830508474,0.3059548254620123,fitted_kc_phi
03353500,1.0,3.0,0.5,296,219,173,103,0.7398648648648649,0.5953757225433526,init_kc_phi
03353500,5.0,1.1290165216729928,0.2121243192531524,944,337,755,124,0.3569915254237288,0.16423841059602648,fitted_kc_phi
03353500,5.0,3.0,0.5,296,126,294,97,0.42567567567567566,0.3299319727891156,init_kc_phi
03353500,20.0,1.1290165216729928,0.2121243192531524,944,91,1027,96,0.09639830508474577,0.0934761441090555,fitted_kc_phi
03353500,20.0,3.0,0.5,296,31,422,91,0.10472972972972973,0.2156398104265403,init_kc_phi
03353500,0.9133625466803896,1.1290165216729928,0.2121243192531524,944,574,477,151,0.6080508474576272,0.3165618448637317,fitted_kc_phi
03353500,0.9133625466803896,3.0,0.5,296,225,167,104,0.7601351351351351,0.6227544910179641,init_kc_phi
05592000,0.05,2.5745710268970416,0.9590200295202852,302,295,75,62,0.9768211920529801,0.8266666666666667,fitted_kc_phi
05592000,0.05,3.0,0.5,195,191,54,48,0.9794871794871794,0.8888888888888888,init_kc_phi
05592000,0.2,2.5745710268970416,0.9590200295202852,302,274,109,61,0.9072847682119205,0.5596330275229358,fitted_kc_phi
05592000,0.2,3.0,0.5,195,181,75,48,0.9282051282051282,0.64,init_kc_phi
05592000,1.0,2.5745710268970416,0.9590200295202852,302,238,193,53,0.7880794701986755,0.27461139896373055,fitted_kc_phi
05592000,1.0,3.0,0.5,195,138,127,46,0.7076923076923077,0.36220472440944884,init_kc_phi
05592000,5.0,2.5745710268970416,0.9590200295202852,302,167,377,44,0.5529801324503312,0.11671087533156499,fitted_kc_phi
05592000,5.0,3.0,0.5,195,47,220,40,0.24102564102564103,0.18181818181818182,init_kc_phi
05592000,20.0,2.5745710268970416,0.9590200295202852,302,64,549,41,0.2119205298013245,0.07468123861566485,fitted_kc_phi
05592000,20.0,3.0,0.5,195,0,270,37,0.0,0.13703703703703704,init_kc_phi
05592000,12.48142279078319,2.5745710268970416,0.9590200295202852,302,102,503,41,0.33774834437086093,0.08151093439363817,fitted_kc_phi
05592000,12.48142279078319,3.0,0.5,195,14,263,37,0.07179487179487179,0.14068441064638784,init_kc_phi
05593000,0.05,2.912147225782878,0.999,271,271,67,58,1.0,0.8656716417910447,fitted_kc_phi
05593000,0.05,3.0,0.5,257,248,65,59,0.9649805447470817,0.9076923076923077,init_kc_phi
05593000,0.2,2.912147225782878,0.999,271,258,86,57,0.9520295202952029,0.6627906976744186,fitted_kc_phi
05593000,0.2,3.0,0.5,257,231,83,56,0.8988326848249028,0.6746987951807228,init_kc_phi
05593000,1.0,2.912147225782878,0.999,271,223,156,53,0.8228782287822878,0.33974358974358976,fitted_kc_phi
05593000,1.0,3.0,0.5,257,172,141,53,0.669260700389105,0.375886524822695,init_kc_phi
05593000,5.0,2.912147225782878,0.999,271,141,293,47,0.5202952029520295,0.16040955631399317,fitted_kc_phi
05593000,5.0,3.0,0.5,257,86,243,48,0.3346303501945525,0.19753086419753085,init_kc_phi
05593000,20.0,2.912147225782878,0.999,271,62,452,40,0.22878228782287824,0.08849557522123894,fitted_kc_phi
05593000,20.0,3.0,0.5,257,8,309,44,0.0311284046692607,0.1423948220064725,init_kc_phi
05593000,13.918623191833897,2.912147225782878,0.999,271,82,421,41,0.3025830258302583,0.09738717339667459,fitted_kc_phi
05593000,13.918623191833897,3.0,0.5,257,23,302,44,0.08949416342412451,0.1456953642384106,init_kc_phi
06225000,0.05,1.806774007971003,0.999,728,714,45,20,0.9807692307692307,0.4444444444444444,fitted_kc_phi
06225000,0.05,3.0,0.5,158,152,13,11,0.9620253164556962,0.8461538461538461,init_kc_phi
06225000,0.2,1.806774007971003,0.999,728,694,68,18,0.9532967032967034,0.2647058823529412,fitted_kc_phi
06225000,0.2,3.0,0.5,158,146,20,9,0.9240506329113924,0.45,init_kc_phi
06225000,1.0,1.806774007971003,0.999,728,655,127,16,0.8997252747252747,0.12598425196850394,fitted_kc_phi
06225000,1.0,3.0,0.5,158,135,35,7,0.8544303797468354,0.2,init_kc_phi
06225000,5.0,1.806774007971003,0.999,728,578,251,15,0.7939560439560439,0.05976095617529881,fitted_kc_phi
06225000,5.0,3.0,0.5,158,111,74,7,0.7025316455696202,0.0945945945945946,init_kc_phi
06225000,20.0,1.806774007971003,0.999,728,406,423,14,0.5576923076923077,0.03309692671394799,fitted_kc_phi
06225000,20.0,3.0,0.5,158,42,133,7,0.26582278481012656,0.05263157894736842,init_kc_phi
06225000,13.039339340427455,1.806774007971003,0.999,728,490,358,15,0.6730769230769231,0.04189944134078212,fitted_kc_phi
06225000,13.039339340427455,3.0,0.5,158,62,119,7,0.3924050632911392,0.058823529411764705,init_kc_phi
06259000,0.05,0.856968264983104,0.6060791991712281,1592,1559,79,21,0.9792713567839196,0.26582278481012656,fitted_kc_phi
06259000,0.05,3.0,0.5,234,231,15,10,0.9871794871794872,0.6666666666666666,init_kc_phi
06259000,0.2,0.856968264983104,0.6060791991712281,1592,1536,126,19,0.964824120603015,0.15079365079365079,fitted_kc_phi
06259000,0.2,3.0,0.5,234,222,23,9,0.9487179487179487,0.391304347826087,init_kc_phi
06259000,1.0,0.856968264983104,0.6060791991712281,1592,1485,242,18,0.9327889447236181,0.0743801652892562,fitted_kc_phi
06259000,1.0,3.0,0.5,234,203,36,9,0.8675213675213675,0.25,init_kc_phi
06259000,5.0,0.856968264983104,0.6060791991712281,1592,1348,549,15,0.8467336683417085,0.0273224043715847,fitted_kc_phi
06259000,5.0,3.0,0.5,234,166,63,9,0.7094017094017094,0.14285714285714285,init_kc_phi
06259000,20.0,0.856968264983104,0.6060791991712281,1592,945,1157,15,0.5935929648241206,0.01296456352636128,fitted_kc_phi
06259000,20.0,3.0,0.5,234,109,121,9,0.4658119658119658,0.0743801652892562,init_kc_phi
06259000,67.9722448057317,0.856968264983104,0.6060791991712281,1592,473,2102,14,0.2971105527638191,0.006660323501427212,fitted_kc_phi
06259000,67.9722448057317,3.0,0.5,234,0,187,9,0.0,0.0481283422459893,init_kc_phi
06411500,0.05,7.668623473492889,0.999,24,24,5,3,1.0,0.6,fitted_kc_phi
06411500,0.05,3.0,0.5,137,135,10,7,0.9854014598540146,0.7,init_kc_phi
06411500,0.2,7.668623473492889,0.999,24,24,8,3,1.0,0.375,fitted_kc_phi
06411500,0.2,3.0,0.5,137,130,15,7,0.948905109489051,0.4666666666666667,init_kc_phi
06411500,1.0,7.668623473492889,0.999,24,21,14,2,0.875,0.14285714285714285,fitted_kc_phi
06411500,1.0,3.0,0.5,137,117,24,7,0.8540145985401459,0.2916666666666667,init_kc_phi
06411500,5.0,7.668623473492889,0.999,24,13,22,1,0.5416666666666666,0.045454545454545456,fitted_kc_phi
06411500,5.0,3.0,0.5,137,102,44,7,0.7445255474452555,0.1590909090909091,init_kc_phi
06411500,20.0,7.668623473492889,0.999,24,0,28,1,0.0,0.03571428571428571,fitted_kc_phi
06411500,20.0,3.0,0.5,137,74,67,7,0.5401459854014599,0.1044776119402985,init_kc_phi
06411500,7.601524819309744,7.668623473492889,0.999,24,11,24,1,0.4583333333333333,0.041666666666666664,fitted_kc_phi
06411500,7.601524819309744,3.0,0.5,137,92,53,7,0.6715328467153284,0.1320754716981132,init_kc_phi
06903900,0.05,3.0273463255160435,0.999,71,70,11,8,0.9859154929577465,0.7272727272727273,fitted_kc_phi
06903900,0.05,3.0,0.5,73,72,10,8,0.9863013698630136,0.8,init_kc_phi
06903900,0.2,3.0273463255160435,0.999,71,70,13,8,0.9859154929577465,0.6153846153846154,fitted_kc_phi
06903900,0.2,3.0,0.5,73,67,13,8,0.9178082191780822,0.6153846153846154,init_kc_phi
06903900,1.0,3.0273463255160435,0.999,71,63,20,8,0.8873239436619719,0.4,fitted_kc_phi
06903900,1.0,3.0,0.5,73,63,19,8,0.863013698630137,0.42105263157894735,init_kc_phi
06903900,5.0,3.0273463255160435,0.999,71,62,39,7,0.8732394366197183,0.1794871794871795,fitted_kc_phi
06903900,5.0,3.0,0.5,73,61,39,7,0.8356164383561644,0.1794871794871795,init_kc_phi
06903900,20.0,3.0273463255160435,0.999,71,53,71,7,0.7464788732394366,0.09859154929577464,fitted_kc_phi
06903900,20.0,3.0,0.5,73,40,64,7,0.547945205479452,0.109375,init_kc_phi
06903900,43.42549506051653,3.0273463255160435,0.999,71,38,92,7,0.5352112676056338,0.07608695652173914,fitted_kc_phi
06903900,43.42549506051653,3.0,0.5,73,0,77,7,0.0,0.09090909090909091,init_kc_phi
06906200,0.05,2.656306901644061,0.5381368019360369,402,401,67,61,0.9975124378109452,0.9104477611940298,fitted_kc_phi
06906200,0.05,3.0,0.5,321,316,71,62,0.9844236760124611,0.8732394366197183,init_kc_phi
06906200,0.2,2.656306901644061,0.5381368019360369,402,388,90,61,0.9651741293532339,0.6777777777777778,fitted_kc_phi
06906200,0.2,3.0,0.5,321,303,93,59,0.9439252336448598,0.6344086021505376,init_kc_phi
06906200,1.0,2.656306901644061,0.5381368019360369,402,342,172,58,0.8507462686567164,0.3372093023255814,fitted_kc_phi
06906200,1.0,3.0,0.5,321,259,154,55,0.8068535825545171,0.35714285714285715,init_kc_phi
06906200,5.0,2.656306901644061,0.5381368019360369,402,241,280,49,0.599502487562189,0.175,fitted_kc_phi
06906200,5.0,3.0,0.5,321,178,245,52,0.5545171339563862,0.21224489795918366,init_kc_phi
06906200,20.0,2.656306901644061,0.5381368019360369,402,131,403,45,0.32587064676616917,0.11166253101736973,fitted_kc_phi
06906200,20.0,3.0,0.5,321,97,333,50,0.30218068535825543,0.15015015015015015,init_kc_phi
06906200,6.234196023603405,2.656306901644061,0.5381368019360369,402,217,300,48,0.5398009950248757,0.16,fitted_kc_phi
06906200,6.234196023603405,3.0,0.5,321,171,258,51,0.5327102803738317,0.19767441860465115,init_kc_phi
06912500,0.05,6.06803934337914,0.999,45,43,26,25,0.9555555555555556,0.9615384615384616,fitted_kc_phi
06912500,0.05,3.0,0.5,338,332,83,77,0.9822485207100592,0.927710843373494,init_kc_phi
06912500,0.2,6.06803934337914,0.999,45,41,28,25,0.9111111111111111,0.8928571428571429,fitted_kc_phi
06912500,0.2,3.0,0.5,338,306,99,76,0.9053254437869822,0.7676767676767676,init_kc_phi
06912500,1.0,6.06803934337914,0.999,45,35,34,25,0.7777777777777778,0.7352941176470589,fitted_kc_phi
06912500,1.0,3.0,0.5,338,249,157,66,0.7366863905325444,0.42038216560509556,init_kc_phi
06912500,5.0,6.06803934337914,0.999,45,29,51,24,0.6444444444444445,0.47058823529411764,fitted_kc_phi
06912500,5.0,3.0,0.5,338,190,258,57,0.5621301775147929,0.22093023255813954,init_kc_phi
06912500,20.0,6.06803934337914,0.999,45,11,88,20,0.24444444444444444,0.22727272727272727,fitted_kc_phi
06912500,20.0,3.0,0.5,338,118,340,55,0.34911242603550297,0.16176470588235295,init_kc_phi
06912500,96.6034217995828,6.06803934337914,0.999,45,0,116,20,0.0,0.1724137931034483,fitted_kc_phi
06912500,96.6034217995828,3.0,0.5,338,0,397,55,0.0,0.1385390428211587,init_kc_phi
06921350,0.05,3.392570179553413,0.999,157,156,66,64,0.9936305732484076,0.9696969696969697,fitted_kc_phi
06921350,0.05,3.0,0.5,196,189,77,74,0.9642857142857143,0.961038961038961,init_kc_phi
06921350,0.2,3.392570179553413,0.999,157,148,75,64,0.9426751592356688,0.8533333333333334,fitted_kc_phi
06921350,0.2,3.0,0.5,196,176,86,74,0.8979591836734694,0.8604651162790697,init_kc_phi
06921350,1.0,3.392570179553413,0.999,157,123,109,64,0.7834394904458599,0.5871559633027523,fitted_kc_phi
06921350,1.0,3.0,0.5,196,136,131,72,0.6938775510204082,0.549618320610687,init_kc_phi
06921350,5.0,3.392570179553413,0.999,157,87,203,57,0.554140127388535,0.28078817733990147,fitted_kc_phi
06921350,5.0,3.0,0.5,196,66,231,66,0.336734693877551,0.2857142857142857,init_kc_phi
06921350,20.0,3.392570179553413,0.999,157,21,353,52,0.1337579617834395,0.14730878186968838,fitted_kc_phi
06921350,20.0,3.0,0.5,196,6,324,62,0.030612244897959183,0.19135802469135801,init_kc_phi
06921350,120.0,3.392570179553413,0.999,157,0,401,51,0.0,0.12718204488778054,fitted_kc_phi
06921350,120.0,3.0,0.5,196,0,331,62,0.0,0.18731117824773413,init_kc_phi
07124410,0.05,2.6717004795783352,0.2445169803633834,501,476,35,25,0.9500998003992016,0.7142857142857143,fitted_kc_phi
07124410,0.05,3.0,0.5,384,374,29,21,0.9739583333333334,0.7241379310344828,init_kc_phi
07124410,0.2,2.6717004795783352,0.2445169803633834,501,448,52,24,0.8942115768463074,0.46153846153846156,fitted_kc_phi
07124410,0.2,3.0,0.5,384,359,46,18,0.9348958333333334,0.391304347826087,init_kc_phi
07124410,1.0,2.6717004795783352,0.2445169803633834,501,385,88,23,0.7684630738522954,0.26136363636363635,fitted_kc_phi
07124410,1.0,3.0,0.5,384,323,78,17,0.8411458333333334,0.21794871794871795,init_kc_phi
07124410,5.0,2.6717004795783352,0.2445169803633834,501,245,151,23,0.48902195608782434,0.152317880794702,fitted_kc_phi
07124410,5.0,3.0,0.5,384,219,147,16,0.5703125,0.10884353741496598,init_kc_phi
07124410,20.0,2.6717004795783352,0.2445169803633834,501,71,210,24,0.14171656686626746,0.11428571428571428,fitted_kc_phi
07124410,20.0,3.0,0.5,384,80,213,16,0.20833333333333334,0.07511737089201878,init_kc_phi
07124410,120.0,2.6717004795783352,0.2445169803633834,501,0,229,24,0.0,0.10480349344978165,fitted_kc_phi
07124410,120.0,3.0,0.5,384,0,253,16,0.0,0.06324110671936758,init_kc_phi
07198000,0.05,4.176039354794378,0.999,88,87,30,29,0.9886363636363636,0.9666666666666667,fitted_kc_phi
07198000,0.05,3.0,0.5,194,187,59,54,0.9639175257731959,0.9152542372881356,init_kc_phi
07198000,0.2,4.176039354794378,0.999,88,82,34,29,0.9318181818181818,0.8529411764705882,fitted_kc_phi
07198000,0.2,3.0,0.5,194,170,71,53,0.8762886597938144,0.7464788732394366,init_kc_phi
07198000,1.0,4.176039354794378,0.999,88,71,49,29,0.8068181818181818,0.5918367346938775,fitted_kc_phi
07198000,1.0,3.0,0.5,194,119,106,51,0.6134020618556701,0.4811320754716981,init_kc_phi
07198000,5.0,4.176039354794378,0.999,88,40,86,27,0.45454545454545453,0.313953488372093,fitted_kc_phi
07198000,5.0,3.0,0.5,194,63,178,49,0.3247422680412371,0.2752808988764045,init_kc_phi
07198000,20.0,4.176039354794378,0.999,88,11,143,27,0.125,0.1888111888111888,fitted_kc_phi
07198000,20.0,3.0,0.5,194,18,241,48,0.09278350515463918,0.1991701244813278,init_kc_phi
07198000,40.7332340569234,4.176039354794378,0.999,88,4,167,27,0.045454545454545456,0.16167664670658682,fitted_kc_phi
07198000,40.7332340569234,3.0,0.5,194,11,255,48,0.05670103092783505,0.18823529411764706,init_kc_phi
07339000,0.05,3.336485176771145,0.999,96,95,20,15,0.9895833333333334,0.75,fitted_kc_phi
07339000,0.05,3.0,0.5,143,136,24,22,0.951048951048951,0.9166666666666666,init_kc_phi
07339000,0.2,3.336485176771145,0.999,96,93,26,15,0.96875,0.5769230769230769,fitted_kc_phi
07339000,0.2,3.0,0.5,143,124,32,22,0.8671328671328671,0.6875,init_kc_phi
07339000,1.0,3.336485176771145,0.999,96,80,44,12,0.8333333333333334,0.2727272727272727,fitted_kc_phi
07339000,1.0,3.0,0.5,143,102,52,21,0.7132867132867133,0.40384615384615385,init_kc_phi
07339000,5.0,3.336485176771145,0.999,96,54,70,12,0.5625,0.17142857142857143,fitted_kc_phi
07339000,5.0,3.0,0.5,143,60,79,19,0.4195804195804196,0.24050632911392406,init_kc_phi
07339000,20.0,3.336485176771145,0.999,96,30,85,12,0.3125,0.1411764705882353,fitted_kc_phi
07339000,20.0,3.0,0.5,143,17,93,19,0.11888111888111888,0.20430107526881722,init_kc_phi
07339000,33.17512365555169,3.336485176771145,0.999,96,14,90,12,0.14583333333333334,0.13333333333333333,fitted_kc_phi
07339000,33.17512365555169,3.0,0.5,143,0,96,19,0.0,0.19791666666666666,init_kc_phi
08245000,0.05,0.9777199303817028,0.337503524882106,1069,1042,42,25,0.9747427502338635,0.5952380952380952,fitted_kc_phi
08245000,0.05,3.0,0.5,518,515,32,24,0.9942084942084942,0.75,init_kc_phi
08245000,0.2,0.9777199303817028,0.337503524882106,1069,1014,66,24,0.9485500467726847,0.36363636363636365,fitted_kc_phi
08245000,0.2,3.0,0.5,518,504,43,23,0.972972972972973,0.5348837209302325,init_kc_phi
08245000,1.0,0.9777199303817028,0.337503524882106,1069,933,126,23,0.872778297474275,0.18253968253968253,fitted_kc_phi
08245000,1.0,3.0,0.5,518,472,84,21,0.9111969111969112,0.25,init_kc_phi
08245000,5.0,0.9777199303817028,0.337503524882106,1069,831,273,19,0.7773620205799813,0.0695970695970696,fitted_kc_phi
08245000,5.0,3.0,0.5,518,405,148,18,0.7818532818532818,0.12162162162162163,init_kc_phi
08245000,20.0,0.9777199303817028,0.337503524882106,1069,650,641,15,0.608044901777362,0.0234009360374415,fitted_kc_phi
08245000,20.0,3.0,0.5,518,281,254,18,0.5424710424710425,0.07086614173228346,init_kc_phi
08245000,120.0,0.9777199303817028,0.337503524882106,1069,9,1452,15,0.00841908325537886,0.010330578512396695,fitted_kc_phi
08245000,120.0,3.0,0.5,518,0,415,16,0.0,0.03855421686746988,init_kc_phi
08287000,0.05,0.9628418646494972,0.4545026966453772,1110,1081,70,38,0.9738738738738739,0.5428571428571428,fitted_kc_phi
08287000,0.05,3.0,0.5,301,293,25,19,0.973421926910299,0.76,init_kc_phi
08287000,0.2,0.9628418646494972,0.4545026966453772,1110,1041,116,36,0.9378378378378378,0.3103448275862069,fitted_kc_phi
08287000,0.2,3.0,0.5,301,283,34,17,0.9401993355481728,0.5,init_kc_phi
08287000,1.0,0.9628418646494972,0.4545026966453772,1110,954,220,32,0.8594594594594595,0.14545454545454545,fitted_kc_phi
08287000,1.0,3.0,0.5,301,257,64,17,0.8538205980066446,0.265625,init_kc_phi
08287000,5.0,0.9628418646494972,0.4545026966453772,1110,779,410,27,0.7018018018018019,0.06585365853658537,fitted_kc_phi
08287000,5.0,3.0,0.5,301,177,119,14,0.5880398671096345,0.11764705882352941,init_kc_phi
08287000,20.0,0.9628418646494972,0.4545026966453772,1110,528,926,19,0.4756756756756757,0.020518358531317494,fitted_kc_phi
08287000,20.0,3.0,0.5,301,48,184,14,0.15946843853820597,0.07608695652173914,init_kc_phi
08287000,120.0,0.9628418646494972,0.4545026966453772,1110,0,1956,17,0.0,0.008691206543967281,fitted_kc_phi
08287000,120.0,3.0,0.5,301,0,193,14,0.0,0.07253886010362694,init_kc_phi
08317950,0.05,0.87969431184463,0.3838570395671815,1238,1216,118,88,0.9822294022617124,0.7457627118644068,fitted_kc_phi
08317950,0.05,3.0,0.5,380,372,51,45,0.9789473684210527,0.8823529411764706,init_kc_phi
08317950,0.2,0.87969431184463,0.3838570395671815,1238,1163,190,84,0.9394184168012925,0.4421052631578947,fitted_kc_phi
08317950,0.2,3.0,0.5,380,367,64,45,0.9657894736842105,0.703125,init_kc_phi
08317950,1.0,0.87969431184463,0.3838570395671815,1238,1062,338,75,0.8578352180936996,0.22189349112426035,fitted_kc_phi
08317950,1.0,3.0,0.5,380,345,112,43,0.9078947368421053,0.38392857142857145,init_kc_phi
08317950,5.0,0.87969431184463,0.3838570395671815,1238,870,585,67,0.7027463651050081,0.11452991452991453,fitted_kc_phi
08317950,5.0,3.0,0.5,380,264,200,42,0.6947368421052632,0.21,init_kc_phi
08317950,20.0,0.87969431184463,0.3838570395671815,1238,513,963,59,0.41437802907915994,0.0612668743509865,fitted_kc_phi
08317950,20.0,3.0,0.5,380,163,291,41,0.42894736842105263,0.140893470790378,init_kc_phi
08317950,86.66191968832113,0.87969431184463,0.3838570395671815,1238,140,1548,46,0.11308562197092084,0.029715762273901807,fitted_kc_phi
08317950,86.66191968832113,3.0,0.5,380,67,391,40,0.1763157894736842,0.10230179028132992,init_kc_phi
08382830,0.05,1.9343203746594533,0.8522884852969388,672,663,47,36,0.9866071428571429,0.7659574468085106,fitted_kc_phi
08382830,0.05,3.0,0.5,333,329,29,21,0.987987987987988,0.7241379310344828,init_kc_phi
08382830,0.2,1.9343203746594533,0.8522884852969388,672,640,78,35,0.9523809523809523,0.44871794871794873,fitted_kc_phi
08382830,0.2,3.0,0.5,333,318,41,21,0.954954954954955,0.5121951219512195,init_kc_phi
08382830,1.0,1.9343203746594533,0.8522884852969388,672,587,136,32,0.8735119047619048,0.23529411764705882,fitted_kc_phi
08382830,1.0,3.0,0.5,333,282,71,20,0.8468468468468469,0.28169014084507044,init_kc_phi
08382830,5.0,1.9343203746594533,0.8522884852969388,672,476,252,24,0.7083333333333334,0.09523809523809523,fitted_kc_phi
08382830,5.0,3.0,0.5,333,214,123,18,0.6426426426426426,0.14634146341463414,init_kc_phi
08382830,20.0,1.9343203746594533,0.8522884852969388,672,352,404,23,0.5238095238095238,0.05693069306930693,fitted_kc_phi
08382830,20.0,3.0,0.5,333,78,198,17,0.23423423423423423,0.08585858585858586,init_kc_phi
08382830,59.31664719547462,1.9343203746594533,0.8522884852969388,672,171,681,22,0.2544642857142857,0.032305433186490456,fitted_kc_phi
08382830,59.31664719547462,3.0,0.5,333,0,232,17,0.0,0.07327586206896551,init_kc_phi
08384500,0.05,2.358258226535592,0.999,497,490,49,36,0.9859154929577465,0.7346938775510204,fitted_kc_phi
08384500,0.05,3.0,0.5,331,328,24,20,0.9909365558912386,0.8333333333333334,init_kc_phi
08384500,0.2,2.358258226535592,0.999,497,473,73,35,0.9517102615694165,0.4794520547945205,fitted_kc_phi
08384500,0.2,3.0,0.5,331,317,38,20,0.9577039274924471,0.5263157894736842,init_kc_phi
08384500,1.0,2.358258226535592,0.999,497,429,119,30,0.8631790744466801,0.25210084033613445,fitted_kc_phi
08384500,1.0,3.0,0.5,331,283,68,19,0.8549848942598187,0.27941176470588236,init_kc_phi
08384500,5.0,2.358258226535592,0.999,497,364,205,28,0.7323943661971831,0.13658536585365855,fitted_kc_phi
08384500,5.0,3.0,0.5,331,217,121,18,0.6555891238670695,0.1487603305785124,init_kc_phi
08384500,20.0,2.358258226535592,0.999,497,265,321,26,0.5331991951710262,0.08099688473520249,fitted_kc_phi
08384500,20.0,3.0,0.5,331,78,197,17,0.23564954682779457,0.08629441624365482,init_kc_phi
08384500,83.52491639165669,2.358258226535592,0.999,497,79,547,25,0.158953722334004,0.04570383912248629,fitted_kc_phi
08384500,83.52491639165669,3.0,0.5,331,0,231,17,0.0,0.0735930735930736,init_kc_phi
08390800,0.05,6.714550573610195,0.999,20,20,9,9,1.0,1.0,fitted_kc_phi
08390800,0.05,3.0,0.5,359,350,39,31,0.9749303621169917,0.7948717948717948,init_kc_phi
08390800,0.2,6.714550573610195,0.999,20,20,10,9,1.0,0.9,fitted_kc_phi
08390800,0.2,3.0,0.5,359,337,60,30,0.9387186629526463,0.5,init_kc_phi
08390800,1.0,6.714550573610195,0.999,20,18,13,9,0.9,0.6923076923076923,fitted_kc_phi
08390800,1.0,3.0,0.5,359,298,98,27,0.83008356545961,0.2755102040816326,init_kc_phi
08390800,5.0,6.714550573610195,0.999,20,13,26,9,0.65,0.34615384615384615,fitted_kc_phi
08390800,5.0,3.0,0.5,359,217,171,25,0.6044568245125348,0.14619883040935672,init_kc_phi
08390800,20.0,6.714550573610195,0.999,20,6,41,9,0.3,0.21951219512195122,fitted_kc_phi
08390800,20.0,3.0,0.5,359,122,261,23,0.3398328690807799,0.08812260536398467,init_kc_phi
08390800,50.422846012856965,6.714550573610195,0.999,20,0,51,9,0.0,0.17647058823529413,fitted_kc_phi
08390800,50.422846012856965,3.0,0.5,359,0,301,23,0.0,0.07641196013289037,init_kc_phi
09426000,0.05,17.33927106907686,0.999,18,18,7,7,1.0,1.0,fitted_kc_phi
09426000,0.05,3.0,0.5,290,287,39,32,0.9896551724137931,0.8205128205128205,init_kc_phi
09426000,0.2,17.33927106907686,0.999,18,18,7,7,1.0,1.0,fitted_kc_phi
09426000,0.2,3.0,0.5,290,275,52,32,0.9482758620689655,0.6153846153846154,init_kc_phi
09426000,1.0,17.33927106907686,0.999,18,17,9,7,0.9444444444444444,0.7777777777777778,fitted_kc_phi
09426000,1.0,3.0,0.5,290,255,85,29,0.8793103448275862,0.3411764705882353,init_kc_phi
09426000,5.0,17.33927106907686,0.999,18,16,15,7,0.8888888888888888,0.4666666666666667,fitted_kc_phi
09426000,5.0,3.0,0.5,290,219,152,27,0.7551724137931034,0.17763157894736842,init_kc_phi
09426000,20.0,17.33927106907686,0.999,18,11,27,6,0.6111111111111112,0.2222222222222222,fitted_kc_phi
09426000,20.0,3.0,0.5,290,163,217,26,0.5620689655172414,0.11981566820276497,init_kc_phi
09426000,120.0,17.33927106907686,0.999,18,2,50,5,0.1111111111111111,0.1,fitted_kc_phi
09426000,120.0,3.0,0.5,290,100,299,26,0.3448275862068966,0.08695652173913043,init_kc_phi
10134500,0.05,1.1224527893371126,0.2619382218503975,1291,1260,37,12,0.975987606506584,0.32432432432432434,fitted_kc_phi
10134500,0.05,3.0,0.5,128,128,9,5,1.0,0.5555555555555556,init_kc_phi
10134500,0.2,1.1224527893371126,0.2619382218503975,1291,1212,61,12,0.9388071262587142,0.19672131147540983,fitted_kc_phi
10134500,0.2,3.0,0.5,128,126,19,5,0.984375,0.2631578947368421,init_kc_phi
10134500,1.0,1.1224527893371126,0.2619382218503975,1291,1138,116,12,0.8814872192099148,0.10344827586206896,fitted_kc_phi
10134500,1.0,3.0,0.5,128,111,38,5,0.8671875,0.13157894736842105,init_kc_phi
10134500,5.0,1.1224527893371126,0.2619382218503975,1291,965,251,12,0.7474825716498839,0.04780876494023904,fitted_kc_phi
10134500,5.0,3.0,0.5,128,103,70,5,0.8046875,0.07142857142857142,init_kc_phi
10134500,20.0,1.1224527893371126,0.2619382218503975,1291,759,456,12,0.5879163439194423,0.02631578947368421,fitted_kc_phi
10134500,20.0,3.0,0.5,128,51,143,5,0.3984375,0.03496503496503497,init_kc_phi
10134500,120.0,1.1224527893371126,0.2619382218503975,1291,0,848,9,0.0,0.01061320754716981,fitted_kc_phi
10134500,120.0,3.0,0.5,128,0,154,5,0.0,0.032467532467532464,init_kc_phi
12106700,0.05,9.14195938960064,0.999,13,13,8,7,1.0,0.875,fitted_kc_phi
12106700,0.05,3.0,0.5,226,222,60,56,0.9823008849557522,0.9333333333333333,init_kc_phi
12106700,0.2,9.14195938960064,0.999,13,11,8,7,0.8461538461538461,0.875,fitted_kc_phi
12106700,0.2,3.0,0.5,226,203,72,56,0.8982300884955752,0.7777777777777778,init_kc_phi
12106700,1.0,9.14195938960064,0.999,13,9,9,7,0.6923076923076923,0.7777777777777778,fitted_kc_phi
12106700,1.0,3.0,0.5,226,148,117,56,0.6548672566371682,0.47863247863247865,init_kc_phi
12106700,5.0,9.14195938960064,0.999,13,3,12,7,0.23076923076923078,0.5833333333333334,fitted_kc_phi
12106700,5.0,3.0,0.5,226,70,192,54,0.30973451327433627,0.28125,init_kc_phi
12106700,20.0,9.14195938960064,0.999,13,0,13,7,0.0,0.5384615384615384,fitted_kc_phi
12106700,20.0,3.0,0.5,226,3,239,53,0.01327433628318584,0.2217573221757322,init_kc_phi
12106700,16.99561741256572,9.14195938960064,0.999,13,0,13,7,0.0,0.5384615384615384,fitted_kc_phi
12106700,16.99561741256572,3.0,0.5,226,3,237,53,0.01327433628318584,0.22362869198312235,init_kc_phi
12362500,0.05,3.044144700999005,0.5185811840765433,0,0,0,0,0.0,0.0,fitted_kc_phi
12362500,0.05,3.0,0.5,0,0,0,0,0.0,0.0,init_kc_phi
12362500,0.2,3.044144700999005,0.5185811840765433,0,0,0,0,0.0,0.0,fitted_kc_phi
12362500,0.2,3.0,0.5,0,0,0,0,0.0,0.0,init_kc_phi
12362500,1.0,3.044144700999005,0.5185811840765433,0,0,0,0,0.0,0.0,fitted_kc_phi
12362500,1.0,3.0,0.5,0,0,0,0,0.0,0.0,init_kc_phi
12362500,5.0,3.044144700999005,0.5185811840765433,0,0,0,0,0.0,0.0,fitted_kc_phi
12362500,5.0,3.0,0.5,0,0,0,0,0.0,0.0,init_kc_phi
12362500,20.0,3.044144700999005,0.5185811840765433,0,0,0,0,0.0,0.0,fitted_kc_phi
12362500,20.0,3.0,0.5,0,0,0,0,0.0,0.0,init_kc_phi
12362500,2.919023269979576,3.044144700999005,0.5185811840765433,0,0,0,0,0.0,0.0,fitted_kc_phi
12362500,2.919023269979576,3.0,0.5,0,0,0,0,0.0,0.0,init_kc_phi
13032500,0.05,2.927835221914043,0.999,168,163,19,11,0.9702380952380952,0.5789473684210527,fitted_kc_phi
13032500,0.05,3.0,0.5,153,146,14,11,0.954248366013072,0.7857142857142857,init_kc_phi
13032500,0.2,2.927835221914043,0.999,168,158,33,9,0.9404761904761905,0.2727272727272727,fitted_kc_phi
13032500,0.2,3.0,0.5,153,142,23,10,0.9281045751633987,0.43478260869565216,init_kc_phi
13032500,1.0,2.927835221914043,0.999,168,143,47,9,0.8511904761904762,0.19148936170212766,fitted_kc_phi
13032500,1.0,3.0,0.5,153,120,44,8,0.7843137254901961,0.18181818181818182,init_kc_phi
13032500,5.0,2.927835221914043,0.999,168,105,88,7,0.625,0.07954545454545454,fitted_kc_phi
13032500,5.0,3.0,0.5,153,64,74,7,0.41830065359477125,0.0945945945945946,init_kc_phi
13032500,20.0,2.927835221914043,0.999,168,40,143,7,0.23809523809523808,0.04895104895104895,fitted_kc_phi
13032500,20.0,3.0,0.5,153,17,99,7,0.1111111111111111,0.0707070707070707,init_kc_phi
13032500,3.6851721388414647,2.927835221914043,0.999,168,116,78,7,0.6904761904761905,0.08974358974358974,fitted_kc_phi
13032500,3.6851721388414647,3.0,0.5,153,77,68,7,0.5032679738562091,0.10294117647058823,init_kc_phi
13190500,0.05,1.0702932394291078,0.999,1072,1053,59,24,0.9822761194029851,0.4067796610169492,fitted_kc_phi
13190500,0.05,3.0,0.5,195,193,13,8,0.9897435897435898,0.6153846153846154,init_kc_phi
13190500,0.2,1.0702932394291078,0.999,1072,1025,99,23,0.9561567164179104,0.23232323232323232,fitted_kc_phi
13190500,0.2,3.0,0.5,195,183,20,8,0.9384615384615385,0.4,init_kc_phi
13190500,1.0,1.0702932394291078,0.999,1072,937,221,18,0.8740671641791045,0.08144796380090498,fitted_kc_phi
13190500,1.0,3.0,0.5,195,169,32,7,0.8666666666666667,0.21875,init_kc_phi
13190500,5.0,1.0702932394291078,0.999,1072,812,465,17,0.7574626865671642,0.03655913978494624,fitted_kc_phi
13190500,5.0,3.0,0.5,195,122,62,7,0.6256410256410256,0.11290322580645161,init_kc_phi
13190500,20.0,1.0702932394291078,0.999,1072,598,903,14,0.5578358208955224,0.015503875968992248,fitted_kc_phi
13190500,20.0,3.0,0.5,195,50,107,7,0.2564102564102564,0.06542056074766354,init_kc_phi
13190500,10.018270519164044,1.0702932394291078,0.999,1072,698,659,15,0.6511194029850746,0.02276176024279211,fitted_kc_phi
13190500,10.018270519164044,3.0,0.5,195,86,82,7,0.441025641025641,0.08536585365853659,init_kc_phi
13202000,0.05,1.0022668153628282,0.999,1222,1209,53,22,0.9893617021276596,0.41509433962264153,fitted_kc_phi
13202000,0.05,3.0,0.5,257,252,20,14,0.980544747081712,0.7,init_kc_phi
13202000,0.2,1.0022668153628282,0.999,1222,1181,97,19,0.9664484451718495,0.1958762886597938,fitted_kc_phi
13202000,0.2,3.0,0.5,257,240,31,13,0.933852140077821,0.41935483870967744,init_kc_phi
13202000,1.0,1.0022668153628282,0.999,1222,1139,180,14,0.9320785597381342,0.07777777777777778,fitted_kc_phi
13202000,1.0,3.0,0.5,257,208,56,13,0.8093385214007782,0.23214285714285715,init_kc_phi
13202000,5.0,1.0022668153628282,0.999,1222,996,393,14,0.8150572831423896,0.035623409669211195,fitted_kc_phi
13202000,5.0,3.0,0.5,257,160,90,12,0.622568093385214,0.13333333333333333,init_kc_phi
13202000,20.0,1.0022668153628282,0.999,1222,767,849,14,0.6276595744680851,0.016489988221436984,fitted_kc_phi
13202000,20.0,3.0,0.5,257,90,134,12,0.35019455252918286,0.08955223880597014,init_kc_phi
13202000,8.835124941353131,1.0022668153628282,0.999,1222,921,534,16,0.7536824877250409,0.0299625468164794,fitted_kc_phi
13202000,8.835124941353131,3.0,0.5,257,134,107,12,0.5214007782101168,0.11214953271028037,init_kc_phi
13217500,0.05,1.0672133355049949,0.896839987504918,1512,1496,45,19,0.9894179894179894,0.4222222222222222,fitted_kc_phi
13217500,0.05,3.0,0.5,201,192,20,13,0.9552238805970149,0.65,init_kc_phi
13217500,0.2,1.0672133355049949,0.896839987504918,1512,1476,75,19,0.9761904761904762,0.25333333333333335,fitted_kc_phi
13217500,0.2,3.0,0.5,201,180,31,12,0.8955223880597015,0.3870967741935484,init_kc_phi
13217500,1.0,1.0672133355049949,0.896839987504918,1512,1412,160,18,0.9338624338624338,0.1125,fitted_kc_phi
13217500,1.0,3.0,0.5,201,147,55,11,0.7313432835820896,0.2,init_kc_phi
13217500,5.0,1.0672133355049949,0.896839987504918,1512,1270,322,17,0.83994708994709,0.052795031055900624,fitted_kc_phi
13217500,5.0,3.0,0.5,201,81,87,10,0.40298507462686567,0.11494252873563218,init_kc_phi
13217500,20.0,1.0672133355049949,0.896839987504918,1512,1072,592,16,0.708994708994709,0.02702702702702703,fitted_kc_phi
13217500,20.0,3.0,0.5,201,58,122,10,0.2885572139303483,0.08196721311475409,init_kc_phi
13217500,1.7215334067228032,1.0672133355049949,0.896839987504918,1512,1378,205,17,0.9113756613756614,0.08292682926829269,fitted_kc_phi
13217500,1.7215334067228032,3.0,0.5,201,121,64,11,0.6019900497512438,0.171875,init_kc_phi
14145500,0.05,2.9476121205488903,0.999,13,13,3,2,1.0,0.6666666666666666,fitted_kc_phi
14145500,0.05,3.0,0.5,13,12,2,2,0.9230769230769231,1.0,init_kc_phi
14145500,0.2,2.9476121205488903,0.999,13,11,4,2,0.8461538461538461,0.5,fitted_kc_phi
14145500,0.2,3.0,0.5,13,11,4,2,0.8461538461538461,0.5,init_kc_phi
14145500,1.0,2.9476121205488903,0.999,13,10,7,2,0.7692307692307693,0.2857142857142857,fitted_kc_phi
14145500,1.0,3.0,0.5,13,6,7,2,0.46153846153846156,0.2857142857142857,init_kc_phi
14145500,5.0,2.9476121205488903,0.999,13,4,14,2,0.3076923076923077,0.14285714285714285,fitted_kc_phi
14145500,5.0,3.0,0.5,13,0,10,2,0.0,0.2,init_kc_phi
14145500,20.0,2.9476121205488903,0.999,13,0,18,2,0.0,0.1111111111111111,fitted_kc_phi
14145500,20.0,3.0,0.5,13,0,10,2,0.0,0.2,init_kc_phi
14145500,4.8873852714917385,2.9476121205488903,0.999,13,4,13,2,0.3076923076923077,0.15384615384615385,fitted_kc_phi
14145500,4.8873852714917385,3.0,0.5,13,0,10,2,0.0,0.2,init_kc_phi
14150000,0.05,2.7805006399090693,0.999,12,12,2,2,1.0,1.0,fitted_kc_phi
14150000,0.05,3.0,0.5,10,10,3,2,1.0,0.6666666666666666,init_kc_phi
14150000,0.2,2.7805006399090693,0.999,12,12,4,2,1.0,0.5,fitted_kc_phi
14150000,0.2,3.0,0.5,10,9,4,2,0.9,0.5,init_kc_phi
14150000,1.0,2.7805006399090693,0.999,12,9,8,2,0.75,0.25,fitted_kc_phi
14150000,1.0,3.0,0.5,10,5,6,2,0.5,0.3333333333333333,init_kc_phi
14150000,5.0,2.7805006399090693,0.999,12,5,14,2,0.4166666666666667,0.14285714285714285,fitted_kc_phi
14150000,5.0,3.0,0.5,10,0,8,2,0.0,0.25,init_kc_phi
14150000,20.0,2.7805006399090693,0.999,12,0,19,2,0.0,0.10526315789473684,fitted_kc_phi
14150000,20.0,3.0,0.5,10,0,8,2,0.0,0.25,init_kc_phi
14150000,3.82391228359541,2.7805006399090693,0.999,12,5,12,2,0.4166666666666667,0.16666666666666666,fitted_kc_phi
14150000,3.82391228359541,3.0,0.5,10,0,8,2,0.0,0.25,init_kc_phi
14151000,0.05,4.695353246662657,0.999,8,8,3,3,1.0,1.0,fitted_kc_phi
14151000,0.05,3.0,0.5,123,116,36,28,0.943089430894309,0.7777777777777778,init_kc_phi
14151000,0.2,4.695353246662657,0.999,8,7,4,3,0.875,0.75,fitted_kc_phi
14151000,0.2,3.0,0.5,123,100,44,28,0.8130081300813008,0.6363636363636364,init_kc_phi
14151000,1.0,4.695353246662657,0.999,8,4,6,3,0.5,0.5,fitted_kc_phi
14151000,1.0,3.0,0.5,123,53,72,28,0.43089430894308944,0.3888888888888889,init_kc_phi
14151000,5.0,4.695353246662657,0.999,8,2,8,3,0.25,0.375,fitted_kc_phi
14151000,5.0,3.0,0.5,123,6,88,27,0.04878048780487805,0.3068181818181818,init_kc_phi
14151000,20.0,4.695353246662657,0.999,8,0,8,3,0.0,0.375,fitted_kc_phi
14151000,20.0,3.0,0.5,123,0,94,27,0.0,0.2872340425531915,init_kc_phi
14151000,17.529049985067743,4.695353246662657,0.999,8,0,8,3,0.0,0.375,fitted_kc_phi
14151000,17.529049985067743,3.0,0.5,123,0,94,27,0.0,0.2872340425531915,init_kc_phi
14153500,0.05,9.110918675086369,0.999,12,12,5,5,1.0,1.0,fitted_kc_phi
14153500,0.05,3.0,0.5,346,331,67,64,0.9566473988439307,0.9552238805970149,init_kc_phi
14153500,0.2,9.110918675086369,0.999,12,10,5,4,0.8333333333333334,0.8,fitted_kc_phi
14153500,0.2,3.0,0.5,346,303,80,63,0.8757225433526011,0.7875,init_kc_phi
14153500,1.0,9.110918675086369,0.999,12,8,5,4,0.6666666666666666,0.8,fitted_kc_phi
14153500,1.0,3.0,0.5,346,241,122,61,0.6965317919075145,0.5,init_kc_phi
14153500,5.0,9.110918675086369,0.999,12,5,8,4,0.4166666666666667,0.5,fitted_kc_phi
14153500,5.0,3.0,0.5,346,110,193,60,0.3179190751445087,0.31088082901554404,init_kc_phi
14153500,20.0,9.110918675086369,0.999,12,0,9,4,0.0,0.4444444444444444,fitted_kc_phi
14153500,20.0,3.0,0.5,346,14,257,55,0.04046242774566474,0.2140077821011673,init_kc_phi
14153500,8.76555706314463,9.110918675086369,0.999,12,2,9,4,0.16666666666666666,0.4444444444444444,fitted_kc_phi
14153500,8.76555706314463,3.0,0.5,346,63,220,59,0.18208092485549132,0.2681818181818182,init_kc_phi
14155500,0.05,4.925051965375985,0.999,67,67,31,30,1.0,0.967741935483871,fitted_kc_phi
14155500,0.05,3.0,0.5,265,253,92,85,0.9547169811320755,0.9239130434782609,init_kc_phi
14155500,0.2,4.925051965375985,0.999,67,65,32,30,0.9701492537313433,0.9375,fitted_kc_phi
14155500,0.2,3.0,0.5,265,229,104,84,0.8641509433962264,0.8076923076923077,init_kc_phi
14155500,1.0,4.925051965375985,0.999,67,49,48,29,0.7313432835820896,0.6041666666666666,fitted_kc_phi
14155500,1.0,3.0,0.5,265,165,162,79,0.6226415094339622,0.4876543209876543,init_kc_phi
14155500,5.0,4.925051965375985,0.999,67,19,75,28,0.2835820895522388,0.37333333333333335,fitted_kc_phi
14155500,5.0,3.0,0.5,265,58,231,76,0.2188679245283019,0.329004329004329,init_kc_phi
14155500,20.0,4.925051965375985,0.999,67,3,87,28,0.04477611940298507,0.3218390804597701,fitted_kc_phi
14155500,20.0,3.0,0.5,265,4,256,75,0.01509433962264151,0.29296875,init_kc_phi
14155500,21.103328956340327,4.925051965375985,0.999,67,3,87,28,0.04477611940298507,0.3218390804597701,fitted_kc_phi
14155500,21.103328956340327,3.0,0.5,265,4,257,75,0.01509433962264151,0.2918287937743191,init_kc_phi
14159500,0.05,2.6706355419482524,0.999,35,33,8,6,0.9428571428571428,0.75,fitted_kc_phi
14159500,0.05,3.0,0.5,16,15,2,2,0.9375,1.0,init_kc_phi
14159500,0.2,2.6706355419482524,0.999,35,29,14,6,0.8285714285714286,0.42857142857142855,fitted_kc_phi
14159500,0.2,3.0,0.5,16,13,4,2,0.8125,0.5,init_kc_phi
14159500,1.0,2.6706355419482524,0.999,35,18,21,6,0.5142857142857142,0.2857142857142857,fitted_kc_phi
14159500,1.0,3.0,0.5,16,8,7,2,0.5,0.2857142857142857,init_kc_phi
14159500,5.0,2.6706355419482524,0.999,35,8,32,6,0.22857142857142856,0.1875,fitted_kc_phi
14159500,5.0,3.0,0.5,16,0,12,2,0.0,0.16666666666666666,init_kc_phi
14159500,20.0,2.6706355419482524,0.999,35,0,38,6,0.0,0.15789473684210525,fitted_kc_phi
14159500,20.0,3.0,0.5,16,0,12,2,0.0,0.16666666666666666,init_kc_phi
14159500,3.1795123322882346,2.6706355419482524,0.999,35,13,29,6,0.37142857142857144,0.20689655172413793,fitted_kc_phi
14159500,3.1795123322882346,3.0,0.5,16,5,10,2,0.3125,0.2,init_kc_phi
14162200,0.05,3.694448865987829,0.999,78,78,30,28,1.0,0.9333333333333333,fitted_kc_phi
14162200,0.05,3.0,0.5,151,150,52,40,0.9933774834437086,0.7692307692307693,init_kc_phi
14162200,0.2,3.694448865987829,0.999,78,77,34,28,0.9871794871794872,0.8235294117647058,fitted_kc_phi
14162200,0.2,3.0,0.5,151,134,67,39,0.8874172185430463,0.582089552238806,init_kc_phi
14162200,1.0,3.694448865987829,0.999,78,59,61,27,0.7564102564102564,0.4426229508196721,fitted_kc_phi
14162200,1.0,3.0,0.5,151,102,106,38,0.6754966887417219,0.3584905660377358,init_kc_phi
14162200,5.0,3.694448865987829,0.999,78,13,98,23,0.16666666666666666,0.23469387755102042,fitted_kc_phi
14162200,5.0,3.0,0.5,151,19,160,37,0.12582781456953643,0.23125,init_kc_phi
14162200,20.0,3.694448865987829,0.999,78,0,111,23,0.0,0.2072072072072072,fitted_kc_phi
14162200,20.0,3.0,0.5,151,0,171,37,0.0,0.21637426900584794,init_kc_phi
14162200,2.961111555849312,3.694448865987829,0.999,78,22,93,23,0.28205128205128205,0.24731182795698925,fitted_kc_phi
14162200,2.961111555849312,3.0,0.5,151,43,151,37,0.2847682119205298,0.24503311258278146,init_kc_phi
14169000,0.05,7.280143179581066,0.999,49,49,14,14,1.0,1.0,fitted_kc_phi
14169000,0.05,3.0,0.5,335,325,67,63,0.9701492537313433,0.9402985074626866,init_kc_phi
14169000,0.2,7.280143179581066,0.999,49,48,14,14,0.9795918367346939,1.0,fitted_kc_phi
14169000,0.2,3.0,0.5,335,305,75,63,0.9104477611940298,0.84,init_kc_phi
14169000,1.0,7.280143179581066,0.999,49,38,18,13,0.7755102040816326,0.7222222222222222,fitted_kc_phi
14169000,1.0,3.0,0.5,335,246,117,62,0.7343283582089553,0.5299145299145299,init_kc_phi
14169000,5.0,7.280143179581066,0.999,49,24,32,13,0.4897959183673469,0.40625,fitted_kc_phi
14169000,5.0,3.0,0.5,335,132,197,58,0.3940298507462687,0.29441624365482233,init_kc_phi
14169000,20.0,7.280143179581066,0.999,49,7,39,13,0.14285714285714285,0.3333333333333333,fitted_kc_phi
14169000,20.0,3.0,0.5,335,30,282,53,0.08955223880597014,0.1879432624113475,init_kc_phi
14169000,120.0,7.280143179581066,0.999,49,0,42,13,0.0,0.30952380952380953,fitted_kc_phi
14169000,120.0,3.0,0.5,335,0,307,52,0.0,0.16938110749185667,init_kc_phi
14181500,0.05,2.9274114821219808,0.999,43,42,21,18,0.9767441860465116,0.8571428571428571,fitted_kc_phi
14181500,0.05,3.0,0.5,36,34,19,16,0.9444444444444444,0.8421052631578947,init_kc_phi
14181500,0.2,2.9274114821219808,0.999,43,39,27,18,0.9069767441860465,0.6666666666666666,fitted_kc_phi
14181500,0.2,3.0,0.5,36,29,25,16,0.8055555555555556,0.64,init_kc_phi
14181500,1.0,2.9274114821219808,0.999,43,18,45,18,0.4186046511627907,0.4,fitted_kc_phi
14181500,1.0,3.0,0.5,36,7,34,16,0.19444444444444445,0.47058823529411764,init_kc_phi
14181500,5.0,2.9274114821219808,0.999,43,0,56,18,0.0,0.32142857142857145,fitted_kc_phi
14181500,5.0,3.0,0.5,36,0,36,16,0.0,0.4444444444444444,init_kc_phi
14181500,20.0,2.9274114821219808,0.999,43,0,56,18,0.0,0.32142857142857145,fitted_kc_phi
14181500,20.0,3.0,0.5,36,0,36,16,0.0,0.4444444444444444,init_kc_phi
14181500,2.663909311850905,2.9274114821219808,0.999,43,7,52,18,0.16279069767441862,0.34615384615384615,fitted_kc_phi
14181500,2.663909311850905,3.0,0.5,36,0,36,16,0.0,0.4444444444444444,init_kc_phi
14362000,0.05,8.485849995055078,0.999,4,4,1,1,1.0,1.0,fitted_kc_phi
14362000,0.05,3.0,0.5,211,206,25,21,0.976303317535545,0.84,init_kc_phi
14362000,0.2,8.485849995055078,0.999,4,4,1,1,1.0,1.0,fitted_kc_phi
14362000,0.2,3.0,0.5,211,194,34,21,0.919431279620853,0.6176470588235294,init_kc_phi
14362000,1.0,8.485849995055078,0.999,4,4,2,1,1.0,0.5,fitted_kc_phi
14362000,1.0,3.0,0.5,211,169,56,19,0.8009478672985783,0.3392857142857143,init_kc_phi
14362000,5.0,8.485849995055078,0.999,4,3,4,1,0.75,0.25,fitted_kc_phi
14362000,5.0,3.0,0.5,211,112,97,18,0.5308056872037915,0.18556701030927836,init_kc_phi
14362000,20.0,8.485849995055078,0.999,4,0,5,1,0.0,0.2,fitted_kc_phi
14362000,20.0,3.0,0.5,211,45,148,15,0.2132701421800948,0.10135135135135136,init_kc_phi
14362000,4.0226506997990095,8.485849995055078,0.999,4,3,3,1,0.75,0.3333333333333333,fitted_kc_phi
14362000,4.0226506997990095,3.0,0.5,211,120,89,18,0.5687203791469194,0.20224719101123595,init_kc_phi
11097000,0.05,2.204203477777557,0.2173901962544595,349,347,20,16,0.994269340974212,0.8,fitted_kc_phi
11097000,0.05,3.0,0.5,281,278,24,19,0.9893238434163701,0.7916666666666666,init_kc_phi
11097000,0.2,2.204203477777557,0.2173901962544595,349,339,28,14,0.9713467048710601,0.5,fitted_kc_phi
11097000,0.2,3.0,0.5,281,271,32,19,0.9644128113879004,0.59375,init_kc_phi
11097000,1.0,2.204203477777557,0.2173901962544595,349,322,52,14,0.9226361031518625,0.2692307692307692,fitted_kc_phi
11097000,1.0,3.0,0.5,281,264,52,17,0.9395017793594306,0.3269230769230769,init_kc_phi
11097000,5.0,2.204203477777557,0.2173901962544595,349,299,91,9,0.8567335243553008,0.0989010989010989,fitted_kc_phi
11097000,5.0,3.0,0.5,281,247,97,14,0.8790035587188612,0.14432989690721648,init_kc_phi
11097000,20.0,2.204203477777557,0.2173901962544595,349,275,137,8,0.7879656160458453,0.058394160583941604,fitted_kc_phi
11097000,20.0,3.0,0.5,281,224,153,9,0.797153024911032,0.058823529411764705,init_kc_phi
11097000,2.237257586307631,2.204203477777557,0.2173901962544595,349,308,70,13,0.8825214899713467,0.18571428571428572,fitted_kc_phi
11097000,2.237257586307631,3.0,0.5,281,257,69,16,0.9145907473309609,0.2318840579710145,init_kc_phi
11176500,0.05,0.3265737305122897,0.6094902660774897,839,826,67,31,0.9845053635280095,0.4626865671641791,fitted_kc_phi
11176500,0.05,3.0,0.5,309,308,25,25,0.9967637540453075,1.0,init_kc_phi
11176500,0.2,0.3265737305122897,0.6094902660774897,839,811,106,28,0.966626936829559,0.2641509433962264,fitted_kc_phi
11176500,0.2,3.0,0.5,309,305,32,25,0.9870550161812298,0.78125,init_kc_phi
11176500,1.0,0.3265737305122897,0.6094902660774897,839,764,209,24,0.9106078665077473,0.11483253588516747,fitted_kc_phi
11176500,1.0,3.0,0.5,309,288,53,23,0.9320388349514563,0.4339622641509434,init_kc_phi
11176500,5.0,0.3265737305122897,0.6094902660774897,839,709,418,16,0.8450536352800954,0.03827751196172249,fitted_kc_phi
11176500,5.0,3.0,0.5,309,256,102,22,0.8284789644012945,0.21568627450980393,init_kc_phi
11176500,20.0,0.3265737305122897,0.6094902660774897,839,574,873,15,0.6841477949940405,0.01718213058419244,fitted_kc_phi
11176500,20.0,3.0,0.5,309,200,182,18,0.6472491909385113,0.0989010989010989,init_kc_phi
11176500,59.26394147307241,0.3265737305122897,0.6094902660774897,839,445,1760,15,0.5303933253873659,0.008522727272727272,fitted_kc_phi
11176500,59.26394147307241,3.0,0.5,309,159,266,16,0.5145631067961165,0.06015037593984962,init_kc_phi
11407000,0.05,1.0222177215497898,0.9457639681883924,1133,1125,61,29,0.9929390997352162,0.47540983606557374,fitted_kc_phi
11407000,0.05,3.0,0.5,157,153,30,25,0.9745222929936306,0.8333333333333334,init_kc_phi
11407000,0.2,1.0222177215497898,0.9457639681883924,1133,1117,112,26,0.9858781994704324,0.23214285714285715,fitted_kc_phi
11407000,0.2,3.0,0.5,157,146,40,23,0.9299363057324841,0.575,init_kc_phi
11407000,1.0,1.0222177215497898,0.9457639681883924,1133,1078,216,22,0.9514563106796117,0.10185185185185185,fitted_kc_phi
11407000,1.0,3.0,0.5,157,117,68,22,0.7452229299363057,0.3235294117647059,init_kc_phi
11407000,5.0,1.0222177215497898,0.9457639681883924,1133,1051,365,17,0.9276257722859664,0.04657534246575343,fitted_kc_phi
11407000,5.0,3.0,0.5,157,90,117,18,0.5732484076433121,0.15384615384615385,init_kc_phi
11407000,20.0,1.0222177215497898,0.9457639681883924,1133,993,596,18,0.8764342453662842,0.030201342281879196,fitted_kc_phi
11407000,20.0,3.0,0.5,157,52,185,17,0.33121019108280253,0.0918918918918919,init_kc_phi
11407000,22.159214691439956,1.0222177215497898,0.9457639681883924,1133,990,626,17,0.8737864077669902,0.027156549520766772,fitted_kc_phi
11407000,22.159214691439956,3.0,0.5,157,51,194,17,0.3248407643312102,0.08762886597938144,init_kc_phi
11462000,0.05,10.129154534365544,0.999,35,35,10,10,1.0,1.0,fitted_kc_phi
11462000,0.05,3.0,0.5,360,358,63,56,0.9944444444444445,0.8888888888888888,init_kc_phi
11462000,0.2,10.129154534365544,0.999,35,35,10,10,1.0,1.0,fitted_kc_phi
11462000,0.2,3.0,0.5,360,344,75,54,0.9555555555555556,0.72,init_kc_phi
11462000,1.0,10.129154534365544,0.999,35,29,11,9,0.8285714285714286,0.8181818181818182,fitted_kc_phi
11462000,1.0,3.0,0.5,360,287,120,51,0.7972222222222223,0.425,init_kc_phi
11462000,5.0,10.129154534365544,0.999,35,26,17,9,0.7428571428571429,0.5294117647058824,fitted_kc_phi
11462000,5.0,3.0,0.5,360,192,194,48,0.5333333333333333,0.24742268041237114,init_kc_phi
11462000,20.0,10.129154534365544,0.999,35,10,29,9,0.2857142857142857,0.3103448275862069,fitted_kc_phi
11462000,20.0,3.0,0.5,360,141,263,44,0.39166666666666666,0.16730038022813687,init_kc_phi
11462000,28.18953976610963,10.129154534365544,0.999,35,9,32,10,0.2571428571428571,0.3125,fitted_kc_phi
11462000,28.18953976610963,3.0,0.5,360,122,281,43,0.3388888888888889,0.15302491103202848,init_kc_phi
