staid,n_reach,nse0,sigma,STAID,huc2,CLASS,AGGECOREGI,STATE,DRAIN_SQKM,STANAME
01054200,3,0.60102975,11.402123,01054200,01,Ref,NorthEast,ME,180.981,"Wild River at Gilead, Maine"
01162500,3,-0.99483633,1.4075826,01162500,01,Ref,NorthEast,MA,49.70559,"PRIEST BROOK NEAR WINCHENDON, MA"
01118000,5,0.88596904,4.8837867,01118000,01,Non-ref,NorthEast,RI,193.2111,"WOOD RIVER AT HOPE VALLEY, RI"
01102000,7,0.83264613,9.493092,01102000,01,Non-ref,NorthEast,MA,316.4265,"IPSWICH RIVER NEAR IPSWICH, MA"
01173000,9,0.76295435,5.386912,01173000,01,Non-ref,NorthEast,MA,248.9728,"WARE RIVER AT INTAKE WORKS NEAR BARRE, MA"
01104500,15,0.7869592,9.318885,01104500,01,Non-ref,NorthEast,MA,647.4123,"CHARLES RIVER AT WALTHAM, MA"
01099500,19,0.84722674,20.27524,01099500,01,Non-ref,NorthEast,MA,1035.51,"CONCORD R BELOW R MEADOW BROOK, AT LOWELL, MA"
01144000,33,0.80881417,48.991093,01144000,01,Ref,NorthEast,VT,1790.244,"WHITE RIVER AT WEST HARTFORD, VT"
01011000,75,0.93750775,81.626305,01011000,01,Non-ref,NorthEast,ME,3186.844,"Allagash River near Allagash, Maine"
01100000,263,0.912522,246.08109,01100000,01,Non-ref,NorthEast,MA,11983.35,"MERRIMACK RIVER BL CONCORD RIVER AT LOWELL, MA"
01452500,3,0.13279516,1.7945762,01452500,02,Non-ref,EastHghlnds,PA,112.041,"Monocacy Creek at Bethlehem, PA"
01472157,3,0.75196195,4.2958155,01472157,02,Non-ref,SEPlains,PA,152.29,"French Creek near Phoenixville, PA"
01452000,3,0.7224294,6.514556,01452000,02,Non-ref,EastHghlnds,PA,196.5627,"Jordan Creek at Allentown, PA"
01379500,5,0.5952321,6.364233,01379500,02,Non-ref,SEPlains,NJ,256.0499,PASSAIC RIVER NEAR CHATHAM NJ
01582500,9,-1.1880355,4.575252,01582500,02,Non-ref,SEPlains,MD,413.7579,"GUNPOWDER FALLS AT GLENCOE, MD"
01465500,13,0.69558454,21.065083,01465500,02,Non-ref,SEPlains,PA,541.3914,"Neshaminy Creek near Langhorne, PA"
01555000,19,0.7094139,17.320457,01555000,02,Non-ref,EastHghlnds,PA,792.6156,"Penns Creek at Penns Creek, PA"
01671020,29,0.62692916,19.057447,01671020,02,Non-ref,SEPlains,VA,1200.548,"NORTH ANNA RIVER AT HART CORNER NEAR DOSWELL, VA"
01628500,65,0.5684042,52.77226,01628500,02,Non-ref,EastHghlnds,VA,2792.926,"S F SHENANDOAH RIVER NEAR LYNNWOOD, VA"
01446500,268,0.84018004,295.50848,01446500,02,Non-ref,NorthEast,NJ,11769.17,DELAWARE RIVER AT BELVIDERE NJ
02169570,3,0.7234831,2.2801757,02169570,03,Non-ref,SEPlains,SC,154.4674,"GILLS CREEK AT COLUMBIA, SC"
02457595,3,0.7097597,7.133746,02457595,03,Non-ref,EastHghlnds,AL,133.1694,"FIVEMILE CREEK NEAR REPUBLIC, AL"
02297100,7,-2.7522352,6.720719,02297100,03,Non-ref,SECstPlain,FL,350.4303,JOSHUA CREEK AT NOCATEE FL
02220900,11,0.82199585,13.248118,02220900,03,Non-ref,SEPlains,GA,689.9769,"LITTLE RIVER NEAR EATONTON, GA"
02384500,15,0.8307611,22.497896,02384500,03,Non-ref,EastHghlnds,GA,653.0661,"CONASAUGA RIVER NEAR ETON, GA"
02301500,21,-0.3291427,13.88752,02301500,03,Non-ref,SECstPlain,FL,868.2588,ALAFIA RIVER AT LITHIA FL
02045500,33,0.67601645,27.964626,02045500,03,Non-ref,SEPlains,VA,1498.069,"NOTTOWAY RIVER NEAR STONY CREEK, VA"
02424000,65,0.934018,73.46942,02424000,03,Non-ref,EastHghlnds,AL,2656.627,CAHABA RIVER AT CENTREVILLE AL
02315500,123,-19.257998,69.66392,02315500,03,Ref,SECstPlain,FL,6136.255,"SUWANNEE RIVER AT WHITE SPRINGS, FLA."
02352500,299,0.6737352,174.29834,02352500,03,Non-ref,SEPlains,GA,13700.25,"FLINT RIVER AT ALBANY, GA"
04108600,3,0.8605119,2.5173984,04108600,04,Non-ref,CntlPlains,MI,173.268,"RABBIT RIVER NEAR HOPKINS, MI"
04215500,3,0.6864662,14.901071,04215500,04,Non-ref,NorthEast,NY,350.7246,CAZENOVIA CREEK AT EBENEZER NY
04025500,7,-0.8707988,2.1441376,04025500,04,Non-ref,MxWdShld,WI,302.7636,"BOIS BRULE RIVER AT BRULE, WI"
04057510,9,0.78157765,4.8651605,04057510,04,Ref,MxWdShld,MI,473.5728,"STURGEON RIVER NEAR NAHMA JUNCTION, MI"
04103010,13,0.3077731,3.231675,04103010,04,Non-ref,CntlPlains,MI,696.1977,"KALAMAZOO RIVER NEAR MARENGO, MI"
04041500,19,0.5627525,13.326167,04041500,04,Non-ref,MxWdShld,MI,869.9346,"STURGEON RIVER NEAR ALSTON, MI"
04164000,27,0.6760249,11.18199,04164000,04,Non-ref,CntlPlains,MI,1143.005,"CLINTON RIVER NEAR FRASER, MI"
04151500,43,0.17962706,30.253475,04151500,04,Non-ref,CntlPlains,MI,2164.86,"CASS RIVER AT FRANKENMUTH, MI"
04073500,77,0.6512704,20.939562,04073500,04,Non-ref,CntlPlains,WI,3416.35,"FOX RIVER AT BERLIN, WI"
04101500,233,0.93707454,62.75873,04101500,04,Non-ref,CntlPlains,MI,9623.396,"ST. JOSEPH RIVER AT NILES, MI"
03208950,3,0.71205384,3.8377836,03208950,05,Non-ref,EastHghlnds,VA,171.9225,"CRANES NEST RIVER NEAR CLINTWOOD, VA"
03289300,5,0.84362966,9.395301,03289300,05,Non-ref,SEPlains,KY,267.534,"SOUTH ELKHORN CREEK NEAR MIDWAY, KY"
03347000,9,0.58577114,16.935276,03347000,05,Non-ref,CntlPlains,IN,627.1389,"WHITE RIVER AT MUNCIE, IN"
03053500,13,0.9018629,23.823763,03053500,05,Non-ref,EastHghlnds,WV,697.7826,"BUCKHANNON RIVER AT HALL, WV"
03375500,17,0.532712,12.900026,03375500,05,Non-ref,SEPlains,IN,678.1401,"PATOKA RIVER AT JASPER, IN"
03378635,23,0.8229346,22.843737,03378635,05,Non-ref,SEPlains,IL,622.0404,"LITTLE WABASH RIVER NEAR EFFINGHAM, IL"
03094000,35,0.2908739,21.861464,03094000,05,Non-ref,NorthEast,OH,1487.505,Mahoning River at Leavittsburg OH
03221000,53,0.72823393,53.27783,03221000,05,Non-ref,CntlPlains,OH,2549.06,Scioto River below O Shaughnessy Dam nr Dublin OH
03184000,95,0.8373263,106.75065,03184000,05,Non-ref,EastHghlnds,WV,4225.824,"GREENBRIER RIVER AT HILLDALE, WV"
03075070,289,0.90742755,303.67404,03075070,05,Non-ref,EastHghlnds,PA,13824.03,"Monongahela River at Elizabeth, PA"
03455500,3,0.45089376,3.5572243,03455500,06,Ref,EastHghlnds,NC,72.9522,"W F PIGEON R ABOVE LAKE LOGAN NR HAZELWOOD, NC"
03592718,3,0.7845969,2.572635,03592718,06,Ref,SEPlains,MS,66.9897,"LITTLE YELLOW CREEK EAST NR BURNSVILLE, MS"
03456100,5,0.38583517,5.786176,03456100,06,Non-ref,EastHghlnds,NC,150.7977,"W FK PIGEON R AT BETHEL, NC"
03479000,7,0.51662505,8.128241,03479000,06,Ref,EastHghlnds,NC,235.6011,"WATAUGA RIVER NEAR SUGAR GROVE, NC"
03473000,11,0.78693914,14.187806,03473000,06,Ref,EastHghlnds,VA,784.8126,"S F HOLSTON RIVER NEAR DAMASCUS, VA"
03443000,13,0.75079197,22.117262,03443000,06,Non-ref,EastHghlnds,NC,765.5247,"FRENCH BROAD RIVER AT BLANTYRE, NC"
03459500,17,0.62388384,21.101286,03459500,06,Non-ref,EastHghlnds,NC,905.6979,"PIGEON RIVER NEAR HEPCO, NC"
03604000,27,0.27966136,45.268246,03604000,06,Ref,SEPlains,TN,1163.026,"BUFFALO RIVER NEAR FLAT WOODS, TN"
03451500,47,0.86618316,52.50186,03451500,06,Non-ref,EastHghlnds,NC,2444.736,"FRENCH BROAD RIVER AT ASHEVILLE, NC"
03566000,121,-0.36894453,86.77614,03566000,06,Non-ref,EastHghlnds,TN,5969.783,"HIWASSEE RIVER AT CHARLESTON, TN"
05406500,3,0.82429075,1.0324316,05406500,07,Non-ref,CntlPlains,WI,115.8579,"BLACK EARTH CREEK AT BLACK EARTH, WI"
05287890,5,0.18293893,2.056984,05287890,07,Non-ref,CntlPlains,MN,222.1204,"ELM CREEK NR CHAMPLIN, MN"
05540130,7,0.78072476,7.048936,05540130,07,Non-ref,CntlPlains,IL,319.4865,"WEST BRANCH DU PAGE RIVER NEAR NAPERVILLE, IL"
05470500,11,-0.9908856,12.25087,05470500,07,Non-ref,CntlPlains,IA,550.7748,"Squaw Creek at Ames, IA"
05502300,17,0.35844135,35.94973,05502300,07,Non-ref,CntlPlains,MO,935.1459,"Salt River at Hagers Grove, MO"
05245100,25,0.5951898,5.466576,05245100,07,Non-ref,CntlPlains,MN,1462.141,"LONG PRAIRIE RIVER AT LONG PRAIRIE, MN"
05473400,35,0.76978374,33.495804,05473400,07,Non-ref,CntlPlains,IA,1381.734,"Cedar Creek near Oakland Mills, IA"
05336700,53,0.6493327,28.062939,05336700,07,Non-ref,MxWdShld,MN,2252.095,"KETTLE RIVER BELOW SANDSTONE, MN"
05451500,89,0.71074,50.183086,05451500,07,Non-ref,CntlPlains,IA,3973.971,"Iowa River at Marshalltown, IA"
05594100,267,0.23587954,127.31709,05594100,07,Non-ref,SEPlains,IL,11361.84,"KASKASKIA RIVER NEAR VENEDY STATION, IL"
07385700,3,-8.244366,8.702828,07385700,08,Non-ref,SECstPlain,LA,181.0874,"BYU TECHE @ KEYSTONE LOCK NR ST. MARTINVILLE, LA"
07375000,5,0.38851917,9.541713,07375000,08,Ref,SEPlains,LA,249.3477,"Tchefuncta River near Folsom, LA"
08010000,7,0.5552913,19.589022,08010000,08,Non-ref,SECstPlain,LA,368.8311,"BAYOU DES CANNES NR EUNICE, LA"
07264000,13,0.04468447,13.442767,07264000,08,Non-ref,EastHghlnds,AR,505.0566,"Bayou Meto near Lonoke, AR"
07283000,17,0.9325915,39.097233,07283000,08,Non-ref,SEPlains,MS,668.8198,"SKUNA RIVER AT BRUCE, MS"
08014500,23,0.740345,38.42747,08014500,08,Ref,SEPlains,LA,1305.147,"Whiskey Chitto Creek Near Oberlin, LA"
07362100,27,0.19734603,35.279503,07362100,08,Ref,SEPlains,AR,996.0786,"SMACKOVER CREEK NEAR SMACKOVER, ARK."
07047942,41,-0.9026474,26.590483,07047942,08,Non-ref,SECstPlain,AR,1390.728,"LAnguille River near Colt, AR"
07289350,57,0.7699884,85.86812,07289350,08,Non-ref,SEPlains,MS,2611.257,"BIG BLACK RIVER AT WEST, MS"
07363500,127,0.24018836,132.76993,07363500,08,Non-ref,SEPlains,AR,5429.344,"Saline River near Rye, AR"
05060500,5,-0.0719465,3.1686828,05060500,09,Non-ref,CntlPlains,ND,251.1891,"RUSH RIVER AT AMENIA, ND"
05130500,11,0.55896986,5.0822372,05130500,09,Ref,MxWdShld,MN,463.95,"STURGEON RIVER NEAR CHISHOLM, MN"
05084000,19,-131.1817,5.223496,05084000,09,Non-ref,CntlPlains,ND,1049.403,"FOREST RIVER NR FORDVILLE, ND"
05069000,25,0.3844648,10.580359,05069000,09,Non-ref,CntlPlains,MN,1335.652,"SAND HILL RIVER AT CLIMAX, MN"
05078000,29,0.107082665,10.051639,05078000,09,Non-ref,CntlPlains,MN,1446.337,"CLEARWATER RIVER AT PLUMMER, MN"
05129115,45,-0.55552685,17.71291,05129115,09,Ref,MxWdShld,MN,2357.585,"VERMILION RIVER NR CRANE LAKE, MN"
05059700,49,-1.171953,11.643047,05059700,09,Non-ref,CntlPlains,ND,2145.448,"MAPLE RIVER NR ENDERLIN, ND"
05056000,115,0.29545254,10.572481,05056000,09,Ref,CntlPlains,ND,4862.024,"SHEYENNE RIVER NR WARWICK, ND"
05058700,263,0.18449974,22.637941,05058700,09,Non-ref,CntlPlains,ND,11635.5,"SHEYENNE RIVER AT LISBON, ND"
05059000,295,-0.029711008,22.767462,05059000,09,Non-ref,CntlPlains,ND,12965.68,"SHEYENNE RIVER NEAR KINDRED, ND"
06332515,3,-43.460884,0.635835,06332515,10,Ref,WestPlains,ND,191.4867,"BEAR DEN CREEK NR MANDAREE, ND"
06407500,7,0.51545894,1.1581942,06407500,10,Non-ref,WestMnts,SD,420.0885,"SPRING CREEK NEAR KEYSTONE, SD"
06803000,11,0.6631782,5.0864196,06803000,10,Non-ref,CntlPlains,NE,433.5349,"SALT CREEK AT ROCA, NEBR."
06605000,15,0.6277342,10.419724,06605000,10,Non-ref,CntlPlains,IA,1093.02,"Ocheyedan River near Spencer, IA"
06430500,23,-5.520325,0.78658414,06430500,10,Non-ref,WestMnts,SD,1237.325,REDWATER CR AT WY-SD STATE LINE
06741510,33,-0.22989321,3.5105567,06741510,10,Non-ref,WestMnts,CO,1386.055,"BIG THOMPSON RIVER AT LOVELAND, CO."
06464500,51,0.122360945,4.0665483,06464500,10,Ref,WestPlains,SD,2914.043,KEYA PAHA R AT WEWELA SD
06605850,79,0.34348977,30.735815,06605850,10,Non-ref,CntlPlains,IA,3998.228,"Little Sioux River at Linn Grove, IA"
06606600,135,-0.04271102,48.41071,06606600,10,Non-ref,CntlPlains,IA,6454.256,"Little Sioux River at Correctionville, IA"
06447000,298,0.7165765,18.837233,06447000,10,Ref,WestPlains,SD,12849.71,WHITE R NEAR KADOKA SD
07060710,3,0.573949,6.235495,07060710,11,Ref,EastHghlnds,AR,150.0277,"North Sylamore Creek near Fifty Six, AR"
07261000,5,0.41399693,17.132837,07261000,11,Ref,EastHghlnds,AR,445.8141,"Cadron Creek near Guy, AR"
07145700,9,0.77905047,11.530178,07145700,11,Ref,WestPlains,KS,399.8106,"SLATE C AT WELLINGTON, KS"
07207500,13,0.33542395,1.0805734,07207500,11,Non-ref,WestMnts,NM,480.9231,"PONIL CREEK NEAR CIMARRON, NM"
07066000,25,0.36412913,23.78326,07066000,11,Ref,EastHghlnds,MO,1053.496,"Jacks Fork at Eminence, MO"
07142300,29,0.000577569,0.9582348,07142300,11,Ref,WestPlains,KS,1819.941,"RATTLESNAKE C NR MACKSVILLE, KS"
07071500,39,-1.291373,28.430937,07071500,11,Ref,EastHghlnds,MO,2023.769,"Eleven Point River near Bardley, MO"
07063000,57,0.5574115,38.029285,07063000,11,Non-ref,EastHghlnds,MO,3231.511,"Black River at Poplar Bluff, MO"
07068000,113,0.68025327,94.07329,07068000,11,Ref,EastHghlnds,MO,5318.585,"Current River at Doniphan, MO"
07099970,282,0.20255798,20.968172,07099970,11,Non-ref,WestMnts,CO,12259.25,"ARKANSAS RIVER AT MOFFAT STREET AT PUEBLO, CO"
08076000,3,0.75237626,13.415775,08076000,12,Non-ref,SECstPlain,TX,154.3689,"Greens Bayou nr Houston, TX"
08104900,5,-1.8873582,9.798555,08104900,12,Ref,WestPlains,TX,342.6174,"S Fk San Gabriel Rv at Georgetown, TX"
08200000,5,-26.794046,13.911009,08200000,12,Ref,WestPlains,TX,249.1146,"Hondo Ck nr Tarpley, TX"
08198500,9,-2.2237847,15.014652,08198500,12,Ref,WestPlains,TX,624.347,"Sabinal Rv at Sabinal, TX"
08070200,11,0.08319813,24.92602,08070200,12,Ref,SEPlains,TX,989.3655,"E Fk San Jacinto Rv nr New Caney, TX"
08025500,15,0.7761371,16.437445,08025500,12,Ref,SEPlains,LA,383.0247,"Bayou Toro near Toro, LA"
08177500,19,-44.656685,25.546724,08177500,12,Non-ref,SEPlains,TX,1294.516,"Coleto Ck nr Victoria, TX"
08117500,33,0.70814407,45.552917,08117500,12,Non-ref,SECstPlain,TX,1869.099,"San Bernard Rv nr Boling, TX"
08186000,41,-0.6429081,32.227585,08186000,12,Non-ref,SEPlains,TX,2136.467,"Cibolo Ck nr Falls City, TX"
08022040,215,0.59426,112.40999,08022040,12,Non-ref,SEPlains,TX,9301.876,"Sabine Rv nr Beckville, TX"
08294210,3,-0.39947617,0.3445734,08294210,13,Non-ref,WestMnts,NM,87.4377,"RIO NAMBE BELOW NAMBE FALLS DAM NEAR NAMBE, NM"
08377900,3,0.33388102,1.5376819,08377900,13,Ref,WestMnts,NM,139.0311,"RIO MORA NEAR TERRERO, NM"
08291000,7,-4.9552627,1.004192,08291000,13,Non-ref,WestMnts,NM,238.815,"SANTA CRUZ RIVER NEAR CUNDIYO, NM"
08378500,9,0.053201497,3.9980402,08378500,13,Ref,WestMnts,NM,444.9591,"PECOS RIVER NEAR PECOS, NM"
08401900,19,-235.22234,2.4049568,08401900,13,Non-ref,WestMnts,NM,754.6581,"ROCKY ARROYO AT HWY BRD NR CARLSBAD, NM"
08276300,21,-16.212328,2.058353,08276300,13,Non-ref,WestMnts,NM,995.1879,"RIO PUEBLO DE TAOS BELOW LOS CORDOVAS, NM"
08382500,31,-1.2476718,1.6042286,08382500,13,Non-ref,WestXeric,NM,1618.996,"GALLINAS R NR COLONIAS, NM"
08390800,45,-391112.16,0.62141037,08390800,13,Non-ref,WestMnts,NM,2497.768,"RIO HONDO BLW DIAMOND A DAM NR ROSWELL, NM"
08287000,125,-0.22572207,12.724322,08287000,13,Non-ref,WestMnts,NM,5561.557,"RIO CHAMA BELOW ABIQUIU DAM, NM"
08384500,241,-0.09946501,9.400804,08384500,13,Non-ref,WestXeric,NM,11624.61,"PECOS RIVER BELOW SUMNER DAM, NM"
09306242,3,-11.402311,0.06948054,09306242,14,Ref,WestXeric,CO,81.9855,"CORRAL GULCH NEAR RANGELY, CO."
09050100,5,0.8188312,4.583428,09050100,14,Non-ref,WestMnts,CO,224.2575,"TENMILE CREEK BL NORTH TENMILE C, AT FRISCO, CO."
09255000,7,0.69961333,4.5061684,09255000,14,Non-ref,WestMnts,CO,387.9297,"SLATER FORK NEAR SLATER, CO."
09279000,11,-65.86099,3.6139734,09279000,14,Non-ref,WestMnts,UT,379.2339,"ROCK CREEK NEAR MOUNTAIN HOME, UT"
09109000,17,-0.3126018,4.0333285,09109000,14,Non-ref,WestMnts,CO,659.8449,"TAYLOR RIVER BELOW TAYLOR PARK RESERVOIR, CO."
09147500,27,0.68267906,7.0066867,09147500,14,Non-ref,WestMnts,CO,1159.221,"UNCOMPAHGRE RIVER AT COLONA, CO."
09330000,49,-0.6189033,0.96946937,09330000,14,Non-ref,WestMnts,UT,1951.025,"FREMONT RIVER NEAR BICKNELL, UT"
09114500,71,0.6565187,20.02202,09114500,14,Non-ref,WestMnts,CO,2617.133,"GUNNISON RIVER NEAR GUNNISON, CO."
09355500,169,-0.85867846,27.309689,09355500,14,Non-ref,WestMnts,NM,8372.682,"SAN JUAN RIVER NEAR ARCHULETA, NM"
09070500,261,0.8553695,56.4866,09070500,14,Non-ref,WestMnts,CO,11399.51,"COLORADO RIVER NEAR DOTSERO, CO."
09492400,3,-9.370178,0.94375116,09492400,15,Ref,WestMnts,AZ,128.9673,"EAST FORK WHITE RIVER NEAR FORT APACHE, AZ."
09386900,5,-0.3402424,0.6321339,09386900,15,Ref,WestMnts,NM,184.9419,"RIO NUTRIA NEAR RAMAH, NM"
09497980,7,-2.0865142,3.9062726,09497980,15,Ref,WestMnts,AZ,516.798,"CHERRY CREEK NEAR GLOBE, AZ."
09409880,13,-5.6007805,1.923752,09409880,15,Non-ref,WestXeric,UT,694.746,"SANTA CLARA RIVER AT GUNLOCK, UT"
09405500,21,0.8483101,4.4478197,09405500,15,Non-ref,WestXeric,UT,896.9364,"NORTH FORK VIRGIN RIVER NEAR SPRINGDALE, UT"
09494000,35,-15.791531,5.997776,09494000,15,Ref,WestMnts,AZ,1628.228,"WHITE RIVER NEAR FORT APACHE, AZ."
09386950,55,-238.94298,0.23075242,09386950,15,Non-ref,WestMnts,NM,2161.84,"ZUNI RIVER ABV BLACK ROCK RESERVOIR, NM"
09424900,73,-2.605511,4.056706,09424900,15,Non-ref,WestXeric,AZ,2927.177,"SANTA MARIA RIVER NEAR BAGDAD, AZ."
09431500,168,-0.6613679,13.245802,09431500,15,Non-ref,WestMnts,NM,7318.102,"GILA RIVER NEAR REDROCK, NM"
09506000,276,-2.2301443,29.173721,09506000,15,Non-ref,WestMnts,AZ,12097.16,"VERDE RIVER NEAR CAMP VERDE, AZ"
10336780,3,0.40064818,1.0958959,10336780,16,Non-ref,WestMnts,CA,95.1021,TROUT C NR TAHOE VALLEY CA
10310000,3,0.69759715,4.9556155,10310000,16,Non-ref,WestMnts,CA,169.3294,"WEST FORK CARSON RIVER AT WOODFORDS, CA"
10349300,7,0.11767089,1.1326427,10349300,16,Non-ref,WestXeric,NV,350.244,"STEAMBOAT C AT STEAMBOAT, NV"
10011500,11,0.84095114,8.456551,10011500,16,Non-ref,WestMnts,UT,445.6411,BEAR RIVER NEAR UTAH-WYOMING STATE LINE
10308200,15,0.17233616,15.411026,10308200,16,Ref,WestMnts,CA,716.4228,E F CARSON R BL MARKLEEVILLE C NR MARKLEEVILLECA
10353800,17,0.08125347,1.0994419,10353800,16,Non-ref,WestXeric,NV,579.9627,"SMOKE CK BLW RESERVOIR NR SMOKE CK, NV"
10337500,33,-8.291614,10.59416,10337500,16,Non-ref,WestMnts,CA,1312.217,TRUCKEE R A TAHOE CITY CA
10324500,51,-0.10580373,3.450527,10324500,16,Non-ref,WestXeric,NV,2228.59,"ROCK CK NR BATTLE MOUNTAIN, NV"
10319900,69,0.73439634,6.94819,10319900,16,Non-ref,WestXeric,NV,2323.432,"S FK HUMBOLDT RV ABV TENMILE CK NR ELKO, NV"
10068500,215,-0.36867762,13.656045,10068500,16,Non-ref,WestXeric,ID,9587.663,"BEAR RIVER AT PESCADERO, ID"
14309000,3,-0.8818219,3.8697674,14309000,17,Non-ref,WestMnts,OR,202.1301,"COW CREEK NEAR AZALEA, OR"
14140000,5,0.8439595,28.001545,14140000,17,Non-ref,WestMnts,OR,278.091,"BULL RUN RIVER NEAR BULL RUN, OR"
14209000,9,0.2416389,6.953237,14209000,17,Non-ref,WestMnts,OR,321.0075,"OAK GROVE FORK ABOVE POWERPLANT INTAKE, OR."
14190500,13,0.8727682,40.2463,14190500,17,Non-ref,WestMnts,OR,603.4942,"LUCKIAMUTE RIVER NEAR SUVER, OR"
13235000,21,0.8068757,27.061857,13235000,17,Ref,WestMnts,ID,1163.229,SF PAYETTE RIVER AT LOWMAN ID
12457000,29,0.78188086,67.86109,12457000,17,Non-ref,WestMnts,WA,1545.47,"WENATCHEE RIVER AT PLAIN, WASH."
14301000,41,0.9102555,117.59568,14301000,17,Ref,WestMnts,OR,1743.544,"NEHALEM RIVER NEAR FOSS, OR"
14163150,63,0.5723406,84.34859,14163150,17,Non-ref,WestMnts,OR,2668.18,"MCKENZIE RIVER BLW LEABURG DAM, NR LEABURG, OR"
12324680,106,-0.017094254,12.535455,12324680,17,Non-ref,WestMnts,MT,4590.105,Clark Fork at Goldcreek MT
14046500,297,0.9116919,72.70568,14046500,17,Non-ref,WestMnts,OR,13313.44,"JOHN DAY RIVER AT SERVICE CREEK, OR"
11460600,3,0.8363523,10.260305,11460600,18,Non-ref,WestXeric,CA,211.5945,LAGUNITAS C NR PT REYES STATION CA
11164500,3,0.8569666,2.9979463,11164500,18,Non-ref,WestMnts,CA,97.65,SAN FRANCISQUITO C A STANFORD UNIVERSITY CA
11216400,5,-4.071565,0.19067545,11216400,18,Non-ref,WestMnts,CA,341.1387,DINKEY C SIPHON FISH RELEASE A BALCH CAMP CA
11478500,7,0.8156709,50.865448,11478500,18,Ref,WestMnts,CA,572.3766,VAN DUZEN R NR BRIDGEVILLE CA
11161000,11,0.8665617,12.345675,11161000,18,Non-ref,WestMnts,CA,298.2771,SAN LORENZO R A SANTA CRUZ CA
11264500,15,0.8716127,17.732893,11264500,18,Ref,WestMnts,CA,467.9761,MERCED R A HAPPY ISLES BRIDGE NR YOSEMITE CA
11149400,25,-0.4738499,16.13192,11149400,18,Non-ref,WestXeric,CA,851.3712,NACIMIENTO R BL NACIMIENTO DAM NR BRADLEY CA
11454000,33,-0.34032512,24.561123,11454000,18,Non-ref,WestXeric,CA,1491.096,PUTAH C NR WINTERS CA
11270900,61,-0.14972496,34.140472,11270900,18,Non-ref,WestMnts,CA,2749.327,MERCED R BL MERCED FALLS DAM NR SNELL CA
11507500,223,0.42547095,26.32005,11507500,18,Non-ref,WestMnts,OR,9786.505,"LINK RIVER AT KLAMATH FALLS, OR"
