,,STAID,n_ev,peak_ratio_obs,peak_ratio_L2,peak_lag_obs,stored_max_obs,stored_day_obs,evac_half_obs,stored_max_L2,stored_day_L2,evac_half_L2,res_post_15_60,res_post_60_120,Ibar
"flood, on-reach DOR>0.5",dam,01172500,48,1.1045872992575374,0.7039487214971072,2.5,9.35378600874199,1,4.0,7.8612058838005865,2,8.0,0.08482062370682598,0.08006441376234072,2.5849394247676507
"flood, on-reach DOR>0.5",dam,01206900,45,1.5997348494866948,0.7783352852052157,1.0,1.8538939854692782,0,1.0,3.0124829589089313,0,10.0,0.039315283460227606,0.0007712253427946474,5.377776216897602
"flood, on-reach DOR>0.5",dam,01429500,54,1.0010455906872804,0.9772155386866428,0.0,2.4235611461088604,1,2.0,0.49564316425639643,0,2.0,0.02597723270183271,0.03783172576074146,2.9449917637957252
"flood, on-reach DOR>0.5",dam,01449800,51,0.7556592346249351,0.6320723595689731,2.0,10.1072253422344,1,4.0,6.820053433625634,1,6.0,-0.10152299519208294,-0.11068765299776098,4.780543299550355
"flood, on-reach DOR>0.5",dam,01563200,48,1.0147611806104304,0.8289583670459992,0.0,1.2116803397698503,1,1.0,3.9284595040727974,0,4.0,0.058979679810829154,0.10881084984683112,31.090309315402667
"flood, on-reach DOR>0.5",dam,01574500,48,1.4349379290032183,0.9749867058073218,0.0,8.096673262108892,127,,0.2571850414319003,0,2.0,-0.12371362617324902,-0.05169761153253729,2.1023031547100683
"flood, on-reach DOR>0.5",dam,02011800,51,0.88218955940775,0.5843475281940789,2.0,13.507948413887396,1,3.0,9.039957909791658,1,4.0,-0.053773728226501526,0.057505169474045735,11.68952833231548
"flood, on-reach DOR>0.5",dam,02072000,43,0.7256655840212437,0.6311896547831699,2.0,8.639662641173294,1,4.0,5.8403814000877725,1,4.0,-0.1727020226685393,-0.07628656941173616,9.389174523229045
"flood, on-reach DOR>0.5",dam,02294491,25,0.6013844349597987,0.6584776666849141,1.0,8.923875319646674,3,5.0,13.284451837569405,2,6.0,-0.5009320661010114,-0.2521027541520746,1.810467584163779
"flood, on-reach DOR>0.5",dam,02334430,37,0.748806870170075,0.5365242052993315,1.0,12.975025351100074,84,,4.830555885883353,14,20.0,-0.41136295340410706,-0.24622127752356188,63.81607686197848
"flood, on-reach DOR>0.5",dam,03228805,53,0.8405163087889072,0.6295854259389164,1.0,18.1549127292341,2,5.0,10.647068139625915,1,5.0,-0.007748716032393072,-0.2776519152467932,2.996457325008887
"flood, on-reach DOR>0.5",dam,03266000,52,0.8732311790199891,0.8969584145910985,1.0,2.281347969763625,0,2.0,3.105111775420371,0,3.0,0.12729851143389798,0.1060743716541807,16.43119328661387
"flood, on-reach DOR>0.5",dam,03270000,52,0.9786221231406989,0.9751467417484767,0.0,3.4727678573484937,18,121.0,0.37795968374112826,0,2.0,-0.05842822444457369,-0.05536418882896418,19.978183353158137
"flood, on-reach DOR>0.5",dam,03272000,52,0.9754286272286183,0.9675093880438034,0.0,2.212739519684589,0,2.0,0.772551203018423,0,2.0,0.015460648785274717,-0.048589496683273996,8.23262451910049
"flood, on-reach DOR>0.5",dam,06224000,18,1.629859275315288,0.9979899464707034,0.0,-0.5615785369037954,-15,0.0,0.12454605610626324,0,9.0,0.25053609693324136,-0.4272823315101912,8.818187433877911
"flood, on-reach DOR>0.5",dam,06225000,18,0.22743965865988955,0.600565866322571,3.5,35.59169761624799,15,47.0,26.266714284846557,17,56.0,0.0272582307455994,0.24367565932531352,8.818187433877911
"flood, on-reach DOR>0.5",dam,06259000,15,0.5206115398866707,0.6610011428591375,2.0,42.68387851331371,25,100.0,32.864966841488005,12,24.0,-0.5842537754574008,-0.11188672188424822,40.94714277254601
"flood, on-reach DOR>0.5",dam,06410500,14,1.7761018189796154,0.998028108706374,-1.0,-0.6343267527513594,-15,0.0,0.11953305508216301,0,12.0,0.4581011757552351,0.29861606004729524,1.1232072740240868
"flood, on-reach DOR>0.5",dam,06411500,14,1.2386770927795634,0.9207338948605742,2.5,2.17556665685875,0,3.0,4.553801982958112,3,16.0,0.5348441312125919,0.5154064527074464,1.1232072740240868
"flood, on-reach DOR>0.5",dam,06903900,22,0.5474324631423181,0.4168296385546498,0.5,15.966642669037542,10,26.0,15.028460923571451,28,84.0,0.11083470714365593,0.005940477204178076,13.076977576894125
"flood, on-reach DOR>0.5",dam,06906200,41,0.501770404114071,0.4637937438149439,1.0,12.610607174471971,1,7.0,12.293307925752115,1,8.0,0.25450518826886415,0.13351343954709535,2.4572974596620414
"flood, on-reach DOR>0.5",dam,06921350,49,0.3194599268753343,0.25737946272181716,2.0,19.41636742635969,2,10.0,17.511026800847198,2,28.0,0.18899732575385245,-0.1925889901374342,20.469230320389368
"flood, on-reach DOR>0.5",dam,07124410,19,1.0345395742915013,0.9971295302457472,-2.0,7.784227524470981,24,15.0,0.15932661029820702,0,4.0,0.2774011884708895,0.28732564280945905,2.2027230274305687
"flood, on-reach DOR>0.5",dam,07198000,44,0.6563107140132389,0.377231519951035,2.0,12.687304583360845,2,7.0,16.05571661400517,3,19.0,-0.05760136219342694,0.03835153809494361,54.46150105368117
"flood, on-reach DOR>0.5",dam,07339000,31,1.0352797653044412,0.7662031809329116,4.0,7.2891509687276,3,5.0,5.431987295387916,2,21.0,-0.03132053281788672,-0.026939375579734633,45.86463483422367
"flood, on-reach DOR>0.5",dam,08245000,23,0.861739694458289,0.9520527173351588,1.0,65.54325901260071,35,,6.410337632100758,1,11.0,-0.20667038580400673,0.3744662975315831,2.827695678765772
"flood, on-reach DOR>0.5",dam,08287000,18,0.5893002404797865,0.6261407700796713,1.0,26.1926511565148,25,63.0,25.35924417005903,13,25.0,-0.611976452425416,-0.0431269909487465,19.512005910415457
"flood, on-reach DOR>0.5",dam,08317950,38,0.5131484223007778,0.9746819730783789,-2.0,57.43094886937187,39,60.0,0.7481269790802687,0,3.0,-0.22684477299976732,0.533121143870642,0.10518788474679806
"flood, on-reach DOR>0.5",dam,08382830,24,0.8177230306991752,0.6181748326208234,-2.5,56.054531873265745,52,,27.523724632396995,9,21.0,-1.1322087732222545,-0.29385258027839406,4.895601388980284
"flood, on-reach DOR>0.5",dam,08384500,25,0.5500838020018955,0.45716929417182284,-3.0,54.13817784379727,27,47.0,44.174897483695844,16,31.0,-0.5759345576927328,-0.015489935566589688,4.914763082750926
"flood, on-reach DOR>0.5",dam,08390500,23,0.9707234268712404,0.9836919879448279,-1.0,33.62613467280292,91,,0.6565457368908147,0,2.0,-0.73280745935649,-0.2760948117646925,0.9472725386190932
"flood, on-reach DOR>0.5",dam,08390800,23,0.6698514275283054,0.6434387850699812,0.0,77.5034697841297,93,,18.350943171182195,1,7.0,-1.250307151618742,-0.536982836622908,0.9472725386190932
"flood, on-reach DOR>0.5",dam,09426000,22,0.05484394990167733,0.24955346609281231,1.0,25.762204643886296,1,17.0,20.287814206383594,2,27.0,0.11296530971035146,-0.1190264076850012,5.659223849325745
"flood, on-reach DOR>0.5",dam,10134500,11,0.8672863197096444,0.9838171036195632,-1.0,36.17150868562447,150,,1.112491609747063,1,19.0,-0.15628190434394515,0.11417704102623216,1.5881075243690783
"flood, on-reach DOR>0.5",dam,12362500,20,1.1492290628804738,0.6855093325481687,0.0,5.23154438908354,15,23.0,11.916745176582515,53,,0.10116301231725103,0.09875255628601098,104.02603538757427
"flood, on-reach DOR>0.5",dam,13032500,16,0.9177475472116884,0.8516643384958974,2.5,8.41408229104304,7,11.0,11.119952711216515,6,24.0,0.8323067288450036,0.5591426740038499,127.60822707419649
"flood, on-reach DOR>0.5",dam,13190500,14,0.711344309596222,0.8837755087353603,4.0,10.601169022284235,9,35.0,7.988328353708297,3,20.0,0.1828613558332309,0.3182521893521266,21.792690241547724
"flood, on-reach DOR>0.5",dam,13202000,14,0.8629010377576859,0.7938960127400565,1.5,5.997486710158059,19,21.0,12.082774296569218,6,18.0,0.3508819902430718,1.014028754944172,54.491016862366315
"flood, on-reach DOR>0.5",dam,13217500,18,0.9973694995029152,0.9987069154917886,0.0,5.164518397306412,21,21.0,0.12008540516224585,0,15.0,0.13879527100319053,0.036427299906621406,4.07229392929748
"flood, on-reach DOR>0.5",dam,11097000,15,1.3033676525902138,0.9878686465264642,0.0,0.7568549735796786,-1,1.0,2.058057171859259,0,2.0,-0.13236367747902306,0.6536411609484346,1.0971900303546016
"flood, on-reach DOR>0.5",dam,11176400,27,2.1581209825741716,0.9917223858441918,-1.0,7.865397947715685,-7,2.0,1.0365372711325818,0,3.0,0.22756682938372688,0.034802196315091474,0.832591038198082
"flood, on-reach DOR>0.5",dam,11176500,27,0.4791197334239018,0.860380879800665,0.0,112.00923199784438,73,,14.805853878647268,1,4.0,-0.8531928364060243,-0.4519176348406251,0.832591038198082
"flood, on-reach DOR>0.5",dam,11407000,26,0.08244883584735532,0.8678527695532684,0.5,61.77573592052089,150,,4.24087938842441,1,3.0,-1.15392058366021,-1.0021623668465067,77.1424444844568
"flood, on-reach DOR>0.5",control,01331500,50,0.9618670135370189,0.9760409033524886,0.0,3.0269091640247314,150,,0.2803238161194532,0,2.0,0.002860629203107124,0.018453543187532687,2.403178460997229
"flood, on-reach DOR>0.5",control,01304500,22,0.8120438971296242,0.9523710201470185,0.0,-0.09646201541460524,-15,0.0,0.4479892976914041,1,5.0,-0.235056805044375,-0.36181436264390476,1.5661469254432452
"flood, on-reach DOR>0.5",control,01440000,51,1.0526057144569725,0.9504062744667413,0.0,2.852691923327178,0,25.0,0.9331858315912632,0,2.0,0.04821386886833009,0.007089735415891087,3.195826381313118
"flood, on-reach DOR>0.5",control,04287000,47,1.0344969084258515,0.983316818607389,0.0,4.38923415340698,150,,0.45034148259976675,0,2.0,0.01198194302866892,-0.031298571656979746,3.4027604040263726
"flood, on-reach DOR>0.5",control,01541000,53,1.1552385327318468,0.9799092202867716,0.0,0.23257092089113393,88,5.0,0.2962876877860184,0,2.0,-0.0509532663146759,-0.06285181216171269,16.293718505195688
"flood, on-reach DOR>0.5",control,01595000,56,0.973231643138443,0.9730811339456941,0.0,1.7676044114913965,-1,8.0,0.5161663837132904,0,2.0,-0.03884026763314885,-0.057572696665494756,4.717502293253055
"flood, on-reach DOR>0.5",control,01516350,54,0.9010259456665739,0.9780400298912344,0.0,3.0116112830395365,2,10.0,0.5241780034331667,0,2.0,-0.20449987566400307,-0.1767450423360516,6.583002706554977
"flood, on-reach DOR>0.5",control,02064000,54,0.9594359114536954,0.9616766986142169,0.0,0.15856332082394828,-8,1.0,0.5035927751111116,0,1.0,-0.20580380399197462,-0.18230365567341836,5.892190738545814
"flood, on-reach DOR>0.5",control,02118500,52,1.0911999294201378,0.965662751219984,0.0,1.1825986220654683,64,36.0,0.3035852080083676,0,2.0,-0.19788590043816653,-0.16193963062680913,7.089585520283154
"flood, on-reach DOR>0.5",control,02298830,34,0.5870744531875721,0.6861958920848994,3.0,19.926673876856604,1,5.0,13.630534030702234,1,4.0,0.001974635284802898,-0.09935480462029399,6.569344704799674
"flood, on-reach DOR>0.5",control,03202750,52,1.1478150562952536,0.9678060139224688,0.0,-0.09407883843122455,150,0.0,0.5358435264731015,0,2.0,0.07254381531777644,0.047361915660601266,4.896719455621311
"flood, on-reach DOR>0.5",control,03363500,55,1.0799698010782626,0.9880833574387275,0.0,0.007014846647212055,112,1.0,0.4626191469759913,0,2.0,-0.04682747369233473,-0.04352366646319289,9.811515131099078
"flood, on-reach DOR>0.5",control,03207800,52,0.9680087534406066,0.9678779966479879,0.0,2.746607884408057,2,15.0,0.5619145690106161,0,2.0,0.10477953997576567,0.0111560433014128,9.3691834853405
"flood, on-reach DOR>0.5",control,03358000,55,1.0242916755530573,0.9389721664392928,0.0,3.6871548858228897,0,1.0,1.6107097301939741,0,2.0,-0.06675660307112559,-0.0634199777327069,8.138424481775337
"flood, on-reach DOR>0.5",control,06903400,33,3.0413975137967557,0.9763707339127606,0.0,-0.22497613027268706,-15,0.0,0.3198348193285063,0,2.0,-0.43864488373903754,-0.30740090374564033,4.712064379840311
"flood, on-reach DOR>0.5",control,06339100,40,2.0989348860675543,0.9882759571053167,-0.5,2.0479523529505737,-8,2.0,1.6535593338987955,0,3.0,0.10404614869373496,0.1826493151514143,0.22344033763814528
"flood, on-reach DOR>0.5",control,06810000,35,1.0900927549687525,0.9606247063933191,0.0,2.5737632217265425,1,2.0,1.2314167100592013,0,2.0,0.10154266651206668,-0.002574945701392477,54.16251104613162
"flood, on-reach DOR>0.5",control,06814000,44,0.9673712433546036,0.9616410024233056,0.0,16.97909857655627,117,,1.090012707696398,0,2.0,-0.09431405622608095,-0.21041665426017228,4.83449480101047
"flood, on-reach DOR>0.5",control,06889500,48,1.2542767777826307,0.9659335519616568,0.0,0.5397104261077638,-14,2.0,0.8799524985854438,0,2.0,-0.07120581671679681,-0.04728800967943699,6.097806731100872
"flood, on-reach DOR>0.5",control,06809210,45,0.9707567822086024,0.9770732049433315,0.0,2.335015629445181,-1,2.0,0.6012780644069142,0,1.0,0.0050559267740061305,-0.009220220613411666,9.868286282200721
"flood, on-reach DOR>0.5",control,06403300,21,0.787114710226102,0.9259708541734236,1.0,11.465318200776473,107,39.0,2.337099934366885,0,3.0,0.2014307508069509,0.2148477101150616,0.20288683243077044
"flood, on-reach DOR>0.5",control,06281000,22,1.080496320551678,0.9981912535631076,0.5,5.0592633736432475,136,,0.2712228294161886,0,8.0,0.2990462123713241,-0.4601017870649057,10.603276011817277
"flood, on-reach DOR>0.5",control,07191000,53,1.1543601663419005,0.969616652531082,0.0,6.714497894946309,146,,0.8953857598506273,0,2.0,-0.1730906857231267,-0.18865994114053122,14.8015962765291
"flood, on-reach DOR>0.5",control,07151500,49,1.0214986214418995,0.9685570168835749,0.0,6.25630364583474,3,10.0,0.8712820336145001,0,2.0,-0.09855114335462754,-0.06913205629608847,9.26620585657813
"flood, on-reach DOR>0.5",control,07315700,45,0.9661585278774335,0.9810150433568856,0.0,12.374487834146816,150,,1.0076943149654776,0,2.0,-0.1725922903161705,-0.11240564140783971,8.42401592635821
"flood, on-reach DOR>0.5",control,08377900,23,1.0957694435276926,0.9975591982314714,0.0,5.352030892040995,150,,0.24074506592854353,0,10.0,-0.10892705107690795,-0.18661563747871276,1.2675987604531602
"flood, on-reach DOR>0.5",control,08405150,30,0.0,0.8121409883865205,-5.0,56.14483326254671,150,,21.057379875392368,0,1.0,-0.591710862889635,-0.7689247173611029,0.25429471396027475
"flood, on-reach DOR>0.5",control,08401900,33,0.009102699377470531,0.9706318390504102,-1.0,66.25954257218467,150,,4.127039464915375,0,1.0,-0.5976276103593033,-0.6568309757985112,0.21332668634672927
"flood, on-reach DOR>0.5",control,08284100,19,1.3624309886915142,0.998653449230193,1.0,-0.6636495006608085,-15,0.0,0.1667145398662376,0,13.0,0.08987980244545433,-0.48157992246791514,16.333128320538105
"flood, on-reach DOR>0.5",control,08379500,22,1.1745832465017276,0.9984814955170416,0.0,12.988351750531184,150,,0.15380129933833644,0,9.0,-0.3079685097383366,0.010766682627191583,4.066410531140017
"flood, on-reach DOR>0.5",control,08405500,16,0.8632890815758418,0.9778298061996142,-1.0,3.7584703033226994,150,,0.360840384376251,0,1.0,-0.3703962400381294,-0.22681951371835962,0.4431586482396574
"flood, on-reach DOR>0.5",control,08289000,18,1.299674523694021,0.9974719322702577,0.0,1.3539733997893724,150,,0.2221321038577909,0,10.0,0.19849955174092407,-0.23409019553947866,2.3355945194957632
"flood, on-reach DOR>0.5",control,09490500,29,1.1176651652811518,0.9822515227801469,0.0,2.800004287862956,55,7.0,0.37455182953516436,0,2.0,-0.2645909308016137,-0.15558633585324677,18.020548232634127
"flood, on-reach DOR>0.5",control,13011500,24,1.133237618339709,0.9891126196802522,1.0,-0.72600302503236,-15,0.0,1.0522849686376348,0,13.0,0.3981083029799757,-0.289334137495189,7.879730833611171
"flood, on-reach DOR>0.5",control,12334510,22,1.0630507700392804,0.9977494461240192,0.0,4.452813347107712,36,17.0,0.18982476147594507,0,10.0,-0.07845627698634386,0.11316151658207942,13.53488367007576
"flood, on-reach DOR>0.5",control,13340600,31,0.9606060402144929,0.9979424198093156,0.0,-0.1453866985687276,-15,0.0,0.13472997461744476,0,4.0,-0.1210112900080025,-0.1045436892417834,95.03027401074905
"flood, on-reach DOR>0.5",control,13186000,14,1.6153190408758151,0.9987262487197941,0.0,-1.9601900801854166,-15,0.0,0.15647945157725585,0,13.0,0.1816777881014937,-0.5414927979692032,20.432507365716035
"flood, on-reach DOR>0.5",control,12465000,19,1.1882178172402047,0.9919903713812037,0.0,-2.368632034937998,-15,0.0,0.6218042765664485,0,3.0,2.953497227271504,1.5690191292839586,0.7243917393039131
"flood, on-reach DOR>0.5",control,13075000,20,0.9241595387895524,0.9960843202109673,-1.0,15.97784873230872,150,,0.11978222122426792,0,4.0,0.04410349083997245,-0.007208078578235251,1.8884081936424886
"flood, on-reach DOR>0.5",control,09505350,30,1.1401877408912526,0.9773806919709753,0.0,14.55544159546589,62,26.0,0.8751244140606789,0,1.0,-0.5320013666918636,-0.05818991600747713,1.764304140735678
"flood, on-reach DOR>0.5",control,14222500,49,1.0784511306786397,0.9534311299539343,0.0,9.34655604021382,96,,0.8043058238649683,0,2.0,-0.13058707764760677,-0.04326366613650574,18.95817878340836
"flood, on-reach DOR>0.5",control,14096850,27,0.7082027279189662,0.9801136984533676,0.0,24.224160879628723,85,,0.6775325118772935,0,2.0,-0.2707431737563459,-0.05141187426278575,2.494053108685139
"flood, on-reach DOR>0.5",control,11528700,28,1.3198172884302148,0.9867700475784706,0.0,0.24700389625696492,-13,1.0,0.487117223122368,0,2.0,0.08195205773107173,-0.026933606865817788,35.026361803247234
"flood, all DOR>0.5",dam,01172500,48,1.1045872992575374,0.7039487214971072,2.5,9.35378600874199,1,4.0,7.8612058838005865,2,8.0,0.08482062370682598,0.08006441376234072,2.5849394247676507
"flood, all DOR>0.5",dam,01206900,45,1.5997348494866948,0.7783352852052157,1.0,1.8538939854692782,0,1.0,3.0124829589089313,0,10.0,0.039315283460227606,0.0007712253427946474,5.377776216897602
"flood, all DOR>0.5",dam,01429500,54,1.0010455906872804,0.9772155386866428,0.0,2.4235611461088604,1,2.0,0.49564316425639643,0,2.0,0.02597723270183271,0.03783172576074146,2.9449917637957252
"flood, all DOR>0.5",dam,01449800,51,0.7556592346249351,0.6320723595689731,2.0,10.1072253422344,1,4.0,6.820053433625634,1,6.0,-0.10152299519208294,-0.11068765299776098,4.780543299550355
"flood, all DOR>0.5",dam,01563200,48,1.0147611806104304,0.8289583670459992,0.0,1.2116803397698503,1,1.0,3.9284595040727974,0,4.0,0.058979679810829154,0.10881084984683112,31.090309315402667
"flood, all DOR>0.5",dam,01574500,48,1.4349379290032183,0.9749867058073218,0.0,8.096673262108892,127,,0.2571850414319003,0,2.0,-0.12371362617324902,-0.05169761153253729,2.1023031547100683
"flood, all DOR>0.5",dam,02011800,51,0.88218955940775,0.5843475281940789,2.0,13.507948413887396,1,3.0,9.039957909791658,1,4.0,-0.053773728226501526,0.057505169474045735,11.68952833231548
"flood, all DOR>0.5",dam,02072000,43,0.7256655840212437,0.6311896547831699,2.0,8.639662641173294,1,4.0,5.8403814000877725,1,4.0,-0.1727020226685393,-0.07628656941173616,9.389174523229045
"flood, all DOR>0.5",dam,02072500,48,0.7105540441672265,0.6172449083669029,1.0,6.127677445189029,1,3.0,5.400089797285468,1,4.0,-0.14107084565315336,-0.0620907101928466,11.19243950892017
"flood, all DOR>0.5",dam,02073000,50,0.8621259815092575,0.8401906559948628,0.0,3.0834026080201222,1,4.0,1.9131199459596149,0,2.0,-0.11498850071669411,-0.05946840814189359,16.322999581832693
"flood, all DOR>0.5",dam,02294491,25,0.6013844349597987,0.6584776666849141,1.0,8.923875319646674,3,5.0,13.284451837569405,2,6.0,-0.5009320661010114,-0.2521027541520746,1.810467584163779
"flood, all DOR>0.5",dam,02294650,24,0.6755959582075997,0.6833259245383971,3.0,3.870757313219503,2,2.0,8.939326942599008,1,7.0,-0.23711028920766863,-0.07538385569959327,4.620398169369284
"flood, all DOR>0.5",dam,02334430,37,0.748806870170075,0.5365242052993315,1.0,12.975025351100074,84,,4.830555885883353,14,20.0,-0.41136295340410706,-0.24622127752356188,63.81607686197848
"flood, all DOR>0.5",dam,02335000,39,0.6583373153537784,0.5228338471465349,1.0,10.347443532944084,78,,4.082064096619657,5,20.0,-0.3283076950469713,-0.17831258502070393,67.46766032385244
"flood, all DOR>0.5",dam,02335450,36,0.726290740254754,0.5412629775375564,-1.0,8.236628987031581,80,54.0,4.149304880181521,3,20.0,-0.34435546725078864,-0.17179273226900557,68.49851751046313
"flood, all DOR>0.5",dam,02336000,37,0.8962094287987942,0.9879967789467247,-1.0,8.966525510076565,81,66.0,0.11967464706068302,0,2.0,-0.2425656963788065,-0.14443907984851087,77.40587561654763
"flood, all DOR>0.5",dam,02336490,43,1.159405978953809,0.9875074377561688,0.0,4.239512256137614,81,57.0,0.1318811752716189,0,2.0,-0.17351588326272793,-0.10476615405903189,84.21455671652687
"flood, all DOR>0.5",dam,02337170,41,0.9604850597341896,0.9481532315123969,0.0,3.8976705190139445,82,57.0,0.537317233108212,0,2.0,-0.14785317900257144,-0.10916381229084225,104.10231297982271
"flood, all DOR>0.5",dam,02338000,42,1.1174559387968428,0.975264966194235,0.0,2.0986060355859073,60,61.0,0.3177559964942126,0,2.0,-0.1279916597321751,-0.0791324173877661,117.50654300522584
"flood, all DOR>0.5",dam,04084500,26,0.8958320393279182,0.9981221455459685,2.0,4.9769783695159795,69,,0.06752382005654875,0,13.0,-0.15174486645351765,-0.07714372945036975,149.57580823745664
"flood, all DOR>0.5",dam,03102850,52,1.0569239902654477,0.9778522718117932,0.0,3.9138070108779437,118,,0.1950768105760045,0,2.0,-0.16633684126722414,-0.1681406778852433,15.584920374380006
"flood, all DOR>0.5",dam,03228805,53,0.8405163087889072,0.6295854259389164,1.0,18.1549127292341,2,5.0,10.647068139625915,1,5.0,-0.007748716032393072,-0.2776519152467932,2.996457325008887
"flood, all DOR>0.5",dam,03266000,52,0.8732311790199891,0.8969584145910985,1.0,2.281347969763625,0,2.0,3.105111775420371,0,3.0,0.12729851143389798,0.1060743716541807,16.43119328661387
"flood, all DOR>0.5",dam,03270000,52,0.9786221231406989,0.9751467417484767,0.0,3.4727678573484937,18,121.0,0.37795968374112826,0,2.0,-0.05842822444457369,-0.05536418882896418,19.978183353158137
"flood, all DOR>0.5",dam,03270500,49,0.9563565163625164,0.9586164213910241,0.0,0.9784740556248779,0,2.0,1.2541697866514485,0,2.0,0.003710809968598655,-0.010615956904392328,70.84799355765603
"flood, all DOR>0.5",dam,03272000,52,0.9754286272286183,0.9675093880438034,0.0,2.212739519684589,0,2.0,0.772551203018423,0,2.0,0.015460648785274717,-0.048589496683273996,8.23262451910049
"flood, all DOR>0.5",dam,03375500,46,1.0504807488582277,0.9783309159057483,1.0,17.5606806639586,150,,0.3281800885293912,0,2.0,0.00047353730056362624,-0.16660500203305348,9.897758304382334
"flood, all DOR>0.5",dam,06224000,18,1.629859275315288,0.9979899464707034,0.0,-0.5615785369037954,-15,0.0,0.12454605610626324,0,9.0,0.25053609693324136,-0.4272823315101912,8.818187433877911
"flood, all DOR>0.5",dam,06225000,18,0.22743965865988955,0.600565866322571,3.5,35.59169761624799,15,47.0,26.266714284846557,17,56.0,0.0272582307455994,0.24367565932531352,8.818187433877911
"flood, all DOR>0.5",dam,06259000,15,0.5206115398866707,0.6610011428591375,2.0,42.68387851331371,25,100.0,32.864966841488005,12,24.0,-0.5842537754574008,-0.11188672188424822,40.94714277254601
"flood, all DOR>0.5",dam,06410500,14,1.7761018189796154,0.998028108706374,-1.0,-0.6343267527513594,-15,0.0,0.11953305508216301,0,12.0,0.4581011757552351,0.29861606004729524,1.1232072740240868
"flood, all DOR>0.5",dam,06411500,14,1.2386770927795634,0.9207338948605742,2.5,2.17556665685875,0,3.0,4.553801982958112,3,16.0,0.5348441312125919,0.5154064527074464,1.1232072740240868
"flood, all DOR>0.5",dam,06412500,14,1.2469849848141097,0.9020045607200011,1.0,-0.507218687358118,-15,0.0,3.5577109752868905,1,15.0,0.8328050067933301,0.42263582113587556,1.1693463137698152
"flood, all DOR>0.5",dam,06414000,14,1.5614936612497727,0.946891376529816,1.0,-0.6465875161848127,-15,0.0,2.1814351107870045,0,10.0,1.172983098134665,0.8210973292316979,1.2685748754350097
"flood, all DOR>0.5",dam,06418900,14,1.7809405341524482,0.994794624577753,0.0,-0.7131957690634702,-15,0.0,0.2406996895905051,0,4.0,1.4093323052245297,0.9371626886114146,1.2988140165253457
"flood, all DOR>0.5",dam,06714215,18,1.2361892536937877,0.9304695989174446,-1.0,6.130827058378541,43,13.0,2.321049155792274,1,6.0,-0.3835039398537166,-0.2675800940331738,11.209881804927418
"flood, all DOR>0.5",dam,06821150,14,1.7290891883737523,0.9875430313791882,-1.0,2.6747932465675253,-7,2.0,2.926926851778624,2,14.0,-0.12288317200968256,-0.06291287175491447,5.3925608237099025
"flood, all DOR>0.5",dam,06891500,28,1.0804277330090843,0.9615666978424564,0.0,2.989550295101491,3,2.0,0.4995443752793604,0,1.0,0.1829946307086006,-0.19539237272468377,8.110869852454098
"flood, all DOR>0.5",dam,06903900,22,0.5474324631423181,0.4168296385546498,0.5,15.966642669037542,10,26.0,15.028460923571451,28,84.0,0.11083470714365593,0.005940477204178076,13.076977576894125
"flood, all DOR>0.5",dam,06906200,41,0.501770404114071,0.4637937438149439,1.0,12.610607174471971,1,7.0,12.293307925752115,1,8.0,0.25450518826886415,0.13351343954709535,2.4572974596620414
"flood, all DOR>0.5",dam,06919020,40,0.49474943535590254,0.27196681747926266,0.0,13.192956387732838,8,32.0,16.098613224754445,25,34.0,0.06845678712952177,-0.133816979668087,43.17237340138555
"flood, all DOR>0.5",dam,06919900,42,0.8228754174538156,0.9848990114223504,-1.0,5.896768349193392,6,23.0,0.36930603964313974,0,2.0,0.15926169603994414,0.0033632424367702695,60.19466067605794
"flood, all DOR>0.5",dam,06921350,49,0.3194599268753343,0.25737946272181716,2.0,19.41636742635969,2,10.0,17.511026800847198,2,28.0,0.18899732575385245,-0.1925889901374342,20.469230320389368
"flood, all DOR>0.5",dam,07109500,21,0.9439132683689,0.9970600735476358,1.0,18.58989470157173,110,,0.17194813766954745,0,5.0,-0.34469793795522186,-0.21201050373213176,34.651102932341075
"flood, all DOR>0.5",dam,07124410,19,1.0345395742915013,0.9971295302457472,-2.0,7.784227524470981,24,15.0,0.15932661029820702,0,4.0,0.2774011884708895,0.28732564280945905,2.2027230274305687
"flood, all DOR>0.5",dam,07198000,44,0.6563107140132389,0.377231519951035,2.0,12.687304583360845,2,7.0,16.05571661400517,3,19.0,-0.05760136219342694,0.03835153809494361,54.46150105368117
"flood, all DOR>0.5",dam,07339000,31,1.0352797653044412,0.7662031809329116,4.0,7.2891509687276,3,5.0,5.431987295387916,2,21.0,-0.03132053281788672,-0.026939375579734633,45.86463483422367
"flood, all DOR>0.5",dam,08245000,23,0.861739694458289,0.9520527173351588,1.0,65.54325901260071,35,,6.410337632100758,1,11.0,-0.20667038580400673,0.3744662975315831,2.827695678765772
"flood, all DOR>0.5",dam,08287000,18,0.5893002404797865,0.6261407700796713,1.0,26.1926511565148,25,63.0,25.35924417005903,13,25.0,-0.611976452425416,-0.0431269909487465,19.512005910415457
"flood, all DOR>0.5",dam,08317950,38,0.5131484223007778,0.9746819730783789,-2.0,57.43094886937187,39,60.0,0.7481269790802687,0,3.0,-0.22684477299976732,0.533121143870642,0.10518788474679806
"flood, all DOR>0.5",dam,08382830,24,0.8177230306991752,0.6181748326208234,-2.5,56.054531873265745,52,,27.523724632396995,9,21.0,-1.1322087732222545,-0.29385258027839406,4.895601388980284
"flood, all DOR>0.5",dam,08383500,25,1.0062133136714466,0.59022636640851,0.0,48.70174783690663,52,78.0,29.766440722806735,10,23.0,-0.6174367050567607,0.28828640760220864,4.914533723776543
"flood, all DOR>0.5",dam,08384500,25,0.5500838020018955,0.45716929417182284,-3.0,54.13817784379727,27,47.0,44.174897483695844,16,31.0,-0.5759345576927328,-0.015489935566589688,4.914763082750926
"flood, all DOR>0.5",dam,08390500,23,0.9707234268712404,0.9836919879448279,-1.0,33.62613467280292,91,,0.6565457368908147,0,2.0,-0.73280745935649,-0.2760948117646925,0.9472725386190932
"flood, all DOR>0.5",dam,08390800,23,0.6698514275283054,0.6434387850699812,0.0,77.5034697841297,93,,18.350943171182195,1,7.0,-1.250307151618742,-0.536982836622908,0.9472725386190932
"flood, all DOR>0.5",dam,09355500,18,0.6841143074080746,0.7378700752563357,1.0,14.930694730092078,65,42.0,12.252270015424674,7,23.0,-0.5381318216201045,-0.11713641838401094,40.59867541530902
"flood, all DOR>0.5",dam,09365000,20,0.832069086153743,0.9775454810714022,0.0,14.4837246794365,70,,1.2795948433220432,0,9.0,-0.2690026440332112,-0.11244321531511191,71.38689198409597
"flood, all DOR>0.5",dam,09426000,22,0.05484394990167733,0.24955346609281231,1.0,25.762204643886296,1,17.0,20.287814206383594,2,27.0,0.11296530971035146,-0.1190264076850012,5.659223849325745
"flood, all DOR>0.5",dam,10134500,11,0.8672863197096444,0.9838171036195632,-1.0,36.17150868562447,150,,1.112491609747063,1,19.0,-0.15628190434394515,0.11417704102623216,1.5881075243690783
"flood, all DOR>0.5",dam,10136500,15,1.2008575477495793,0.9984411080947124,-1.0,-0.7834695482208793,-15,0.0,0.12677450403033003,0,9.0,0.21492715475107566,0.14553527465139512,16.30780581686812
"flood, all DOR>0.5",dam,10141000,14,0.9782415309604432,0.9980467173307375,-1.0,28.209449507245164,132,,0.14716648447735775,0,11.0,-0.6104076252204834,-0.5637275461967521,21.00508583365314
"flood, all DOR>0.5",dam,12362500,20,1.1492290628804738,0.6855093325481687,0.0,5.23154438908354,15,23.0,11.916745176582515,53,,0.10116301231725103,0.09875255628601098,104.02603538757427
"flood, all DOR>0.5",dam,13032500,16,0.9177475472116884,0.8516643384958974,2.5,8.41408229104304,7,11.0,11.119952711216515,6,24.0,0.8323067288450036,0.5591426740038499,127.60822707419649
"flood, all DOR>0.5",dam,13038500,16,0.6105589159292397,0.9081792894202749,3.0,40.71868844417342,150,,6.8330471494445915,3,21.0,-0.3584416354187475,-0.32092693661919564,128.62565015199914
"flood, all DOR>0.5",dam,13190500,14,0.711344309596222,0.8837755087353603,4.0,10.601169022284235,9,35.0,7.988328353708297,3,20.0,0.1828613558332309,0.3182521893521266,21.792690241547724
"flood, all DOR>0.5",dam,13202000,14,0.8629010377576859,0.7938960127400565,1.5,5.997486710158059,19,21.0,12.082774296569218,6,18.0,0.3508819902430718,1.014028754944172,54.491016862366315
"flood, all DOR>0.5",dam,13206000,14,0.5516625735872721,0.9001420573581556,1.0,60.09294796622557,89,,5.705370452017627,2,11.0,-1.0488056451169385,-0.47298801147766284,54.574579503220875
"flood, all DOR>0.5",dam,13217500,18,0.9973694995029152,0.9987069154917886,0.0,5.164518397306412,21,21.0,0.12008540516224585,0,15.0,0.13879527100319053,0.036427299906621406,4.07229392929748
"flood, all DOR>0.5",dam,10261500,20,0.4798152338475785,0.7778050463684323,0.0,44.02731654567067,60,,11.65044541958575,0,2.0,-0.5974640520947321,0.10006576578995358,2.744017431773355
"flood, all DOR>0.5",dam,11097000,15,1.3033676525902138,0.9878686465264642,0.0,0.7568549735796786,-1,1.0,2.058057171859259,0,2.0,-0.13236367747902306,0.6536411609484346,1.0971900303546016
"flood, all DOR>0.5",dam,11176400,27,2.1581209825741716,0.9917223858441918,-1.0,7.865397947715685,-7,2.0,1.0365372711325818,0,3.0,0.22756682938372688,0.034802196315091474,0.832591038198082
"flood, all DOR>0.5",dam,11176500,27,0.4791197334239018,0.860380879800665,0.0,112.00923199784438,73,,14.805853878647268,1,4.0,-0.8531928364060243,-0.4519176348406251,0.832591038198082
"flood, all DOR>0.5",dam,11251000,16,0.631731203739242,0.8855262345025348,0.0,41.269348033157534,18,27.0,14.261378922779956,2,12.0,0.37485240330948577,-0.3221672870721201,21.69683866530481
"flood, all DOR>0.5",dam,11407000,26,0.08244883584735532,0.8678527695532684,0.5,61.77573592052089,150,,4.24087938842441,1,3.0,-1.15392058366021,-1.0021623668465067,77.1424444844568
"flood, all DOR>0.5",control,01331500,50,0.9618670135370189,0.9760409033524886,0.0,3.0269091640247314,150,,0.2803238161194532,0,2.0,0.002860629203107124,0.018453543187532687,2.403178460997229
"flood, all DOR>0.5",control,01304500,22,0.8120438971296242,0.9523710201470185,0.0,-0.09646201541460524,-15,0.0,0.4479892976914041,1,5.0,-0.235056805044375,-0.36181436264390476,1.5661469254432452
"flood, all DOR>0.5",control,01440000,51,1.0526057144569725,0.9504062744667413,0.0,2.852691923327178,0,25.0,0.9331858315912632,0,2.0,0.04821386886833009,0.007089735415891087,3.195826381313118
"flood, all DOR>0.5",control,04287000,47,1.0344969084258515,0.983316818607389,0.0,4.38923415340698,150,,0.45034148259976675,0,2.0,0.01198194302866892,-0.031298571656979746,3.4027604040263726
"flood, all DOR>0.5",control,01541000,53,1.1552385327318468,0.9799092202867716,0.0,0.23257092089113393,88,5.0,0.2962876877860184,0,2.0,-0.0509532663146759,-0.06285181216171269,16.293718505195688
"flood, all DOR>0.5",control,01595000,56,0.973231643138443,0.9730811339456941,0.0,1.7676044114913965,-1,8.0,0.5161663837132904,0,2.0,-0.03884026763314885,-0.057572696665494756,4.717502293253055
"flood, all DOR>0.5",control,01516350,54,0.9010259456665739,0.9780400298912344,0.0,3.0116112830395365,2,10.0,0.5241780034331667,0,2.0,-0.20449987566400307,-0.1767450423360516,6.583002706554977
"flood, all DOR>0.5",control,02064000,54,0.9594359114536954,0.9616766986142169,0.0,0.15856332082394828,-8,1.0,0.5035927751111116,0,1.0,-0.20580380399197462,-0.18230365567341836,5.892190738545814
"flood, all DOR>0.5",control,02081500,52,1.1603064803756862,0.9718271321090644,0.0,4.7607987288261215,36,48.0,0.6870000896724586,0,2.0,-0.13400988944407585,-0.08691479818656263,4.698450631188211
"flood, all DOR>0.5",control,02235000,29,1.047020543397192,0.9974287857163093,0.0,12.751516763612825,143,,0.13007627398615063,0,3.0,-0.1253887129571892,-0.02561027917027871,7.824241959807646
"flood, all DOR>0.5",control,02118500,52,1.0911999294201378,0.965662751219984,0.0,1.1825986220654683,64,36.0,0.3035852080083676,0,2.0,-0.19788590043816653,-0.16193963062680913,7.089585520283154
"flood, all DOR>0.5",control,02246000,48,0.9806801766577642,0.9792102419676624,0.0,6.367502156639294,110,,0.7195471397375338,0,2.0,-0.0206768769868914,0.00967194853583743,4.765236351353732
"flood, all DOR>0.5",control,02298830,34,0.5870744531875721,0.6861958920848994,3.0,19.926673876856604,1,5.0,13.630534030702234,1,4.0,0.001974635284802898,-0.09935480462029399,6.569344704799674
"flood, all DOR>0.5",control,02054500,50,1.16163544390269,0.9699219942074946,0.0,1.2948949126730327,150,,0.42355943781040734,0,2.0,-0.1073126267902172,-0.08972104083364639,7.373202241800267
"flood, all DOR>0.5",control,02408540,52,0.8923853877466086,0.9667162868385172,0.0,0.9483341042084512,2,15.0,0.541334516611842,0,1.0,-0.0858066583439345,-0.051422024366719825,11.912727629274707
"flood, all DOR>0.5",control,02484000,51,0.8638542189329319,0.9234059913566743,0.0,7.554959322540529,110,,2.397375121318791,0,3.0,-0.04759678424104728,-0.08082809331603769,14.40282384552989
"flood, all DOR>0.5",control,02118000,50,1.0048998405861234,0.971747121378272,0.0,3.0455141036414104,147,,0.3070196178397043,0,2.0,-0.16127537893829122,-0.16964279920431638,11.731701517567076
"flood, all DOR>0.5",control,02342500,50,0.9187506368073769,0.97760912939581,0.0,5.658386489802998,4,18.0,0.6852710322392861,0,2.0,0.06493782244818694,-0.01987864565058949,10.33298263682147
"flood, all DOR>0.5",control,02270500,28,0.8126075395421644,0.8206263694841702,0.0,8.119105308048386,12,14.0,7.961330163052572,2,9.0,0.20603397374487048,0.010262379829300275,6.544385986134297
"flood, all DOR>0.5",control,04027000,45,0.9867169699693025,0.9878976113133874,0.0,9.023355446058524,107,,0.3740628123162087,0,3.0,-0.1853951589339367,-0.1495412410583532,18.94238517549526
"flood, all DOR>0.5",control,03324000,50,1.1218817583971412,0.9804066294241831,0.0,0.4749109784692256,-11,3.0,0.5377684697082805,0,2.0,-0.023064142144743786,0.05458615043909784,6.990982085340849
"flood, all DOR>0.5",control,03202750,52,1.1478150562952536,0.9678060139224688,0.0,-0.09407883843122455,150,0.0,0.5358435264731015,0,2.0,0.07254381531777644,0.047361915660601266,4.896719455621311
"flood, all DOR>0.5",control,03363500,55,1.0799698010782626,0.9880833574387275,0.0,0.007014846647212055,112,1.0,0.4626191469759913,0,2.0,-0.04682747369233473,-0.04352366646319289,9.811515131099078
"flood, all DOR>0.5",control,03207800,52,0.9680087534406066,0.9678779966479879,0.0,2.746607884408057,2,15.0,0.5619145690106161,0,2.0,0.10477953997576567,0.0111560433014128,9.3691834853405
"flood, all DOR>0.5",control,03300400,53,1.3542258595889625,0.9787807399617692,0.0,1.1005198128934737,-9,6.0,0.6004386712905933,0,2.0,-0.060380793479670604,-0.044899021852949896,17.62974363983167
"flood, all DOR>0.5",control,03358000,55,1.0242916755530573,0.9389721664392928,0.0,3.6871548858228897,0,1.0,1.6107097301939741,0,2.0,-0.06675660307112559,-0.0634199777327069,8.138424481775337
"flood, all DOR>0.5",control,03353800,55,1.0258352921634963,0.9683420843913446,0.0,5.649650816691972,113,,0.7232746632595712,0,2.0,-0.05568626210987504,-0.051827624799659945,6.570211114219084
"flood, all DOR>0.5",control,06903400,33,3.0413975137967557,0.9763707339127606,0.0,-0.22497613027268706,-15,0.0,0.3198348193285063,0,2.0,-0.43864488373903754,-0.30740090374564033,4.712064379840311
"flood, all DOR>0.5",control,06339100,40,2.0989348860675543,0.9882759571053167,-0.5,2.0479523529505737,-8,2.0,1.6535593338987955,0,3.0,0.10404614869373496,0.1826493151514143,0.22344033763814528
"flood, all DOR>0.5",control,06810000,35,1.0900927549687525,0.9606247063933191,0.0,2.5737632217265425,1,2.0,1.2314167100592013,0,2.0,0.10154266651206668,-0.002574945701392477,54.16251104613162
"flood, all DOR>0.5",control,06814000,44,0.9673712433546036,0.9616410024233056,0.0,16.97909857655627,117,,1.090012707696398,0,2.0,-0.09431405622608095,-0.21041665426017228,4.83449480101047
"flood, all DOR>0.5",control,06889500,48,1.2542767777826307,0.9659335519616568,0.0,0.5397104261077638,-14,2.0,0.8799524985854438,0,2.0,-0.07120581671679681,-0.04728800967943699,6.097806731100872
"flood, all DOR>0.5",control,06878000,38,1.081312159214337,0.9790762454782078,0.0,10.970392970617251,18,34.0,0.782681505431995,0,2.0,0.12478275524152722,0.04347054133195547,2.9472670522596918
"flood, all DOR>0.5",control,06280300,21,1.0208296815919378,0.9979239263641176,0.0,4.317689215804488,11,6.0,0.2865472344956781,0,8.0,1.108442711636577,0.10521094818311745,9.752412125857417
"flood, all DOR>0.5",control,06470800,23,1.4333903811790007,0.9935677335034386,-1.0,-1.4378851960220687,-15,0.0,0.9439808295484751,0,4.0,3.2207974555901155,1.1883456844276563,0.2735524732750816
"flood, all DOR>0.5",control,06052500,24,0.9528739341994931,0.9909245622312961,0.0,19.045140675912464,104,,0.5253648358130169,0,7.0,-0.27534018501459956,-0.16660813613144554,32.78361386658268
"flood, all DOR>0.5",control,06853800,33,1.2133250895636767,0.9921454255504073,-1.0,41.94792200454392,58,,0.5825901536852958,0,3.0,-0.5731405766816406,-0.26952736519090875,1.5317457895623967
"flood, all DOR>0.5",control,06800000,48,1.3705319484809295,0.9728640976221341,0.0,0.24212019213608157,-7,2.0,0.5424196197120659,0,2.0,-0.10230880956161822,-0.11635774962334128,3.7681454272298502
"flood, all DOR>0.5",control,06809210,45,0.9707567822086024,0.9770732049433315,0.0,2.335015629445181,-1,2.0,0.6012780644069142,0,1.0,0.0050559267740061305,-0.009220220613411666,9.868286282200721
"flood, all DOR>0.5",control,06403300,21,0.787114710226102,0.9259708541734236,1.0,11.465318200776473,107,39.0,2.337099934366885,0,3.0,0.2014307508069509,0.2148477101150616,0.20288683243077044
"flood, all DOR>0.5",control,06811500,45,0.977795559692656,0.9476690941282521,0.0,9.044181508266055,72,7.0,1.4037321724361111,0,2.0,-0.17062373032659855,-0.05573276378171209,12.06837047052765
"flood, all DOR>0.5",control,06809500,42,1.2155737476749793,0.9822908925721887,0.0,1.0543067000680975,130,7.0,0.526315774248921,0,2.0,0.014244002442748155,-0.03389518350961421,18.5493729734898
"flood, all DOR>0.5",control,06281000,22,1.080496320551678,0.9981912535631076,0.5,5.0592633736432475,136,,0.2712228294161886,0,8.0,0.2990462123713241,-0.4601017870649057,10.603276011817277
"flood, all DOR>0.5",control,07148400,42,0.8923691221784904,0.9753582376972983,-1.0,21.816056701163394,125,,0.7154825850181935,0,2.0,-0.2611432313154571,-0.31111432842270415,3.924369510260066
"flood, all DOR>0.5",control,07191000,53,1.1543601663419005,0.969616652531082,0.0,6.714497894946309,146,,0.8953857598506273,0,2.0,-0.1730906857231267,-0.18865994114053122,14.8015962765291
"flood, all DOR>0.5",control,07151500,49,1.0214986214418995,0.9685570168835749,0.0,6.25630364583474,3,10.0,0.8712820336145001,0,2.0,-0.09855114335462754,-0.06913205629608847,9.26620585657813
"flood, all DOR>0.5",control,07315700,45,0.9661585278774335,0.9810150433568856,0.0,12.374487834146816,150,,1.0076943149654776,0,2.0,-0.1725922903161705,-0.11240564140783971,8.42401592635821
"flood, all DOR>0.5",control,08377900,23,1.0957694435276926,0.9975591982314714,0.0,5.352030892040995,150,,0.24074506592854353,0,10.0,-0.10892705107690795,-0.18661563747871276,1.2675987604531602
"flood, all DOR>0.5",control,08405150,30,0.0,0.8121409883865205,-5.0,56.14483326254671,150,,21.057379875392368,0,1.0,-0.591710862889635,-0.7689247173611029,0.25429471396027475
"flood, all DOR>0.5",control,08401900,33,0.009102699377470531,0.9706318390504102,-1.0,66.25954257218467,150,,4.127039464915375,0,1.0,-0.5976276103593033,-0.6568309757985112,0.21332668634672927
"flood, all DOR>0.5",control,08284100,19,1.3624309886915142,0.998653449230193,1.0,-0.6636495006608085,-15,0.0,0.1667145398662376,0,13.0,0.08987980244545433,-0.48157992246791514,16.333128320538105
"flood, all DOR>0.5",control,08408500,30,2.6580866794315794,0.9819258068580026,-2.5,-0.6061381316344975,-15,0.0,0.8109334698022124,0,2.0,2.5916169263737676,3.2248391335674276,0.049413154044787994
"flood, all DOR>0.5",control,08379500,22,1.1745832465017276,0.9984814955170416,0.0,12.988351750531184,150,,0.15380129933833644,0,9.0,-0.3079685097383366,0.010766682627191583,4.066410531140017
"flood, all DOR>0.5",control,08405500,16,0.8632890815758418,0.9778298061996142,-1.0,3.7584703033226994,150,,0.360840384376251,0,1.0,-0.3703962400381294,-0.22681951371835962,0.4431586482396574
"flood, all DOR>0.5",control,08289000,18,1.299674523694021,0.9974719322702577,0.0,1.3539733997893724,150,,0.2221321038577909,0,10.0,0.19849955174092407,-0.23409019553947866,2.3355945194957632
"flood, all DOR>0.5",control,09081600,23,0.8352262247424287,0.9981618075819564,1.0,15.94410216648552,29,,0.16851764671336622,0,6.0,-0.03913349441213192,-0.06285255639094818,10.351172821453467
"flood, all DOR>0.5",control,09070000,19,0.888658755635229,0.9983575520022998,0.0,15.28260917627714,125,,0.2070882205532319,0,9.0,-0.035021451405975956,-0.1049312553591827,18.83739817493988
"flood, all DOR>0.5",control,09490500,29,1.1176651652811518,0.9822515227801469,0.0,2.800004287862956,55,7.0,0.37455182953516436,0,2.0,-0.2645909308016137,-0.15558633585324677,18.020548232634127
"flood, all DOR>0.5",control,13011500,24,1.133237618339709,0.9891126196802522,1.0,-0.72600302503236,-15,0.0,1.0522849686376348,0,13.0,0.3981083029799757,-0.289334137495189,7.879730833611171
"flood, all DOR>0.5",control,10174500,13,1.1776086509074866,0.9881916252728651,1.0,-0.6590171510329182,-15,0.0,1.509175099263248,0,15.0,0.2524713184589206,-0.013007159886754853,3.6349723930105804
"flood, all DOR>0.5",control,10309000,14,1.6576352520730562,0.9978874673432774,0.5,-2.681934729385474,-15,0.0,0.3132320103491479,0,7.0,0.9980861192894096,-0.008031561903903405,6.096347141160418
"flood, all DOR>0.5",control,12334510,22,1.0630507700392804,0.9977494461240192,0.0,4.452813347107712,36,17.0,0.18982476147594507,0,10.0,-0.07845627698634386,0.11316151658207942,13.53488367007576
"flood, all DOR>0.5",control,13340600,31,0.9606060402144929,0.9979424198093156,0.0,-0.1453866985687276,-15,0.0,0.13472997461744476,0,4.0,-0.1210112900080025,-0.1045436892417834,95.03027401074905
"flood, all DOR>0.5",control,13336500,28,1.043817351349003,0.9976141077633861,0.0,1.6032742080025766,150,,0.18095584156137406,0,5.0,-0.05792810932404419,-0.06327296347392469,93.99803505088465
"flood, all DOR>0.5",control,13186000,14,1.6153190408758151,0.9987262487197941,0.0,-1.9601900801854166,-15,0.0,0.15647945157725585,0,13.0,0.1816777881014937,-0.5414927979692032,20.432507365716035
"flood, all DOR>0.5",control,12465000,19,1.1882178172402047,0.9919903713812037,0.0,-2.368632034937998,-15,0.0,0.6218042765664485,0,3.0,2.953497227271504,1.5690191292839586,0.7243917393039131
"flood, all DOR>0.5",control,13338500,25,0.9649977303081353,0.9974307277336362,-1.0,10.655289777421041,128,,0.16788154042362016,0,6.0,-0.07853136615068268,-0.054657914830207766,24.144986558884458
"flood, all DOR>0.5",control,13075000,20,0.9241595387895524,0.9960843202109673,-1.0,15.97784873230872,150,,0.11978222122426792,0,4.0,0.04410349083997245,-0.007208078578235251,1.8884081936424886
"flood, all DOR>0.5",control,11523200,39,1.1415688857719752,0.9847544295838427,0.0,0.13520642857318094,-15,2.0,0.37090521319357794,0,2.0,0.5277810120584148,0.6731936474811456,9.004798842058928
"flood, all DOR>0.5",control,09505350,30,1.1401877408912526,0.9773806919709753,0.0,14.55544159546589,62,26.0,0.8751244140606789,0,1.0,-0.5320013666918636,-0.05818991600747713,1.764304140735678
"flood, all DOR>0.5",control,14222500,49,1.0784511306786397,0.9534311299539343,0.0,9.34655604021382,96,,0.8043058238649683,0,2.0,-0.13058707764760677,-0.04326366613650574,18.95817878340836
"flood, all DOR>0.5",control,14096850,27,0.7082027279189662,0.9801136984533676,0.0,24.224160879628723,85,,0.6775325118772935,0,2.0,-0.2707431737563459,-0.05141187426278575,2.494053108685139
"flood, all DOR>0.5",control,11473900,34,1.1810537229847424,0.9854077068526736,0.0,5.065552115023023,41,18.0,0.5551279110153073,0,2.0,-0.05939688633983275,0.08837708481813879,39.04412738485505
"flood, all DOR>0.5",control,11528700,28,1.3198172884302148,0.9867700475784706,0.0,0.24700389625696492,-13,1.0,0.487117223122368,0,2.0,0.08195205773107173,-0.026933606865817788,35.026361803247234
