epoch,loss,n_micro,median_n,loss_med
1,0.2814121619450317,37.0,0.11708,0.260432
2,0.30049418477801265,37.0,0.08788,0.28207
3,0.2835163885835095,37.0,0.06697,0.20484
4,0.27484764312896404,37.0,0.05016,0.234444
5,0.28013785792811835,37.0,0.0471,0.218634
6,64785.09696942833,37.0,0.06302,0.31768
7,0.3171587226215645,37.0,0.07716,0.22488
8,0.30568749006342494,37.0,0.08685,0.275161
9,0.30389433276955596,37.0,0.07941,0.264275
10,0.3085993517970401,37.0,0.09641,0.269577
11,0.3189015095137421,37.0,0.08489,0.298324
12,0.29219153657505287,37.0,0.08564,0.238713
13,0.26437375221987314,37.0,0.06212,0.213826
14,0.27002231458773784,37.0,0.06566,0.226882
15,0.3450747082452431,37.0,0.06343,0.32336
16,0.27615474460887945,37.0,0.08394,0.220898
17,0.3123080938689218,37.0,0.10625,0.227579
18,0.31761169767441866,37.0,0.07782,0.26663
19,0.29252243594080335,37.0,0.078,0.237893
20,0.34911334841437636,37.0,0.07593,0.254224
21,0.27697392727272724,37.0,0.08463,0.232059
22,0.2854663809725158,37.0,0.07048,0.268616
23,0.302935912896406,37.0,0.06236,0.219261
24,0.2885774541226216,37.0,0.07573,0.182574
25,0.2893826067653277,37.0,0.07764,0.238553
26,0.246733489640592,37.0,0.06625,0.17302
27,0.24219261902748407,37.0,0.06641,0.222354
28,0.28749617463002114,37.0,0.07188,0.202831
29,0.28011460591966175,37.0,0.06831,0.254531
30,0.25777533319238904,37.0,0.07654,0.243995
31,0.2938534778012685,37.0,0.08905,0.243971
32,0.28721216363636365,37.0,0.07682,0.26479
33,0.2905852300211416,37.0,0.06547,0.253457
34,0.29300393615221987,37.0,0.07514,0.240035
35,0.33279143594080335,37.0,0.05915,0.276958
36,0.3186703797040169,37.0,0.07622,0.258855
37,0.26700153446088803,37.0,0.05805,0.233341
38,0.27267201522198736,37.0,0.05928,0.21321
39,0.3466018160676533,37.0,0.0578,0.197974
40,0.29709975771670194,37.0,0.06068,0.244561
41,0.2775206067653277,37.0,0.0621,0.249726
42,0.3527476101479915,37.0,0.0696,0.232191
43,0.27686974672304443,37.0,0.07056,0.26639
44,0.25891082241014796,37.0,0.05641,0.198508
45,0.29520389894291754,37.0,0.05944,0.276651
46,0.31242611035940804,37.0,0.06402,0.273657
47,0.27293872811839326,37.0,0.07021,0.21305
48,0.27920694334038054,37.0,0.06488,0.232667
49,0.33729618308668075,37.0,0.05551,0.283123
50,0.3171744494714588,37.0,0.05885,0.2429
