STAID,name,huc2,aridity,DA_km2,obs_mean,cov,vol_ratio,base_nse,in_base,upstream_gauges
06630000,"N PLATTE RIV AB SEMINOE RESERVOIR, NR SINCLA",10,4.071970780690511,11176.61,31.68285456966105,1.0,1.1487794255175963,0.8094338074631492,True,"06620000 NORTH PLATTE RIVER NEAR NORTHGATE, (3703 km2, cov 1.00)"
06259000,WIND R BL BOYSEN RES WYO,10,3.64695477142814,19954.86,34.24033442238078,1.0,1.0863654543047931,0.36814118622618996,True,"06228000 WIND RIVER AT RIVERTON, WY (5992 km2, cov 1.00); 06235500 LITTLE WIND RIVER NEAR RIVERTON, W (4934 km2, cov 1.00); 06225500 WIND RIVER NEAR CROWHEART, WY (4906 km2, cov 1.00)"
06282000,"SHOSHONE RIVER BELOW BUFFALO BILL RESERVOIR,",10,3.479931592941284,4001.216,26.930150210541907,1.0,0.9730280372226101,0.5856062120379636,True,"06279940 NORTH FORK SHOSHONE RIVER AT WAPIT (1812 km2, cov 1.00); 06281000 SOUTH FORK SHOSHONE RIVER AB BUFFA (1517 km2, cov 1.00); 06280300 SOUTH FORK SHOSHONE RIVER NEAR VAL (794 km2, cov 1.00)"
06725450,"ST. VRAIN CREEK BELOW LONGMONT, CO.",10,3.442325063002737,1089.185,2.9895579137056276,1.0,1.573406914575149,0.2985899720859766,True,
06281000,SOUTH FORK SHOSHONE RIVER AB BUFFALO BILL RE,10,2.9688588034008574,1516.756,9.725668063343631,1.0,1.046406753030429,0.8051100821654875,True,"06280300 SOUTH FORK SHOSHONE RIVER NEAR VAL (794 km2, cov 1.00)"
06635000,"MEDICINE BOW R AB SEMINOE RESERVOIR, NR HANN",10,2.9065537452697754,6060.855,4.317035131318627,1.0,1.2431731704778763,0.7065635563861168,True,"06634620 L MEDICINE BOW R AT BOLES SPRING,  (2703 km2, cov 1.00)"
07124410,"PURGATOIRE RIVER BELOW TRINIDAD LAKE, CO.",11,2.844776076862863,1740.91,2.0301268508064774,1.0,0.6967426239582182,0.4331233817656266,True,"07124200 PURGATOIRE RIVER AT MADRID, CO. (1307 km2, cov 1.00)"
08317950,"GALISTEO CREEK BELOW GALISTEO DAM, NM",13,4.515936374664307,1536.176,0.10613414699233899,1.0,1.309142715871207,-0.08684301057143196,True,
08395500,"PECOS RIVER NEAR LAKE ARTHUR, NM",13,4.489265490353592,44705.07,4.968214340667086,1.0,1.1828775645426193,-1.2702580464628768,True,"08386000 PECOS RIVER NEAR ACME, NM (32976 km2, cov 1.00)"
08390800,"RIO HONDO BLW DIAMOND A DAM NR ROSWELL, NM",13,4.39749678776182,2497.768,0.12654963452064497,1.0,7.955506867702634,-43.96311090444475,True,"08390500 RIO HONDO AT DIAMOND A RANCH NR RO (2449 km2, cov 1.00); 08387000 RIO RUIDOSO AT HOLLYWOOD, NM (311 km2, cov 1.00)"
08384500,"PECOS RIVER BELOW SUMNER DAM, NM",13,3.981429565886748,11624.61,4.609554807362764,1.0,0.8843191035750404,-0.14377416735936976,True,"08383500 PECOS RIVER NEAR PUERTO DE LUNA, N (10463 km2, cov 1.00); 08382830 PECOS RIVER BELOW SANTA ROSA DAM,  (6839 km2, cov 1.00); 08382650 PECOS RIVER ABOVE SANTA ROSA LAKE, (6453 km2, cov 1.00)"
08287000,"RIO CHAMA BELOW ABIQUIU DAM, NM",13,3.8910631386395695,5561.557,12.997505255936924,1.0,1.1745215621950018,0.08795615297382908,True,"08286500 RIO CHAMA ABOVE ABIQUIU RESERVOIR, (4147 km2, cov 1.00); 08220000 RIO GRANDE NEAR DEL NORTE, CO. (3398 km2, cov 1.00); 08285500 RIO CHAMA BELOW EL VADO DAM, NM (2248 km2, cov 1.00)"
08382830,"PECOS RIVER BELOW SANTA ROSA DAM, NM",13,3.801833201592296,6839.237,2.3820883884369133,1.0,1.7017434065159691,-0.2454938135131277,True,"08382650 PECOS RIVER ABOVE SANTA ROSA LAKE, (6453 km2, cov 1.00); 08379500 PECOS RIVER NEAR ANTON CHICO, NM (2702 km2, cov 1.00)"
08382650,"PECOS RIVER ABOVE SANTA ROSA LAKE, NM",13,3.69265163011144,6453.274,2.7997048072548196,1.0,1.4478989147487071,0.38710463472379686,True,"08379500 PECOS RIVER NEAR ANTON CHICO, NM (2702 km2, cov 1.00)"
08276300,"RIO PUEBLO DE TAOS BELOW LOS CORDOVAS, NM",13,3.387455605116928,995.1879,1.2196014719567712,1.0,1.9395089003116024,-0.08889286546841668,True,"08275500 RIO GRANDE DEL RANCHO NEAR TALPA,  (208 km2, cov 1.00); 08269000 RIO PUEBLO DE TAOS NEAR TAOS, NM (163 km2, cov 1.00); 08377900 RIO MORA NEAR TERRERO, NM (139 km2, cov 1.00)"
08285500,"RIO CHAMA BELOW EL VADO DAM, NM",13,3.200600746297461,2247.896,11.801717635325042,1.0,1.1652983044656593,0.11113321167028134,True,"08284100 RIO CHAMA NEAR LA PUENTE, NM (1224 km2, cov 1.00); 08334000 RIO PUERCO ABV ARROYO CHICO NR GUA (1097 km2, cov 1.00); 08289000 RIO OJO CALIENTE AT LA MADERA, NM (1067 km2, cov 1.00)"
08286500,"RIO CHAMA ABOVE ABIQUIU RESERVOIR, NM",13,2.997634204510316,4146.737,12.240567062733426,1.0,1.2047689435391233,0.14689631091831246,True,"08220000 RIO GRANDE NEAR DEL NORTE, CO. (3398 km2, cov 1.00); 08285500 RIO CHAMA BELOW EL VADO DAM, NM (2248 km2, cov 1.00); 08284100 RIO CHAMA NEAR LA PUENTE, NM (1224 km2, cov 1.00)"
08276500,RIO GRANDE BLW TAOS JUNCTION BRIDGE NEAR TAO,13,2.8618061361600406,16910.6,17.946416734234873,1.0,1.784814093773631,-1.3016042014480877,True,"08290000 RIO CHAMA NEAR CHAMITA, NM (7958 km2, cov 1.00); 08287000 RIO CHAMA BELOW ABIQUIU DAM, NM (5562 km2, cov 1.00); 08286500 RIO CHAMA ABOVE ABIQUIU RESERVOIR, (4147 km2, cov 1.00)"
08266820,"RED RIVER BELOW FISH HATCHERY, NEAR QUESTA, ",13,2.5955216145572075,465.3193,1.8748052477684307,1.0,1.1235000051718633,0.6830259554530482,True,"08265000 RED RIVER NEAR QUESTA, NM (290 km2, cov 1.00)"
09211200,"GREEN RIVER BELOW FONTENELLE RESERVOIR, WY",14,5.039178606025681,10861.65,38.85227238128907,1.0,1.1291474817835532,0.6042366457095885,True,"09209400 GREEN RIVER NEAR LA BARGE, WY (9895 km2, cov 1.00)"
09306290,"WHITE RIVER BELOW BOISE CREEK, NEAR RANGELY,",14,3.8209432116689137,6559.255,18.71944780279237,1.0,1.004443802318593,0.8621320859609236,True,"09304800 WHITE RIVER BELOW MEEKER, CO (2656 km2, cov 1.00); 09304500 WHITE RIVER NEAR MEEKER, CO. (1940 km2, cov 1.00); 09306222 PICEANCE CREEK AT WHITE RIVER, CO (1689 km2, cov 1.00)"
09124500,"LAKE FORK AT GATEVIEW, CO.",14,2.947804772766412,879.2001,6.2590319722602565,1.0,1.0023727624698948,0.8509976148791917,True,
09070000,"EAGLE RIVER BELOW GYPSUM, CO.",14,2.881489904001144,2461.667,16.017549076726954,1.0,1.0484037752002564,0.8649069656852533,True,"09064600 EAGLE RIVER NEAR MINTURN, CO (479 km2, cov 1.00)"
09118450,"COCHETOPA CREEK BELOW ROCK CREEK NR PARLIN, ",14,2.8240686485240625,864.4563,0.9804835922867848,1.0,1.3459493676360192,-0.6170756509680753,True,
09247600,"YAMPA RIVER BELOW CRAIG, CO.",14,2.644698015934945,5503.889,36.59487416977031,1.0,1.0585814230686132,0.9112206778472384,True,"09239500 YAMPA RIVER AT STEAMBOAT SPRINGS,  (1460 km2, cov 1.00); 09237500 YAMPA RIVER BELOW STAGECOACH RESER (583 km2, cov 1.00)"
09038500,"WILLIAMS FORK BELOW WILLIAMS FORK RESERVOIR,",14,2.5807324703384493,595.1547,3.934623237241683,1.0,1.0093617453445791,0.2484818830498723,True,"09037500 WILLIAMS FORK NEAR PARSHALL, CO. (479 km2, cov 1.00); 09036000 WILLIAMS FORK NEAR LEAL, CO. (232 km2, cov 1.00); 09035700 WILLIAMS FORK ABOVE DARLING CREEK, (92 km2, cov nan)"
09426000,"BILL WILLIAMS RIVER BELOW ALAMO DAM, AZ",15,7.475256679077423,11992.04,2.4762084474438444,1.0,1.2798573449628226,0.1426000164675808,True,
09502000,"SALT RIVER BLW STEWART MOUNTAIN DAM, AZ.",15,5.396782711705483,16022.48,17.65594744354726,1.0,1.5084731625491359,-10.621381535989126,True,"09498500 SALT RIVER NEAR ROOSEVELT, AZ. (11103 km2, cov 1.00); 09497500 SALT RIVER NEAR CHRYSOTILE, AZ. (7331 km2, cov 1.00)"
09386030,LITTLE COLORADO RIVER AB ZION RES NR ST. JOH,15,5.375543478915566,2595.02,0.0272121398851988,1.0,0.5348906514868785,-0.20609084250839493,True,"09384000 LITTLE COLORADO R ABV LYMAN LAKE N (1962 km2, cov 1.00)"
09432000,"GILA RIVER BELOW BLUE CREEK, NEAR VIRDEN, NM",15,4.743542351341773,8282.21,5.845466941550202,1.0,1.1443623234715952,0.5811886415651644,True,"09431500 GILA RIVER NEAR REDROCK, NM (7318 km2, cov 1.00); 09430500 GILA RIVER NEAR GILA, NM (4805 km2, cov 1.00)"
09384000,LITTLE COLORADO R ABV LYMAN LAKE NR ST. JOHN,15,4.539389610290527,1961.768,0.36667232570967373,1.0,1.3569391994685571,0.16650939690941824,True,
09512280,CAVE CREEK BLW COTTONWOOD CR NEAR CAVE CREEK,15,4.352757406452973,188.7093,0.1456480476896817,1.0,1.2979812323110147,0.41094934555345397,True,
09469500,"GILA RIVER BELOW COOLIDGE DAM, AZ.",15,4.1377322076561445,33546.0,8.306273624531874,1.0,1.7301641291977423,-32.075551959752055,True,"09466500 GILA RIVER AT CALVA, AZ. (29893 km2, cov 1.00); 09448500 GILA RIVER AT HEAD OF SAFFORD VALL (20424 km2, cov 1.00)"
09386950,"ZUNI RIVER ABV BLACK ROCK RESERVOIR, NM",15,3.980206395557949,2161.84,0.029230752000924308,1.0,10.147898980193151,-11.446083082763332,True,
09510000,"VERDE RIVER BLW BARTLETT DAM, AZ.",15,3.932299603788629,15081.04,13.001046027465335,1.0,0.8799968677594026,-0.7842728720379155,True,"09506000 VERDE RIVER NEAR CAMP VERDE, AZ (12097 km2, cov 1.00); 09503700 VERDE RIVER NEAR PAULDEN, AZ. (6511 km2, cov 1.00)"
09498400,"PINAL CREEK AT INSPIRATION DAM, NR GLOBE, AZ",15,3.599650146432424,505.7451,0.1741974179986606,1.0,0.5721053347424759,0.7318215146295672,True,
09409100,"SANTA CLARA RIVER ABV BAKER RES, NR CENTRAL,",15,3.033854494238258,284.1237,0.24893738716634387,1.0,1.3827064633246464,0.6153046036579379,True,"09408400 SANTA CLARA RIVER NEAR PINE VALLEY (49 km2, cov nan)"
09489500,"BLACK RIVER BLW PUMPING PLANT, NR POINT OF P",15,2.5658255066982534,1439.507,4.132195318228225,1.0,1.3411963029009653,0.6735670182882325,True,
10312150,CARSON RIVER BLW LAHONTAN RESERVOIR NR FALLO,16,11.396081155103577,4489.49,12.548851639288971,1.0,0.6685258255143844,0.10428044557516003,True,"10312000 CARSON RIVER NEAR FORT CHURCHILL,  (3801 km2, cov 1.00); 10311000 CARSON RIVER NEAR CARSON CITY, NV (2295 km2, cov 1.00); 10309000 EAST FORK CARSON RIVER NEAR GARDNE (925 km2, cov 1.00)"
10351600,"TRUCKEE R BL DERBY DAM NR WADSWORTH, NV",16,6.908374942831848,4132.66,16.35914290656267,1.0,1.3493013720250147,0.7095132557076058,True,"10350000 TRUCKEE R AT VISTA, NV (3698 km2, cov 1.00); 10348200 TRUCKEE R NR SPARKS, NV (2763 km2, cov 1.00); 10348000 TRUCKEE R AT RENO,NV (2724 km2, cov 1.00)"
10353800,"SMOKE CK BLW RESERVOIR NR SMOKE CK, NV",16,4.998126693334892,579.9627,0.29351988624770153,1.0,0.8152729110412673,-1.090439551407829,True,
10217000,"SEVIER RIVER BLW SAN PITCH RIVER, NR GUNNISO",16,4.407319945715815,12851.65,6.611239941026808,1.0,1.436647386212352,-0.09900241427830458,True,"10189000 EAST FORK SEVIER RIVER NEAR KINGST (3119 km2, cov 1.00); 10183500 SEVIER RIVER NEAR KINGSTON, UT (2890 km2, cov 1.00)"
10020100,"BEAR RIVER ABOVE RESERVOIR, NEAR WOODRUFF, U",16,3.387264211003373,1955.137,5.191619105347873,1.0,1.2296106635519586,0.7923065678143089,True,"10011500 BEAR RIVER NEAR UTAH-WYOMING STATE (446 km2, cov 1.00)"
10020300,"BEAR RIVER BELOW RESERVOIR, NEAR WOODRUFF, U",16,3.09687227589069,2039.566,5.3593914666738165,1.0,1.1919028107001997,0.7230206586552796,True,"10020100 BEAR RIVER ABOVE RESERVOIR, NEAR W (1955 km2, cov 1.00); 10011500 BEAR RIVER NEAR UTAH-WYOMING STATE (446 km2, cov 1.00)"
10171000,"JORDAN RIVER @ 1700 SOUTH @ SALT LAKE CITY, ",16,2.900672912597656,9095.535,3.428429504799014,1.0,2.4248612314077747,-46.0015492885967,True,
12467000,"CRAB CREEK NEAR MOSES LAKE, WA",17,5.32697104898636,5347.965,1.562070506463566,1.0,0.590491510453833,0.07715497357768175,True,"12465000 CRAB CREEK AT IRBY, WA (2707 km2, cov 1.00)"
13215000,MALHEUR R BE WARMSPRINGS RES NR RIVERSIDE OR,17,4.632560559090852,2786.962,5.432769720595937,1.0,0.9997362852219086,0.31590273185329065,True,"13217500 NORTH FORK MALHEUR RIVER AT BEULAH (1157 km2, cov 1.00)"
13183000,OWYHEE RIVER BELOW OWYHEE DAM OR,17,4.558186172006605,28159.19,9.353822531843896,1.0,1.9607678657677632,-0.1514655160895042,True,"13181000 OWYHEE RIVER NR ROME OR (19916 km2, cov 1.00)"
14087400,"CROOKED RIVER BELOW OPAL SPRINGS, NEAR CULVE",17,3.7206298580502217,11810.18,43.0435515875624,1.0,1.1877425898078748,0.2600798227380692,True,
13142500,BIG WOOD RIVER BL MAGIC DAM NR RICHFIELD ID,17,3.4602744724880647,3981.529,12.316602350528967,1.0,1.053126570110153,0.5548454545367105,True,"13132500 BIG LOST RIVER NR ARCO ID (3869 km2, cov 1.00); 13127000 BIG LOST RIVER BL MACKAY RES NR MA (1980 km2, cov 1.00); 13120500 BIG LOST RIVER AT HOWELL RANCH NR  (1144 km2, cov 1.00)"
13127000,BIG LOST RIVER BL MACKAY RES NR MACKAY ID,17,2.967900128206931,1979.611,7.755765819249307,1.0,0.3481892169682964,0.21699130568978997,True,"13120500 BIG LOST RIVER AT HOWELL RANCH NR  (1144 km2, cov 1.00); 13120000 NF BIG LOST RIVER AT WILD HORSE NR (297 km2, cov 1.00)"
14096850,"BEAVER CREEK, BLW QUARTZ CR, NR SIMNASHO, OR",17,2.7409988135046848,374.6232,2.509092263876032,1.0,1.1534210804511296,0.47983851672111455,True,
14034470,"WILLOW CREEK ABV WILLOW CR LAKE, NR HEPPNER,",17,2.517076529593134,176.229,0.5212415857686331,1.0,1.0336059396183255,0.6878080096275211,True,
10260950,WF MOJAVE R AB MOJAVE R FORKS RES NR HESPERI,18,6.248732089996338,175.0671,0.7636957753026405,1.0,0.4272942360450351,0.43287740900519467,True,
11074000,SANTA ANA R BL PRADO DAM CA,18,4.4376964615612495,3726.514,10.003913020321782,1.0,0.5283206497168716,-0.011639286589594011,True,"11066460 SANTA ANA R A MWD CROSSING CA (2136 km2, cov 1.00); 11044300 SANTA MARGARITA R A FPUD SUMP NR F (1604 km2, cov 1.00); 11044000 SANTA MARGARITA R NR TEMECULA CA (1520 km2, cov 1.00)"
11149400,NACIMIENTO R BL NACIMIENTO DAM NR BRADLEY CA,18,4.372736317316691,851.3712,7.879296383201575,1.0,0.5395194830412177,0.13753794306178313,True,"11148900 NACIMIENTO R BL SAPAQUE C NR BRYSO (403 km2, cov 1.00)"
11075720,CARBON C BL CARBON CYN DAM CA,18,3.7408666575208622,50.4414,,,,,False,
11289650,TUOLUMNE R BL LAGRANGE DAM NR LAGRANGE CA,18,3.521120463209973,3983.72,32.28398366920007,1.0,1.1157653703775345,0.5725792057729713,True,"11276900 TUOLUMNE R BL EARLY INTAKE NR MATH (1255 km2, cov 1.00); 11276500 TUOLUMNE R NR HETCH HETCHY CA (1179 km2, cov 1.00)"
11089500,FULLERTON C BL FULLERTON DAM NR BREA CA,18,3.5130453443331,13.1148,,,,,False,
11087020,SAN GABRIEL R AB WHITTIER NARROWS DAM CA,18,3.4856241633584197,1130.03,5.51259553238007,1.0,0.4454491266654784,0.6486229503472222,True,"11023000 SAN DIEGO R A FASHION VALLEY AT SA (1111 km2, cov 1.00); 11022480 SAN DIEGO R A MAST RD NR SANTEE CA (954 km2, cov 1.00); 11059300 SANTA ANA R A E ST NR SAN BERNARDI (946 km2, cov 1.00)"
11088500,BREA C BL BREA DAM NR FULLERTON CA,18,3.362869734641833,59.9148,,,,,False,"11089500 FULLERTON C BL FULLERTON DAM NR BR (13 km2, cov nan)"
11102300,RIO HONDO BL WHITTIER NARROWS DAM CA,18,3.360815058316535,326.5812,3.67645066632593,1.0,0.3681887107899661,0.5290559066533449,True,"11101250 RIO HONDO AB WHITTIER NARROWS DAM  (237 km2, cov 1.00)"
11270900,MERCED R BL MERCED FALLS DAM NR SNELL CA,18,3.2045126493459155,2749.327,39.521125689717316,1.0,1.1975430740016173,0.37963863223697836,True,"11266500 MERCED R A POHONO BRIDGE NR YOSEMI (833 km2, cov 1.00); 11264500 MERCED R A HAPPY ISLES BRIDGE NR Y (468 km2, cov 1.00)"
11109800,PIRU CREEK BELOW SANTA FELICIA DAM CA,18,3.0632010370130964,1093.333,1.6587550383848435,1.0,0.6907161081506745,-0.19699461105713278,True,"11109600 PIRU CREEK ABOVE LAKE PIRU CA (964 km2, cov 1.00)"
11097000,BIG TUJUNGA C BL HANSEN DAM CA,18,3.032764198128567,395.8578,0.7909931381362371,1.0,0.7449036402936035,0.6784349330783925,True,"10263500 BIG ROCK C NR VALYERMO CA (59 km2, cov nan)"
11101250,RIO HONDO AB WHITTIER NARROWS DAM CA,18,2.821892847509488,237.2832,1.533815672030874,1.0,0.5940001412680974,0.6161626599364964,True,
11302000,STANISLAUS R BL GOODWIN DAM NR KNIGHTS FERRY,18,2.5556351790531617,2539.589,24.349321211835594,1.0,1.154276019020799,0.2595063992725044,True,"11292900 MF STANISLAUS R BL BEARDSLEY DAM C (813 km2, cov 1.00); 11292700 MF STANISLAUS R A HELLS HALF ACRE  (737 km2, cov 1.00); 11295270 NF STANISLAUS R BL MCKAYS POINT DA (430 km2, cov 1.00)"
