COMID,T_days,c1s,c1c,c2s,c2c,inflow_mean_m3s,year_completed,STAID,Ibar_offline_m3s,c1s_offline,c1c_offline,c2s_offline,c2c_offline
71045424,0.36474529015972057,-0.04787748183041097,0.08980254399267952,0.10794901006109581,0.012779271055079403,5.91721,1919,05014500,2.9846119264418474,-0.09492058640919124,0.1780400683355899,0.21401675580152257,0.025335833382524594
72040348,0.05000000000000001,-0.0024983959864089754,0.06679418683520323,0.012638714357072214,-0.02085315195271046,1.71414,1938,04034500,1.7145405344934954,-0.0024978123351328254,0.06677858301875547,0.012635761822004305,-0.0208482804396216
72046118,0.05000000000000001,-0.09601822500252713,-0.0631615729395219,-0.06509038560224088,0.0004509275122118602,40.1904,1912,04063500,31.926655839447626,-0.12087112692126956,-0.07951001488643479,-0.08193807226988174,0.0005676434505992751
72046134,0.908530229087587,-0.021883057329774577,-0.09470544517341191,-0.19412661994481273,-0.2106227269690126,22.3055,1941,04062500,16.79654711761089,-0.029060290299636006,-0.12576705751033018,-0.2577965156087941,-0.2797030367915017
72051590,0.05000000000000001,0.017342616526254535,-0.03816183009137224,0.008892257461894478,-0.017578565444032558,37.8879,1937,04292500,36.16848434765196,0.01816706816822243,-0.03997600752138698,0.009314986999514226,-0.018414233875138828
72051591,0.05000000000000001,0.0005981718386477765,0.038819690755885775,0.03968305918736474,-0.08437545121564866,38.7592,1934,04266500,38.6168236159033,0.0006003772386646767,0.03896281509093075,0.039829366675862204,-0.08468653510411389
72052366,0.23321043418525736,-0.00997574839399096,-0.14642954268282088,-0.06947457180330258,-0.09312040425863471,7.06868,1938,04289000,6.94263497685422,-0.010156860240056471,-0.1490880023538556,-0.07073589751611692,-0.09481102511789849
72052452,0.08468430066061924,-0.06726179822115948,0.033921948385002676,0.05380576126718333,0.0009816142595461127,4.16883,1935,04285500,3.7547966333352525,-0.07467861236182163,0.03766244883420941,0.05973880709065936,0.0010898547573237488
72055238,0.05000000000000001,0.029076576293189965,0.004884894667614273,0.07038480365925344,-0.04664244517161656,6.41391,1880,04232482,4.7436388196720225,0.03931465917667576,0.0066049031025773,0.09516782647236517,-0.06306560361848275
72055781,1.6569120813044462,0.09323376595545034,-0.11835339870418995,0.04869831051752844,-0.03544409448986953,3.51552,1946,04170500,3.41625771968427,0.09594275250463154,-0.12179225759671532,0.05011328144365053,-0.03647395287043568
72056123,0.1728154782187517,-0.04855042509248844,0.12925545556393342,0.0035843024446304736,0.014097371548574978,4.24905,1949,04240010,4.206539859340888,-0.049041062402190486,0.1305616758258856,0.0036205244242576724,0.014239835727565927
72056197,2.2078247832078266,0.055640761416563954,-0.047588582917498186,-0.11825491781492341,-0.005711802045916427,1.4279,1956,04240180,1.197573384124136,0.06634202486457083,-0.056741188847974626,-0.14099862220253395,-0.00681034018414579
73000610,1.5322614427002748,0.002217051547612839,-0.08816204824982052,-0.1330370747300226,-0.008010427387754987,64.0286,1887,01053500,64.04180127989875,0.002216594534889195,-0.08814387493407778,-0.13300965108444546,-0.008008776155404539
73000670,0.11174120992772914,0.0888330100258958,0.008939696504333723,0.01742212331273613,-0.060976533136180205,14.2469,1965,01022500,13.932209694696859,0.09083950344356859,0.009141619665405368,0.017815641169878403,-0.06235382534247363
73000706,1.2421992407815394,0.08683804844378273,-0.024119246822846354,-0.35041987253304974,0.1331001250988245,12.002,1836,01019000,11.787616470729793,0.0884173878587139,-0.024557907961004415,-0.3567930226254874,0.13552084133402326
73001690,0.09271780903259756,-0.017950460997308338,-0.02088189768579691,0.022876255578241758,-0.02710138267243332,219.303,1848,01100000,212.72450028695073,-0.018505578543056962,-0.02152766983591894,0.023583703195014166,-0.027939492236180537
73001748,1.9184531245213188,0.08257168923492153,-0.06714894052142226,-0.06763336283884966,-0.08438064455092277,152.259,1903,01327750,151.22568587083825,0.08313589559089779,-0.06760776435547838,-0.0680954966954208,-0.08495721136720233
73001864,13.753968521210274,0.2960377489254185,-0.13374594009952182,-0.1330927794580896,-0.23573327074696745,63.6301,1930,01325000,63.54026366605815,0.296456301580655,-0.13393503665413,-0.13328095254222228,-0.2360665619801189
73002031,6.219467422882285,0.15028048312229364,-0.14163831701168456,-0.12100062604746002,0.05584376797822109,9.08956,1898,01315000,8.921330159315062,0.15311432754708737,-0.14430919580220652,-0.12328233916414003,0.05689681590072328
73002079,0.05000000000000001,0.08176305407099291,-0.043211687907434466,-0.10005306390851375,0.0042217735202249446,10.2767,1912,01336000,9.90612998903551,0.08482165878111826,-0.04482815727330952,-0.10379586407675773,0.004379702263478966
73003122,0.05000000000000001,0.04826769649688404,-0.06929936926758984,0.04517958320742543,-0.07038350557807665,76.613,1919,01205500,75.94027078623719,0.048695283720083346,-0.06991326897744041,0.045579813877853474,-0.07100700928538752
73003252,5.241366456193768,0.17129770879649006,-0.04676066644024377,0.03150577684534959,-0.02626454485779256,14.0361,1969,01547500,12.671800703136682,0.18974033973271526,-0.05179511622680751,0.03489782113362531,-0.029092296092315343
73003347,0.8546203978629255,0.14407448983838544,0.5903087371752689,-0.38043353801179347,0.12788892396795415,15.9403,1964,01425000,12.66484975167052,0.18133579437591751,0.7429774965908127,-0.47882326635335787,0.16096423208317062
73003424,0.30545453290301977,0.13816979540227434,-0.09041201105183003,-0.031670363619585064,-0.058468555232025106,13.1188,1906,01375000,13.491793192477415,0.1343499626820559,-0.08791248677366897,-0.030794806911528194,-0.0568521375502232
73003431,16.42880184009182,0.4660348623968717,0.2053669708156981,-0.16617808795504416,0.025122400451056404,11.3278,1954,01417000,11.221702078609981,0.47044108614521385,0.20730865564862938,-0.16774925332631213,0.025359925422715153
73003440,0.9324677377445751,-0.08459494677459971,-0.07509995858348631,0.0049100747221050975,0.09115339293975187,8.83481,1980,01520000,8.097464881027658,-0.09229805781125541,-0.08193846776014246,0.005357180042514242,0.09945370795802017
73003466,1.494355159718089,-0.22980259926559654,-0.08759471528566473,0.012973960818593205,0.08445478496285365,11.0972,1978,01518000,11.07641683969562,-0.23023378782847043,-0.08775907304106034,0.012998304422791021,0.08461325113108818
73003590,0.9291637565751181,-0.027391008009038972,-0.03517487178398091,0.03182188768312278,-0.00023708095978915316,5.91768,1960,01206900,5.377776216897602,-0.030140938138262463,-0.03870626572459172,0.035016657575479705,-0.00026088278826418666
73003600,8.801099811391584,0.14032563938644446,-0.004816353901216583,-0.10288928122464934,-0.09781727409095503,8.01465,1969,01186000,8.0339229120461,0.13998900636975808,-0.004804799749385993,-0.10264245584566097,-0.09758261616097694
73003736,0.05000000000000001,-0.02324417742088766,-0.023667607533189052,0.028947921010149782,0.027370297578738653,3.16631,1960,01429500,2.9449917637957252,-0.024990993969596663,-0.02544624515751612,0.03112337796677284,0.029427195006765803
73003743,1.1085629785733266,0.3338085188818201,0.006633863608825703,-0.1599112289494773,-0.1216050435496033,3.38305,1953,01436000,3.062646038660806,0.3687304688650678,0.007327876613404284,-0.17664061607788184,-0.1343269634777564
73003758,3.0748354815334404,-0.13126065970747566,-0.038468275488226636,0.06978684928281575,0.05613726636332538,2.65593,1958,01172500,2.5849394247676507,-0.13486549069451087,-0.03952473544970181,0.07170341588657114,0.05767897244468251
73003804,1.0128747224199885,-0.030797519685941712,-0.0431740813195065,0.02076726113545508,0.007530592059434909,3.67535,1960,01534300,1.9434246486841396,-0.05824340246706558,-0.08164960750347985,0.039274459787198096,0.014241643762408853
73005190,0.05000000000000001,0.08053993507951794,0.04099278949453495,-0.009152252527148718,0.040328026874444985,4.16606,1922,01378500,3.971485686803075,0.08448581422623011,0.04300114215923908,-0.00960064725650459,0.04230381093877047
73005222,0.05000000000000001,0.0005963643257239329,-0.009606407718114142,0.036132308491816645,-0.01752297823845602,5.91916,1905,01381000,5.067510690409831,0.0006965897218396573,-0.011220867163904066,0.042204728948509546,-0.020467901935802515
73005301,0.6626374286861297,-0.044491634957644806,0.007138172762150173,-0.021165398622451443,0.02451396624169312,33.006,1973,01563200,31.090309315402667,-0.04723307473446425,0.007578005345569435,-0.022469546373620072,0.026024442586438896
73005384,1.1462713703703022,-0.04913245246613498,-0.04376872834302945,-0.018944296137374073,-0.037655158390682904,18.9335,1965,01541200,18.959059684087773,-0.04906621447836463,-0.04370972146779342,-0.01891875635678343,-0.0376043935337344
73005452,0.42148419204977333,0.09770131043415575,-0.0368831687465573,0.01884954919351425,-0.018306391123072956,7.91808,1977,01470960,7.815124271718413,0.09898841851076245,-0.037369064218926995,0.019097871420714244,-0.01854755783581534
73005518,1.9880200572719866,0.07336483376419303,0.0327444800489473,-0.010510739063430703,0.0012610326668280511,5.52559,1969,01449800,4.780543299550355,0.08479872817744726,0.03784770060145271,-0.01214883560765253,0.0014575643513476382
73005671,0.05000000000000001,0.10068327441193632,-0.03512917523634894,-0.053175539040968736,0.07745252563970703,2.71513,1942,01574500,2.1023031547100683,0.1300327111442599,-0.04536942131574841,-0.0686763471732586,0.10003013859775121
73005744,0.10638956812967715,0.40747306556526613,0.2973787821025374,-0.17829626781616595,0.12194155792849379,1.70138,1964,01396800,1.7018728166906494,0.40735507230176765,0.2972926691886769,-0.17824463800235227,0.12190624692614298
73006655,1.0833961940464119,0.09468655289417316,-0.006331355863294834,0.009348559955152316,-0.05703524024912916,4.92332,1952,01597500,4.5976593219624124,0.1013933758354164,-0.006779817460588169,0.010010735675551382,-0.06107515136712825
73006954,1.122380850792628,0.0791016358897078,0.0419968595822289,-0.014153595830653995,0.0664717229856741,3.41543,1953,01592500,3.050713017403103,0.08855834643429084,0.04701764253296826,-0.01584567788976761,0.07441850988337739
73007024,2.69495403229045,0.17441523082786767,0.021864101019862688,-0.05167690734212115,0.07975360076202491,2.18976,1943,01591610,2.211294457052772,0.17271670656049443,0.021651179785918462,-0.05117365724884222,0.0789769287611812
73007996,1.838336352232384,-0.07047459722807752,0.28251980575819613,-0.244364903565403,0.015447728035757018,11.9021,1978,02011800,11.68952833231548,-0.071756163279015,0.28765737029943633,-0.24880862906037132,0.01572864179182534
73008005,0.2337372966079142,0.09966235429700607,-0.08680109376213868,-0.28515823363850845,-0.03524138616077502,5.72592,1963,02077303,4.966284703440195,0.11490655526071876,-0.10007805602651357,-0.3287756000022223,-0.040631854574491755
73008074,0.9751153620442061,0.03207822360921928,-0.06808736531831325,0.036720936667293314,-0.03420255693824539,36.6337,1968,02041650,35.61190571811085,0.032998627749242386,-0.07004096143029466,0.03777455180963522,-0.03518391349304819
73008205,2.185598543749955,0.09704232036580933,0.10571503557062817,-0.01733634049617911,0.0011333610873494014,9.32257,1953,02072000,9.389174523229045,0.09635392571886629,0.10496511878881704,-0.01721336070808084,0.001125321299114291
73009358,0.36371766959357077,-0.0736937077844976,-0.06915243024170589,0.02695841453657702,-0.01307542618231114,23.2429,1971,02082506,21.080413561800796,-0.08125340974183329,-0.07624627553690375,0.02972388237997544,-0.014416739136633806
73009720,0.05000000000000001,-0.08055697079327565,-0.04690875978468235,-0.012540304222331903,0.06665279375856033,4.91491,1926,02085500,3.806658232211631,-0.10400993132802122,-0.06056554554922165,-0.016191226757326274,0.08605776053122524
73009785,0.05000000000000001,0.03760191759802027,-0.09344978698018128,-0.0298874016008789,-0.014227704969772426,3.54629,1969,02094500,3.414663691917888,0.03905137266498627,-0.09705203058630121,-0.031039482357822064,-0.014776145591343805
73011192,2.4345046322032315,-0.018599825121552144,-0.09673587041872837,-0.028725409469750964,-0.004978504522776771,155.053,1915,02105769,146.87773856015997,-0.01963509727780005,-0.10212021959945647,-0.03032427485727518,-0.005255609661051047
73011526,9.566413451860933,0.24509553491324143,-0.019107004388761933,0.11241460059758872,-0.0747876853206873,59.7331,,02394000,59.42673315274786,0.24635909328711236,-0.01920550808204037,0.11299413955157546,-0.07517324357283102
73011587,10.123596690765792,0.29046933848860035,0.10581575293866294,-0.06636871836611459,-0.03242726813901839,62.9689,1958,02334430,63.81607686197848,0.2866132740800351,0.10441101823965675,-0.06548765445050372,-0.031996786783607525
73011684,4.908569269283114,0.055786231233957165,0.02072186580028234,0.015540456616080122,0.007192799581669668,32.5179,1974,02382500,31.43918501356618,0.05770032168009198,0.021432857105431934,0.016073667748638314,0.00743959289707571
73014355,0.9510580463907734,0.07015027625572925,-0.014582105024280995,-0.024916559955134015,-0.05355049386992496,266.844,1958,02466030,262.17217261387503,0.07140033257745194,-0.014841953645591849,-0.025360565381056396,-0.05450474718105152
73014378,0.05000000000000001,0.0665371819530999,0.0031230776349120545,-0.040412967184043025,-0.047645846097910075,190.239,1975,02462500,186.28831634063528,0.0679482600209355,0.0031893098711657415,-0.04127001958655924,-0.04865628877790847
73014555,5.433604860239421,0.1472045392613381,0.018483067931973664,-0.02088077944914695,-0.016856955393636856,276.884,1937,02197000,276.77972268937714,0.14725999886407382,0.01849003146455213,-0.02088864632430496,-0.016863306285084603
73017683,0.6121642270095606,0.11514435657780123,-0.03888025733280575,0.00029345870305182674,-0.02092081175045249,312.294,1963,02343801,310.26235782748626,0.1158983382479866,-0.0391348508034047,0.0002953803124961241,-0.02105780420977968
73021698,3.0014127371926964,-0.1444870931506834,0.07725297175338505,-0.19038685329916866,-0.20174354678403522,1.80366,1965,02294491,1.810467584163779,-0.14394380364038967,0.07696249093411311,-0.18967097495986676,-0.20098496585928152
74009437,0.5095575878049232,0.11924181656186893,-0.11745193858058434,-0.03078146356688544,-0.20750222001615298,20.6543,1923,05356000,20.760228069368893,0.11863339090420118,-0.11685264568958609,-0.030624402623378753,-0.20644344987727858
74009856,0.05000000000000001,0.024385988982960884,0.009807536334516663,-0.05893764689766832,0.018635762452506702,53.0957,1951,05360500,51.64160155034459,0.025072637493249016,0.01008369204911155,-0.060597183751820466,0.019160498953250563
74009947,0.05000000000000001,0.005469467930357389,-0.028965924810480225,0.015952855715538544,0.009316845079968208,97.1198,1911,05398000,92.86444519323366,0.0057200969692696516,-0.03029323890919936,0.016683868118719445,0.009743773614483685
74010095,9.439197996979825,0.13971612656694973,-0.18750764476364987,0.06089441746011083,0.18060630503641106,34.141,1915,06038500,34.09792628203908,0.1398926209666548,-0.18774451111555818,0.06097134146250838,0.18083445336956055
74010123,0.37108635595123846,0.020781673352969248,-0.06256519885795107,-0.09789308655985383,-0.12243377672326076,17.6335,1935,05391000,13.590554779632411,0.026963846804750887,-0.08117721843960812,-0.12701451631983135,-0.15885561971944845
74010605,0.12661117297796595,0.011070932032952443,-0.0227345531804852,0.023780824282033267,0.0211864162857607,43.1505,1957,05369000,43.32886215891271,0.011025358822852185,-0.02264096697062086,0.023682931123793598,0.02109920294204324
74010687,2.8543433465793857,0.01437429767406317,-0.13607189016736626,-0.057788714656622664,-0.05441205115726454,5.7081,1937,05292000,5.9412975613084305,0.013810102541851214,-0.1307310311004337,-0.055520491732251015,-0.05227636320278524
74011131,0.417254808078113,0.09667850259889119,0.09258804351451577,-0.044410061395162057,0.048977166507746125,6.00748,1938,06020600,5.863958413347841,0.09904472880823192,0.09485415489756631,-0.04549700676985044,0.05017589271817053
74016679,15.118412249194062,-0.017993078429133672,-0.4075568966401858,0.021071201086729264,0.2237524990743706,40.5386,1952,06259000,40.94714277254601,-0.01781355571642795,-0.40349057080523004,0.02086096695731356,0.22152004864812913
74017042,36.188632662468294,-0.2901447286128555,0.541892874006454,-0.21768280488310926,-0.4286935554972456,8.78158,1938,06225000,8.818187433877911,-0.28894023460007073,0.5396432838607637,-0.21677912610038097,-0.42691389600322516
74017872,1.9024733807728715,0.050696760991255446,0.4298291810114039,-0.06217847313926486,-0.07180985801399374,1.16995,1956,06411500,1.1232072740240868,0.05280652724872521,0.44771669660101215,-0.0647660555016339,-0.07479825436179496
74018904,0.05000000000000001,-0.05482863222813835,0.0989719393753058,0.07024447950268072,0.0523794523029652,0.478833,1947,06409000,0.45248948621995927,-0.05802070380688134,0.10473399292167992,0.0743340472608388,0.05542893492202298
74022953,1.5157658990383078,-0.022135891581265714,0.0025578012447003765,0.00037235300508902086,0.019506456534776662,164.01,1978,05464500,162.31035075231873,-0.022367689807925112,0.002584585519031144,0.0003762521372271625,0.019710720366507596
74023756,0.05000000000000001,0.003296149890770815,-0.035052685181547284,0.030233829374964393,-0.018683487494671434,9.28868,1969,05483600,9.322130512091524,0.0032843223475248055,-0.03492690596530644,0.030125341613098308,-0.018616445714518096
74024793,0.4715337759350038,-0.11950736092565539,-0.08686899012166334,-0.05137997575352652,-0.0682706563850326,11.4672,1979,03014500,11.068313327147967,-0.12381424058942843,-0.0899996281348334,-0.05323163887271862,-0.07073103622556853
74029563,0.6024401870540272,-0.015299723222804708,-0.045949895781554076,-0.028538590361043358,-0.04179450738267399,474.746,1931,03036500,468.59023424106783,-0.015500712286284909,-0.04655352934966867,-0.028913495479664167,-0.04234355253696405
74029837,0.05000000000000001,-0.008831664085856675,0.01660341959679238,-0.0018918169470654878,-0.05386263935201465,54.031,1924,03030500,53.61413023089197,-0.008900333553261173,0.0167325173488945,-0.0019065265262477205,-0.05428144137180915
74030552,0.4555869636195396,-0.16915948816963539,-0.02618685242662592,-0.06301161446146133,-0.026155771197101815,25.52,1924,03221000,24.672871852502315,-0.17496747698834547,-0.02708596218237626,-0.06517508017184488,-0.02705381379761599
74030675,25.641847121917483,0.022299850328643282,-0.11995382511651734,-0.09153392214465889,-0.07613234651996535,13.8697,1969,06903900,13.076977576894125,0.023651660506757773,-0.1272253896923563,-0.09708268080331924,-0.08074746632537662
74031420,0.4402654925843765,0.13178174532323678,0.12457961395750869,0.034571894531506775,0.039742925176566246,5.8053,1956,03228500,5.763514555519935,0.13273716215261155,0.1254828153795271,0.03482254055063297,0.04003106113552731
74031441,1.5273604507289085,0.4327860495426469,0.030383755519110135,0.10815150763103258,-0.012760999676152622,8.35774,1943,03091500,8.01848670016745,0.45109674842124825,0.03166925859551335,0.11272727824931231,-0.013300903452410862
74032667,0.25662929111590926,-0.03058477682932689,-0.05524496871751861,0.027700224954354473,-0.01599658067329418,3.01096,1969,03042280,2.723241722104536,-0.03381614599047153,-0.06108175769323594,0.03062683295851823,-0.017686665180364387
74037334,0.05000000000000001,-0.020684873079501724,-0.0974669538601615,-0.04284991684795977,0.035728553315806114,5.15767,1967,03353500,5.074218028917024,-0.021025062133312254,-0.09906992191725542,-0.043554638245685576,0.0363161548301982
74037394,0.31131889002320934,0.034198930589904114,0.007097421545136586,-0.02154246445399187,-0.018099917087615124,17.3665,1922,03266000,16.43119328661387,0.03614562361538403,0.007501425435974244,-0.022768718157861047,-0.01913021194621011
74037551,0.06606489120698292,0.06279483689580494,-0.017660349916102453,0.0030549500104538273,-0.009092852322587958,20.3051,1922,03270000,19.978183353158137,0.06382239166162468,-0.017949338272779714,0.0031049402420996494,-0.00924164486988725
74037736,14.627738265711969,0.14787371901180277,-0.3086612647250818,-0.12852895879438578,-0.45691843668527754,27.2675,1970,05592000,26.750226045719394,0.15073317983417792,-0.31462990337003055,-0.1310143464932228,-0.4657539510515468
74037925,3.4185327582203744,-0.01837668739259078,0.019265621544877758,0.07476054355474115,-0.04293094002179356,4.35161,1978,06906200,2.4572974596620414,-0.03254314055876255,0.03411734751169919,0.13239289678140573,-0.07602608596434668
74038104,1.673085572775893,0.011458662796212975,-0.0754929352368768,-0.02510347487506804,-0.07146760063985905,15.5841,1951,03225500,9.217281802246777,0.019373710244915614,-0.12763952293812197,-0.042443647833918505,-0.1208336968562837
74038110,2.0800633933134747,0.1876748689921105,-0.1309337409164684,0.09765867363178615,-0.08553904070173056,4.94194,1974,03228805,2.996457325008887,0.30952482931293535,-0.21594390355044107,0.1610646350741664,-0.1410761979746388
74038929,10.890072406275875,-0.1298418209704147,-0.0752858788806685,0.1786174913283517,0.1287046577641091,6.46002,1963,06912500,5.579444597480723,-0.15033409610053866,-0.08716786676335062,0.20680778277679907,0.14901746020109535
74039066,0.05000000000000001,0.03974572559627842,-0.0038936444895983934,0.011647647922439431,-0.022093215016707177,8.40758,1922,03272000,8.23262451910049,0.04059038121239008,-0.003976390209696392,0.011895177715507318,-0.022562728602428996
74040252,0.08796162662653996,0.014334790336998266,-0.012856867825198912,0.05474520832145236,0.0005604573702180726,4.26663,1952,03232500,4.08970532301192,0.01495492747396868,-0.013413068579872485,0.05711353990867413,0.0005847033076046798
74045470,2.5392957957880418,0.0774139154420775,-0.1537709463779182,0.03643658889729435,-0.05981773314530362,320.689,1956,03320000,316.96438977370866,0.07832359700384117,-0.1555778901793799,0.03686475084859407,-0.06052064409610673
74045537,0.3818793961057387,-0.051003532798863285,-0.022871219360295677,0.003995595114871451,0.023693929196991478,159.479,1907,03284000,156.44042299847294,-0.051994185718286616,-0.02331545212196338,0.004073202444171378,0.024154141634121565
74045947,12.837763279255501,0.14786976003168606,-0.32425175240160725,-0.1131331941277906,-0.2675476785243828,69.6744,1966,05593000,67.02794296795969,0.1537080857945553,-0.3370541493169478,-0.11760001981121926,-0.2781112346158382
74046113,20.565860000453068,-3.030582219935662,1.4124620050824706,-1.2291133412366557,2.0609438679805976,2.18049,1976,07124410,2.2027230274305687,-2.9999932549194748,1.398205420794492,-1.2167073735817622,2.0401418783618097
74046746,13.011782445002806,0.005978342090481601,-0.29963713901168054,0.1857904066507325,0.12834531889879425,21.3026,1961,06921350,20.469230320389368,0.006221740056822557,-0.31183635230055917,0.19335454507908473,0.13357067889602242
74047454,1.4312540083979033,0.29436399491688087,-0.07800814020094936,0.08005123006583559,-0.03916000367510171,7.88578,1963,03209000,7.687503891556878,0.3019562313828672,-0.0800201262349229,0.08211591147574958,-0.040170018531008995
74054789,11.606848441848605,-0.006089288431052206,-0.15876386460027567,-0.023724269911549196,0.119662429916327,57.85,1952,07198000,54.46150105368117,-0.0064681532627819446,-0.168641873423082,-0.025200352319160957,0.12710761614587582
74055277,0.05000000000000001,0.04624304662187176,-0.023149433391181064,-0.050801237476337247,0.015974904112319475,24.5015,1931,07195500,22.370141368644923,0.05064894263001361,-0.02535504058231085,-0.055641423963959304,0.017496944103205965
74056233,0.05000000000000001,-0.37041400292137094,0.4906065545677236,-0.09380267937573948,0.4628649266771596,0.720124,1918,07206000,0.6242446028129233,-0.4273068797675909,0.5659601267027781,-0.10821008364091313,0.5339575880295659
74063292,0.05000000000000001,-0.011891643594076143,-0.028864572901714607,-0.014799185760075861,-0.01638086110248794,11.5319,1942,03504000,5.720734773333975,-0.023971264216223587,-0.058185422228776734,-0.029832309489705403,-0.03302066249047421
74067549,3.363104996523483,-0.0001699426982738789,-0.0014114378900152895,-0.010910285018646234,0.013009956332574858,45.8491,1968,07339000,45.86463483422367,-0.00016988513689451218,-0.001410959821156404,-0.010906589590355781,0.013005549723525984
75000104,0.36900919790854575,-0.20221911169991366,0.0347092132160621,0.009543176377753688,0.08702339982362554,17.5898,1935,08285500,17.596498560684513,-0.20214213178333434,0.034696000259505,0.0095395435217131,0.08699027212366406
75000290,82.37039428464274,-2.1695097966562105,0.2402671653225094,1.670469509486176,2.1695097966562105,3.91014,1951,08245000,2.827695678765772,-3.0,0.3322416414429077,2.3099266646237027,3.0
75000732,267.18291555632806,-2.8029999192912167,-2.0886197212554647,-1.1216713509646261,2.889608635525062,19.4829,1963,08287000,19.512005910415457,-2.7988187056876543,-2.0855041431453554,-1.1199981623644049,2.885298228359983
75000801,187.5881274846792,-3.0066868801257285,-0.5287314567986693,-0.17539842865546437,1.0461217599461725,4.83455,1979,08382830,4.895601388980284,-2.9691915050582933,-0.5221378256448365,-0.1732110941803825,1.0330759293295348
75000868,0.05000000000000001,0.6392099687524404,0.3260046550418138,-0.9184864605130307,-0.8686524977679613,0.10994,1970,08317950,0.10518788474679806,0.668087813856172,0.3407326980818294,-0.9599812916846053,-0.9078959600194516
75001908,81.31030692327742,-3.035422014664765,0.6181223944605603,-2.136204246537745,2.2817188095705934,4.85741,1937,08384500,4.914763082750926,-3.0,0.6109091831128723,-2.1112757002656872,2.2550921735565543
75002278,3.526911685208181,-0.07037118354919877,-0.3841124469139503,-0.13131797188296349,-0.22572851396164237,0.919812,1963,08390800,0.9472725386190932,-0.06833118922365745,-0.37297738888943355,-0.12751118757194574,-0.21918485696498713
75018528,0.050000015133917594,-0.0769467058163263,0.022272847894731666,0.152326765598087,-0.0010530897160091592,3.2033,1980,08177500,2.2169781439025944,-0.11117988845282346,0.03218192017698513,0.22009613833242675,-0.0015216037634696467
77000631,9.937132306747555,-0.21280154815636715,-0.19784373957198742,0.10733577467427641,0.20541023440622957,50.2943,1964,09211200,49.528858167540655,-0.216090281492799,-0.20090130803129502,0.10899459127322166,0.20858473896876056
77000791,1.5887954881592914,0.14095185149409814,-0.12849479710997527,0.07153255281112339,-0.0009540373866032376,38.3095,1921,11507500,36.747030929044804,0.14694506789513603,-0.1339583445364508,0.07457408837217762,-0.000994602675047379
77000926,3.689651305779854,-0.18656842421127137,-0.025676015553084294,0.23150126094529602,0.04197627291753669,8.28054,1962,10020300,8.156466760651444,-0.18940643599153384,-0.02606658986874308,0.2350227748803892,0.042614800886752846
77005963,4.991552341382105,0.096422671779042,0.10843648044570268,0.08643224752400425,-0.047990918363540976,17.4609,1962,11525500,15.238537249990944,0.11048479273610562,0.12425067513717532,0.09903738174034929,-0.05498983351925399
77006016,27.44789986322674,0.5033768532034307,-0.8898070052651017,-0.2116267161337464,0.24295002136676785,10.7696,1913,10337500,9.480727183211222,0.5718092350404984,-1.0107732601854305,-0.24039665291813916,0.27597825562841644
77006280,0.7201757198018376,0.11657203249014723,-0.1033579676004199,-0.10738083961199067,0.05614905521798323,82.8138,1968,11407000,77.1424444844568,0.12514217106741626,-0.11095663502071515,-0.11527526039508923,0.06027701948112258
77006776,8.627896863745326,0.013998491839773624,-0.2494851588675061,-0.16745322184636777,0.20331395360901422,15.1391,1943,09057500,15.269181259258916,0.013879235842001035,-0.24735974408063158,-0.16602665380746065,0.20158188070600033
77007043,28.05244339515608,-0.23259400198097444,0.2940302398432571,0.28464348268336975,-0.14393401703033337,1.07148,1927,11399500,1.0214382398249024,-0.2439891238899538,0.3084352133137872,0.29858858512861153,-0.15098555600786867
77007086,11.43838164167445,-0.22142704289598655,0.15287661609137723,0.20108622014875166,0.0866568878824147,5.02026,1939,10344500,4.593466638916164,-0.24200052242706488,0.16708086093338553,0.21976977017997162,0.09470845053600295
77007153,14.61688198624202,0.09642904627610516,-0.4138735510062258,-0.04120827510408099,0.39328788637676754,4.42248,1959,09038500,4.4563047773665305,0.09569711899893099,-0.4107321184920534,-0.040895491127066294,0.3903027056357167
77007165,0.5037328330323906,-0.1995468608287142,0.26644363776383334,-0.2693973295353698,0.1542260775593875,12.8494,1921,11470500,12.16907344485783,-0.21070276592142267,0.2813394869047565,-0.284458308335259,0.16284827024599702
77007269,14.591064292529857,-0.8791309576948378,-0.48258893013661897,0.9863149955100576,0.13982832327473443,4.61474,1970,10344400,4.239499157230294,-0.956943413656232,-0.5253031919255284,1.0736143807500318,0.1522046196066259
77007339,91.7672572475842,-1.6763906532998507,-0.2870383498340469,-0.12510822489823267,-1.0195886421703262,2.20689,1966,10134500,1.5881075243690783,-2.329571337010499,-0.3988785734875987,-0.173854783891506,-1.4168561914050477
77007516,0.05000000000000001,-0.22301426112163045,-0.5125683621022183,0.09745350981146263,0.09247021186421994,8.37156,1916,11414250,7.537747462105129,-0.24768371150948465,-0.569267784442604,0.10823364787673616,0.10269910616212582
77007594,3.6017027601557676,0.00470458640254885,-0.2459117162945714,-0.022011280599839683,0.19698399075224715,9.60619,1963,09050700,9.686422409535258,0.004665618423765297,-0.24387483531859394,-0.021828961679105505,0.19535237697889304
77007607,0.2030181253196465,-0.0217527674517417,0.3621298394101067,0.05666994907690582,0.07230088550162901,10.4733,1965,11422500,6.517389778979907,-0.03495621208464609,0.581934574379177,0.09106734410475215,0.11618591028059266
77007891,67.21457079166842,-2.6125662166872097,1.1726360543703074,0.37072205776317474,1.8967872734291413,4.87663,1938,09291000,4.246839596427782,-3.0,1.3465335885617113,0.42569875021187975,2.1780737207506746
77008056,0.8967188615409347,-0.12544229476706553,0.11676552483457527,-0.02297351869362608,0.11840561467662636,2.50201,1962,10340500,2.3077668124447377,-0.13600068873408383,0.12659360088546706,-0.02490718438131444,0.12837173599148463
77008189,5.388869859583634,0.2155276573532101,0.2587025725955868,-0.07062806316752017,-0.07015993267017293,6.40202,1959,11462000,6.063083311214905,0.2275760206652867,0.2731644872411509,-0.07457629225106663,-0.07408199246120831
77008597,0.08639803493485033,-0.060871409413417225,-2.965648695425088e-05,0.10328837849485223,0.13790326178352713,3.24179,1924,11400500,3.0245877063339663,-0.06524271916766594,-3.1786184491224486e-05,0.11070574406542107,0.14780639823438405
77008702,0.12814147500584513,-0.37392014529884277,-0.04379454238580781,-0.09436722706811404,-0.26926560543765043,12.3298,1962,11480410,7.947002080125576,-0.5801383416062753,-0.06794737729576643,-0.14641106477300014,-0.4177664770250924
77013378,1.1887767361679713,0.2520028102619023,0.2457428116637639,-0.044567981714200254,-0.14779214379507638,95.7915,1955,11446500,84.93456478729505,0.28421558713648654,0.27715539135853307,-0.050264975526364594,-0.16668397816366715
77013504,5.351076780813719,0.3876044058786792,0.4945955413322667,0.1399291620653812,-0.2880750855229049,11.404,1914,11451000,10.548878034336685,0.41902471810296205,0.534688858378467,0.15127221672289895,-0.3114272688156814
77013533,0.09819789082476757,0.07618487650984719,-0.13486238994783284,-0.09669408900171424,0.029218111631420848,2.04896,1966,11428800,1.4423876771202786,0.10822316846554672,-0.19157654137700253,-0.13735719165079313,0.041505306068504264
77013878,0.3036755679499656,-0.004519460316888355,-0.13079734702259846,-0.006402388511365573,0.049111360090617555,15.2583,1963,11424000,10.831513487122695,-0.006366541613520722,-0.18425358214690898,-0.009019013339097062,0.06918293242782364
77013879,0.05000000000000001,-0.11944242051895845,0.026222853177524885,0.1249347476901998,0.016723689415759538,25.679,1939,11427000,23.3169237557036,-0.13154230586511523,0.02887930902895994,0.13759102270735335,0.018417850699633614
77014029,10.75762017458622,-0.12408701651919243,-0.490262321271423,-0.08071014884892946,0.18737125364927631,47.2355,1977,09128000,43.25783317673578,-0.13549713053922796,-0.535343177773191,-0.0881316505239084,0.20460051282712569
77014034,24.366065906096942,0.17903038605260163,-1.6276672707531858,0.46341573163844835,0.8829270499859779,37.1705,1971,11289650,31.906652109705306,0.20856619308999924,-1.8961941252723329,0.5398684385199836,1.0285892671741959
77014089,26.53802066435722,-0.10623306662883486,0.18612151967834425,-0.0387409144017792,0.030659457049022208,46.2866,1966,11270900,43.14219793634648,-0.11397582174828437,0.1996869131576102,-0.04156453065268306,0.03289405947140417
77014099,123.25541515804487,-0.13411663281545114,-0.8603519243863199,-0.24667592824057025,0.3152429623746195,28.2188,1958,11302000,23.707454187787675,-0.15963799436728232,-1.0240702646334319,-0.29361645618704785,0.375231268452239
77014148,0.05000000000000001,0.06028815479911512,0.22143028841584092,0.20323953090505867,-0.5226242352324266,18.121,1951,11242000,16.50148522119464,0.06620504993766094,0.24316224888834354,0.22318618537440602,-0.5739164468955105
77014215,9.906412576580548,0.2546413053421929,-0.10788957559239912,-0.035393897257335286,0.06875871166427916,27.7696,,11323500,24.527704038535635,0.28829796632089233,-0.12214964570934045,-0.04007200868589647,0.07784674490659593
77014277,0.05000000000000001,0.2008193509718236,0.5358256534032171,0.48899250032461966,-0.3587040719270413,14.8861,1960,11234760,13.474915093600298,0.22185052148650947,0.5919409661374324,0.5402031262178015,-0.396270006009102
77014336,3.1411846952424813,0.23054894655344632,0.5432480004138164,0.029418425031212784,-0.1958705794397881,15.6864,1957,11454000,15.07087587426466,0.2399650176531254,0.5654353140976338,0.030619931201054516,-0.203870318019868
77014363,0.07978637512175843,0.40007218584185933,-0.14338106908184722,-0.04322523315401866,-0.13861308610098058,16.574,1967,11443500,15.166292521264639,0.4372061529768034,-0.1566894371601096,-0.047237320082691325,-0.1514788987365573
77014498,2.7353345688520267,-2.586374833258241,1.2255044770294043,-0.6887803010026042,0.6310063138467934,11.353,1923,11276500,9.78772755832158,-2.999992930638545,1.4214895382826416,-0.7989313873611239,0.7319180717297276
77014845,0.05000283971974083,-0.43009763991472255,-0.08383746339624656,0.4019739891456847,-0.26930366069353096,12.2644,1957,11292900,10.486640661779129,-0.5030104172631393,-0.09805010195729189,0.47011907354151045,-0.31495766115527324
77015232,8.235970548896674,0.04809792534299079,0.03138161885968667,-0.029408136992905155,-0.15786273319146124,1.85251,1956,11277300,1.6038429341871345,0.05555524532849771,0.036247167047702346,-0.03396770762240375,-0.18233848566520044
77015250,19.961208535935352,-0.18552453975574607,0.05976500617059722,-0.05805976136742441,0.21365044337527164,7.70612,1937,09109000,6.882735834115678,-0.20771890724268083,0.0669147153764818,-0.06500547152355185,0.23920952283861502
77015269,1.1706617410901508,-0.1762095462862027,0.13581515282220963,0.036628954236927025,0.1662198361299072,5.00387,1924,10293000,4.725721467364808,-0.18658096302633292,0.14380901909807953,0.03878487687081939,0.1760032742427287
77015290,0.7720628569112579,-0.6789591353345278,-0.15995840921176138,-0.9208357577344634,-1.0028226638242344,1.05628,1968,11176500,0.832591038198082,-0.8613724176316833,-0.20293380631128266,-1.1682330814955915,-1.272247087401694
77015395,0.05000000000000001,-0.07408822332281755,0.17922197219922706,0.17882396791549643,-0.06492220898594248,6.53498,1931,11314500,5.903580464968786,-0.08201210443782883,0.19839011441147475,0.19794954278726673,-0.07186576685055779
77015559,3.310139891897211,0.030956896983036362,0.2116090147398741,-0.1737463499506344,-0.18810422605942512,0.964585,1954,11231600,0.8760061073725025,0.03408715786919118,0.23300623108106489,-0.19131501659253544,-0.2071247145042747
77015560,0.05000000000000001,0.20593013513459282,-0.11542551563295536,0.1389772049003225,-0.11071652669940375,3.4174,1918,11278000,2.6015950063245077,0.2705054561137086,-0.1516205082517212,0.1825575075566242,-0.14543488030332868
77016654,365.0,2.1915886188489466,-2.1915886188489466,-2.1915886188489466,2.1915886188489466,0.591123,1958,11214600,0.43183281304661525,3.0,-3.0,-3.0,3.0
77021829,4.630762876682163,0.8548368802437032,1.3646400757943056,-0.31130879337932377,0.10913239674873691,4.75004,1956,11149400,4.323206274521481,0.9392356313329606,1.4993721173629315,-0.3420445676206366,0.11990712839852828
77027234,0.18603127728179267,0.5513583573030041,0.4809143481266664,0.2796733023793069,-0.31620542893188514,20.173,1939,09510000,18.69571913577924,0.5949250767566108,0.5189147886904689,0.30177226604247465,-0.3411910540330787
77027270,12.71728105805671,-0.0885449574314814,-0.20513195162389947,-1.6156681279283285,0.33934300756541225,5.81572,1968,09426000,5.659223849325745,-0.0909935166983663,-0.21080452469472127,-1.66034666504221,0.3487269577070097
77028005,217.4349270913127,-0.7205472940007864,2.9862386863007813,-2.9862386875322553,1.1655456227993852,1.14414,1955,11109800,1.1388917106510514,-0.7238677507686702,2.999999998762851,-3.0,1.1709167398429492
77028401,0.05000000000000001,-0.07573408734698416,-0.08347847684977908,0.04324727587502107,-0.03954790968291393,1.07967,1940,11097000,1.0971900303546016,-0.07452475854113601,-0.08214548492686544,0.04255669943418399,-0.03891640505843082
77028613,0.05000000051360981,0.0031371943531357726,-0.5532733956456187,0.004106296848566144,-0.4334541576479209,2.86907,1920,11123000,2.506965462072359,0.0035903287615740827,-0.6331878620827838,0.004699407820950515,-0.4960620075933961
77028728,0.05000000000000001,0.5946175293004677,0.06319634983820535,0.0906941188453653,-0.3727864354014956,2.35473,1949,11085000,2.3059837026858943,0.6071871770554362,0.06453226043236579,0.0926113060643069,-0.3806667852901705
78013953,206.73175534476337,0.9438889170555683,0.22072208321015424,-1.352001807404597,-1.9478553887783039,104.706,1953,12362500,104.02603538757427,0.9500586327355652,0.22216482978032412,-1.3608391468412642,-1.9605875161688882
78015577,5.029175236847916,0.11047769167965496,-0.11730944553261556,0.008196234800684758,-0.011184198611945646,189.548,1915,12433000,185.11148304284472,0.11312548070099146,-0.12012096935482747,0.008392671748195184,-0.011452247281744293
78015651,16.776265602184775,0.14539364603205385,-0.210352111527396,0.010719874510308713,-0.046730986978543915,62.9206,1927,12452500,62.529606727561536,0.14630278236648683,-0.21166742861884646,0.010786905138426638,-0.04702319258288472
78015961,0.05000000000000001,0.08506323221613395,-0.03446909209973828,0.0223757665871309,-0.021685148410861062,29.319,1962,12106700,24.781685239660124,0.10063758300640233,-0.040780088258682394,0.02647257820538311,-0.025655513743695468
78016113,4.2405170686656755,0.27528858984343507,-0.17184916123965083,-0.07616577657130126,-0.02251037671349604,10.3411,1914,12116500,9.726420506872644,0.2926859716190987,-0.1827094931829912,-0.08097921651083687,-0.023932962436432927
78017902,7.1317488966888725,0.22958294863765025,-0.060821381512783275,0.0309470645355539,-0.11039030669049678,170.086,1963,14238000,165.48306081349244,0.2359688369916807,-0.06251313847549889,0.03180786234384816,-0.11346083164923532
78018009,1.8152491000525093,0.048832745084650374,-0.04857325444789199,-0.022884453558338663,-0.030872095944950047,35.3256,1945,12086500,34.08065437125678,0.05061657563762064,-0.050347605965324595,-0.02372040876369584,-0.03199983488089084
78019905,2.0933597207380545,0.1156170884755932,-0.04673570898239596,0.0015762673718030219,0.03981127618189569,121.181,1931,14220500,118.93400275255314,0.11780141989932391,-0.047618677746672805,0.001606047488201279,0.04056342296858194
78019938,0.14588878193468338,-0.02459278918928373,-0.012803373279382036,0.019632184764299537,0.0062145303671814435,77.4757,1958,14210000,71.77934615774726,-0.026544454071856197,-0.01381943916013724,0.021190179885461048,0.006707710729358225
78020300,0.32830140749198367,0.14811907676974298,0.23341609863900975,-0.054042967905123085,0.060973910668958464,6.40891,1940,12342500,4.962000664383198,0.19131029931419286,0.30147975986103365,-0.06980178779961455,0.078753779424165
78020325,0.05000000000000001,-0.023535083032342908,-0.257360006866662,0.0935084504140795,0.01597037952966929,19.9091,1962,14140000,12.354092200915153,-0.03792770152423733,-0.4147456591209109,0.15069250414053437,0.025736887658211395
78020581,12.72313458806569,0.15485409953608992,-0.1946991932398801,0.080655012864339,0.11804784910169194,4.43356,1956,14208700,3.862911989107389,0.1777298948242076,-0.22346109815980214,0.09256976080302767,0.13548644735865029
78020663,0.05000000000000001,0.010602061786514396,-0.06622330258735647,0.044262675955994195,0.009953274398029458,16.0554,1929,14138850,8.754604331941893,0.01944352210026675,-0.1214494193051899,0.0811749955336058,0.018253686370161226
78021753,2.2235815714828426,0.40933591289565524,-0.12546964204679448,0.2298601568747879,0.04993135884175227,14.6835,1941,14169000,11.826661603533127,0.5082147505774383,-0.15577798289618122,0.2853849823911971,0.061992735746649014
78021944,7.910628386223624,0.23731892504836596,0.03610839119874194,-0.396762868960798,0.09357963701835688,26.6075,1948,13245000,21.024263752440795,0.30034170863611453,0.04569739183894077,-0.5021278347808418,0.1184307912650147
78022004,0.649867154377166,0.36341357846182926,0.02976702716557192,0.054078878997745355,0.02141182667094822,21.7206,1963,14159500,20.880917989615142,0.3780274878845734,0.030964045286422687,0.05625354688633004,0.022272858052519454
78022034,0.21941091208036564,-0.24768680861154294,0.4174355242487789,0.46969548934131133,0.380042445903622,11.2156,1943,13239000,8.241171968314662,-0.33708266025077493,0.5680975817232026,0.6392193671616481,0.5172084835342096
78022109,1.1319840467929287,-0.03806128895466643,0.1859942767348029,-0.020162460889560183,-0.08347800805819666,40.2674,1917,13046000,39.868798504181036,-0.03844181927610405,0.18785381601619067,-0.020364041759099737,-0.08431260704608678
78022215,2.4403167629996503,0.3312837000639527,-0.11277676552231379,0.18901222511327906,0.0352214673866198,64.6678,1953,14181500,55.245034723996916,0.3877884802865361,-0.1320123220825128,0.22125073922473565,0.04122895062051765
78022223,1.3642941398646438,-0.072576808800455,0.28344576579248976,-0.08200449788946308,-0.17142607491518502,19.3443,1938,13042500,19.073217462870687,-0.07360832356741426,0.28747430463126544,-0.08317000587924853,-0.17386250785622348
78022428,1.1682068973951696,-0.4216007130082395,0.40583696040093065,-0.9988784610638777,-0.3743662968107716,6.50162,1931,13236500,5.4654885437826,-0.501526552612908,0.4827743535357878,-1.1882429407724056,-0.44533757287620535
78022608,58.0082736032447,-1.2223130220705896,0.0969491581621881,1.1069869820707685,-0.635223321408633,1.89939,1923,13039500,1.6382168118277818,-1.4171806284910238,0.11240530569102516,1.2834687012700696,-0.7364939828106105
78022648,0.9504686409838938,0.49007795749698335,0.09698278609313193,-0.013133154441035574,-0.1259343618026149,11.1589,1968,14162200,10.399758132420976,0.5258517410000585,0.10406215201879102,-0.014091823600704826,-0.13512708007489593
78022737,0.05000000000000001,-0.15284734172865472,-0.18837641863558996,0.18693643538564486,0.17602280011632215,5.69422,1926,13240000,3.209828364589858,-0.27115044524486603,-0.3341788559028482,0.33162433257943363,0.3122635963765733
78024158,10.37272187024241,-0.17013262074229651,0.5866213626014071,0.12072780652840123,-0.14347786188032077,130.157,1957,13032500,127.60822707419649,-0.17353075131339077,0.5983381984275729,0.12313915391349045,-0.14634360571359345
78024239,0.07794876264586208,-0.14785455793848817,-0.19071285652812264,0.02048106539204665,0.09582960075111616,82.4249,1924,13249500,73.11487314413853,-0.16668150580797514,-0.21499713330631762,0.02308900630251919,0.10803199019957405
78024299,4.569779448870207,-0.23473120064721945,0.759408056612611,-0.47563748002966794,0.26312895057302266,57.3849,1955,13202000,54.491016862366315,-0.24719719417318425,0.7997383403209369,-0.5008974102409366,0.2771030783638442
78024308,0.6954754993381144,-0.771624872004758,0.6578147863404904,-0.6811736741197549,0.22449360913892444,5.82387,1919,13215000,5.4665567788037315,-0.82206096545946,0.700811855568644,-0.7256975617408563,0.2391672945802671
78024327,0.6123885716266894,0.5029069529562725,-0.01213877343989369,0.22429696304224198,0.19062006988619415,16.4872,1965,14151000,16.206361880097553,0.5116217678048509,-0.012349124802895649,0.22818377847106253,0.19392330243391695
78024357,0.05000000000000001,-0.3052664700229478,0.501421473833929,-0.12011316664543854,0.24855007796476783,4.51578,1934,13217500,4.07229392929748,-0.33851098273695535,0.5560279052598742,-0.13319388165276907,0.2756179908814604
78024476,2.5170894572158775,-0.021795172052031537,0.2714420468316636,-0.05323315180274945,-0.1209883119793732,22.8774,1950,13190500,21.792690241547724,-0.02288000534016375,0.28495280818278973,-0.0558827796639085,-0.12701038640928874
78024498,2.059651739295442,0.2725166356128458,-0.010473630524809551,0.1429101503615774,-0.031988257455176215,91.8216,1953,14150000,89.44490920824471,0.2797578278080689,-0.010751931229063243,0.14670749602852806,-0.0328382353646066
78024606,1.0946127354398552,0.29829897967785823,-0.052824221222463774,0.17569924968991876,0.08700937212808561,35.8699,1962,14145500,35.26043499550502,0.30345497928516285,-0.05373727048657231,0.1787361533473944,0.08851330046538233
78024645,1.9637870975329188,0.24030408455260904,-0.02266408092182994,0.10065815712978103,0.09091407125709365,21.3018,1949,14155500,19.390595253717027,0.263989293848084,-0.024897931840854173,0.1105793764188927,0.09987487943327164
78024795,0.05000000000000001,-0.10295297744441877,0.1448914868735102,-0.08383914627712256,0.0199053726278727,2.26411,1955,14313500,2.192756145941478,-0.1063031410004786,0.14960635953631407,-0.0865673320897225,0.02055310769686273
78024815,0.2652556739052866,0.20702012984473503,0.10952430038020243,0.03146338237877066,0.11802374633204558,6.79785,1942,14153500,5.9680611915265,0.23580384726334844,0.12475236788735483,0.03583799613301542,0.13443356196521894
78024822,0.05000000418822575,-0.17201744515097106,-0.1875186546222227,0.1369605990007696,0.1289501081385031,4.3042,1939,13147900,4.097325761790725,-0.1807026168930295,-0.19698648341600797,0.14387574835188857,0.13546080729670174
78026526,0.22187147898451381,0.1924352701429426,0.062979559864451,0.20879465856936816,0.013586218384815845,11.1651,1980,14362000,10.216326940029534,0.21030640926872662,0.06882836541648002,0.22818506651923118,0.014847947582212839
78028265,0.24775487942756963,-2.8460727074724446,1.6246857664811454,-2.0044641099545273,0.9773679256727357,1.14965,1969,13174500,1.0907403224139225,-2.99978594437991,1.7124332465323806,-2.112722997999444,1.030154485590986
