COMID,T_days,kc,phi,z,inflow_mean_m3s,year_completed,STAID,Ibar_offline_m3s,kc_offline,z_offline_days,L2_T0_days
72052366,0.2315786759515339,4.467789978333477,0.889409928626142,3.281306592047601,7.06868,1938,04289000,6.94263497685422,4.548903661122068,3.3408794151503427,0.2315786759515339
72052452,0.0899980598425719,5.272906543915293,0.5742868215268566,5.227095416803314,4.16883,1935,04285500,3.754796633335253,5.854338632434719,5.803476010650435,0.0899980598425719
72056123,0.1813600425407006,6.059405223060439,0.5111104452177565,5.114201485515067,4.24905,1949,04240010,4.206539859340888,6.120639914031186,5.165884206178115,0.1813600425407006
73000670,0.1150108113002292,14.80698733261813,0.5158330319207489,2.8762861126782537,14.2469,1965,01022500,13.93220969469686,15.141436459241236,2.941253506564267,0.1150108113002292
73003252,5.172436717851322,4.227800442068813,1.0,1498.5942207883463,14.0361,1969,01547500,12.671800703136682,4.682983198294227,1659.939170066067,5.172436717851322
73003440,0.9276377841637916,7.597155364309855,1.0,30.432964009457837,8.83481,1980,01520000,8.097464881027658,8.288942918594065,33.20415200445743,0.9276377841637916
73003466,1.48637489077468,7.390075490568315,1.0,36.16060545699615,11.0972,1978,01518000,11.07641683969562,7.403941809054229,36.22845516604853,1.48637489077468
73003590,0.9291951668304272,6.389387348506462,1.0,7.70273402722542,5.91768,1960,01206900,5.377776216897602,7.030852196062972,8.476052788326587,0.9291951668304272
73003736,0.0499999999999999,11.115390316873734,0.613685299218842,2.2503303337996723,3.16631,1960,01429500,2.944991763795725,11.95071984475054,2.419444266978083,0.0499999999999999
73003758,3.0861994709839045,4.43668493466665,0.9999999986925296,28.54648212502246,2.65593,1958,01172500,2.5849394247676507,4.558530271783203,29.330458402183183,3.0861994709839045
73003804,1.0089601519452318,3.015874875937272,1.0,2.290337693104588,3.67535,1960,01534300,1.94342464868414,5.703537686825735,4.331422186114338,1.0089601519452318
73005301,0.6628377754168042,9.193511841811238,1.0,10.503613655814044,33.006,1973,01563200,31.090309315402667,9.759988193507354,11.150814512869642,0.6628377754168042
73005384,1.1438818887649365,4.4885260145245365,1.0,75.7859211515771,18.9335,1965,01541200,18.959059684087773,4.482474801602448,75.68375025095163,1.1438818887649365
73005452,0.4181817600367307,6.142803685603406,1.0,4.495101407677071,7.91808,1977,01470960,7.815124271718413,6.223728416311885,4.554319460140006,0.4181817600367307
73005518,1.9907377697006337,4.969543332139145,1.0,14.52920289106731,5.52559,1969,01449800,4.780543299550355,5.744045649208433,16.793576205115382,1.9907377697006337
73005671,0.0499999999999999,11.614378435158178,0.5,2.3228756870316363,2.71513,1942,01574500,2.1023031547100683,15.0,3.0000000000000004,0.0499999999999999
73006655,1.0810487706090222,0.4920719158161243,1.0,6.993692287031582,4.92332,1952,01597500,4.5976593219624124,0.5269262759429063,7.489068393151776,1.0810487706090222
73007996,1.9601789402128755,8.91578402035596,1.0,13.533584743529303,11.9021,1978,02011800,11.68952833231548,9.077915718405976,13.77969019765005,1.9601789402128755
73008205,2.200376416050273,8.131593012701364,1.0,37.46222721659471,9.32257,1953,02072000,9.389174523229045,8.073909467213563,37.19647927712609,2.200376416050273
73011526,8.888520923464432,3.3077669266698875,1.0,39.14366904845252,59.7331,,02394000,59.42673315274786,3.324819691831385,39.34546917846188,8.888520923464432
73011587,13.22946255756924,0.9286819251690522,1.0,29.428750584916983,62.9689,1958,02334430,63.81607686197848,0.9163534042409724,29.03807541655151,13.22946255756924
73021698,2.7569734924620053,7.462460873987535,0.8322903871454623,45.50295232910057,1.80366,1965,02294491,1.810467584163779,7.434401089370048,45.33185554703704,2.7569734924620053
74016679,17.038341089611503,0.8656046804232064,0.6060791991712281,68.65726030575166,40.5386,1952,06259000,40.94714277254601,0.856968264983104,67.9722448057317,17.038341089611503
74017042,18.68447014480835,1.814305837098464,0.9999999993398362,13.093695931464188,8.78158,1938,06225000,8.818187433877911,1.806774007971003,13.039339340427455,18.68447014480835
74017872,2.3533568065477115,7.3622408369409555,1.0,7.297822958864342,1.16995,1956,06411500,1.1232072740240868,7.668623473492889,7.601524819309744,2.3533568065477115
74030675,27.84021103755784,2.8543184074829395,0.9999999999942693,40.94351176823589,13.8697,1969,06903900,13.076977576894125,3.0273463255160435,43.42549506051653,27.84021103755784
74037334,0.0499999999999999,1.1107488438031683,0.2121243192531524,0.8985841865228289,5.15767,1967,03353500,5.074218028917024,1.1290165216729928,0.9133625466803896,0.0499999999999999
74037394,0.3114306917908754,9.159788340086276,0.9375992358635006,18.727264345526518,17.3665,1922,03266000,16.43119328661387,9.681187570089746,19.793269459105048,0.3114306917908754
74037551,0.0656059659503235,8.331202715834538,1.0,4.144748620865898,20.3051,1922,03270000,19.978183353158137,8.467531870887061,4.21257197082638,0.0656059659503235
74037736,12.938628818752363,2.525730519492281,0.9590200295202852,12.244645861397052,27.2675,1970,05592000,26.750226045719398,2.5745710268970416,12.48142279078319,12.938628818752363
74037925,3.455539437318678,1.4999818921026242,0.5381368019360369,3.5203692545600016,4.35161,1978,06906200,2.4572974596620414,2.656306901644061,6.234196023603405,3.455539437318678
74038104,1.671611580930329,3.935083810172245,1.0,127.97778912546693,15.5841,1951,03225500,9.217281802246776,6.653234752045548,216.37818028130977,1.671611580930329
74038110,2.062562770145996,4.083709687947265,1.0,2213.112509719345,4.94194,1974,03228805,2.996457325008887,6.7351028452221495,3649.999999999994,2.062562770145996
74038929,10.264141904207506,5.240895435574072,1.0,83.43525869236223,6.46002,1963,06912500,5.579444597480723,6.06803934337914,96.6034217995828,10.264141904207506
74039066,0.0499999999999999,15.77371654178546,0.3604363980675484,12.289027075218648,8.40758,1922,03272000,8.23262451910049,16.108931412418496,12.550187126517438,0.0499999999999999
74045947,11.290510961280235,2.8015345401478418,1.0,13.389949271106222,69.6744,1966,05593000,67.02794296795969,2.912147225782878,13.918623191833897,11.290510961280235
74046113,0.0657766072043878,2.6989420583284005,0.2445169803633834,318.66761630365863,2.18049,1976,07124410,2.2027230274305687,2.6717004795783352,315.45116749630324,0.0657766072043878
74046746,12.06984927915736,3.259850928213623,1.0,223.3527126099349,21.3026,1961,06921350,20.469230320389368,3.392570179553413,232.4461360379032,12.06984927915736
74047454,1.4074190882744164,7.057226313305836,1.0,71.94579159276368,7.88578,1963,03209000,7.687503891556878,7.239246301788898,73.80141752506927,1.4074190882744164
74054789,10.732098692446518,3.931432527594608,1.0,38.34733050148618,57.85,1952,07198000,54.46150105368117,4.176039354794378,40.7332340569234,10.732098692446518
74067549,3.354890251047624,3.337615662301088,0.9999999999999554,33.186364226170056,45.8491,1968,07339000,45.86463483422367,3.336485176771145,33.17512365555169,3.354890251047624
75000290,1.576644392410041,0.7070576557830441,0.337503524882106,2639.570252598385,3.91014,1951,08245000,2.827695678765772,0.9777199303817028,3649.999999999994,1.576644392410041
75000732,16.1883781021934,0.9642802741807648,0.4545026966453772,3655.452811081322,19.4829,1963,08287000,19.512005910415457,0.9628418646494972,3649.999999999994,16.1883781021934
75000801,16.494776128792562,1.9587472490543447,0.8522884852969388,60.06570630147977,4.83455,1979,08382830,4.895601388980284,1.9343203746594533,59.31664719547462,16.494776128792562
75000868,0.0499999999999999,0.8416698552549279,0.3838570395671815,82.91599072322533,0.10994,1970,08317950,0.105187884746798,0.87969431184463,86.66191968832113,0.0499999999999999
75001908,34.86017675649399,2.38610297903014,1.0,84.51112332942287,4.85741,1937,08384500,4.914763082750926,2.358258226535592,83.52491639165669,34.86017675649399
75002278,3.4342765815449,6.915010205944277,1.0,51.92819548668493,0.919812,1963,08390800,0.9472725386190932,6.714550573610195,50.422846012856965,3.4342765815449
77006280,0.7167706676049064,0.9522129625217364,0.9457639681883924,20.64168036189097,82.8138,1968,11407000,77.1424444844568,1.0222177215497898,22.159214691439956,0.7167706676049064
77007339,0.8195679050935805,0.8077320213038839,0.2619382218503975,2626.5887579067044,2.20689,1966,10134500,1.5881075243690783,1.1224527893371126,3649.9999999934457,0.8195679050935805
77008189,5.3639409434995855,9.592895338350788,1.0,26.697124986602383,6.40202,1959,11462000,6.063083311214905,10.129154534365544,28.18953976610963,5.3639409434995855
77015290,0.8535604911679411,0.2574150427305713,0.6094902660774897,46.713585941962094,1.05628,1968,11176500,0.832591038198082,0.3265737305122897,59.26394147307241,0.8535604911679411
77027270,12.054378901594609,16.872685817756647,0.9999999999999596,257.30419492321124,5.81572,1968,09426000,5.659223849325745,17.33927106907686,264.41950209781936,12.054378901594609
77028401,0.0499999999999999,2.239971547501067,0.2173901962544595,2.273562031946736,1.07967,1940,11097000,1.0971900303546016,2.204203477777557,2.237257586307631,0.0499999999999999
78013953,138.58975341318643,3.024375913424438,0.5185811840765433,2.9000670255768357,104.706,1953,12362500,104.02603538757428,3.044144700999005,2.919023269979576,138.58975341318643
78015961,0.0499999999999999,7.727178964727258,1.0,14.365429965956906,29.319,1962,12106700,24.781685239660124,9.14195938960064,16.99561741256572,0.0499999999999999
78021753,2.039699189921127,5.863710274129122,0.9999999999998715,264.1603723750489,14.6835,1941,14169000,11.826661603533127,7.280143179581066,327.97072900185697,2.039699189921127
78022004,0.5223677376744481,2.567393245654947,1.0,3.056597711733589,21.7206,1963,14159500,20.880917989615146,2.6706355419482524,3.1795123322882346,0.5223677376744481
78022215,2.092541136114236,2.500857443445673,0.9999999991584568,2.275750256461206,64.6678,1953,14181500,55.24503472399692,2.9274114821219808,2.663909311850905,2.092541136114236
78022648,0.928065597889958,3.443114880397743,1.0,2.759666632369643,11.1589,1968,14162200,10.399758132420976,3.694448865987829,2.961111555849312,0.928065597889958
78024158,6.690932103900137,2.870501485389473,0.9997164814512804,3.6130080064905,130.157,1957,13032500,127.60822707419648,2.927835221914043,3.6851721388414647,6.690932103900137
78024299,7.596034808693965,0.95172315254581,1.0,8.389575344043235,57.3849,1955,13202000,54.49101686236632,1.0022668153628282,8.835124941353131,7.596034808693965
78024327,0.4916152667721055,4.61537397922667,1.0,17.230465298675725,16.4872,1965,14151000,16.206361880097553,4.695353246662657,17.529049985067743,0.4916152667721055
78024357,0.0499999999999999,0.9624043658996464,0.896839987504918,1.5524649210723465,4.51578,1934,13217500,4.07229392929748,1.0672133355049949,1.7215334067228032,0.0499999999999999
78024476,3.305890804353239,1.0195463223312622,1.0,9.543263927726557,22.8774,1950,13190500,21.792690241547724,1.0702932394291078,10.018270519164044,3.305890804353239
78024498,1.6640602938173066,2.708530751916031,1.0,3.7249349502348377,91.8216,1953,14150000,89.44490920824471,2.7805006399090693,3.82391228359541,1.6640602938173066
78024606,0.6100282925899889,2.8975292813355167,0.9998859829838768,4.804343771892955,35.8699,1962,14145500,35.26043499550502,2.9476121205488903,4.8873852714917385,0.6100282925899889
78024645,1.8947533375405785,4.483174626751228,1.0,19.209931099646127,21.3018,1949,14155500,19.390595253717027,4.925051965375985,21.103328956340327,1.8947533375405785
78024815,0.2494431389295586,7.9987819919440675,1.0,7.695577415015698,6.79785,1942,14153500,5.9680611915265,9.110918675086369,8.76555706314463,0.2494431389295586
78026526,0.2251315229460037,7.764750688621747,1.0,3.68081922371365,11.1651,1980,14362000,10.216326940029534,8.485849995055078,4.0226506997990095,0.2251315229460037
