staid,nse,floor_days_ref,floor_days_pas,nse_excl_floor,rel_mean
14190500,1.0,0,0,1.0,0.0
14301500,1.0,0,0,1.0,0.0
14305500,1.0,0,0,1.0,0.0
14150000,0.9999473524719041,0,0,0.9999473524719041,1.3301652543207254e-05
14152000,0.9999791943649756,0,0,0.9999791943649756,1.2841983762612585e-05
14153500,0.9996739308277555,0,0,0.9996739308277555,0.00022183061099867452
14154500,1.0,0,0,1.0,0.0
14155500,0.9999776332167892,0,0,0.9999776332167892,0.0002113537238457308
14157500,0.9999764802847795,0,0,0.9999764802847795,0.00018148304645837499
14169000,0.9996513586892508,0,0,0.9996513586892508,0.00024834220259917217
14170000,0.9997821913022947,0,0,0.9997821913022947,0.00018342054165998434
14306500,1.0,0,0,1.0,0.0
14308000,1.0,0,0,1.0,0.0
14309500,1.0,0,0,1.0,0.0
14316700,1.0,0,0,1.0,0.0
14325000,1.0,0,0,1.0,0.0
14339000,0.9999402063921375,0,0,0.9999402063921375,3.185282108120191e-05
14359000,0.9999586667452154,0,0,0.9999586667452154,7.326114543904083e-05
14362000,0.9999535997923925,0,0,0.9999535997923925,6.997792377183565e-05
14366000,0.9999762834884476,0,0,0.9999762834884476,6.050000652502163e-05
14369500,0.9999913985010014,0,0,0.9999913985010014,4.48163675976776e-05
14377100,1.0,0,0,1.0,0.0
11367500,1.0,0,0,1.0,0.0
11367800,0.999882629741026,0,0,0.999882629741026,1.2935652403900377e-05
11519500,1.0,0,0,1.0,0.0
11522500,1.0,0,0,1.0,0.0
11523200,1.0,0,0,1.0,0.0
11525500,0.9961372079686807,0,0,0.9961372079686807,0.0018836464779892204
11527000,0.999260899769033,0,0,0.999260899769033,0.0012666703417127945
11374000,1.0,0,0,1.0,0.0
11379500,1.0,0,0,1.0,0.0
11383500,1.0,0,0,1.0,0.0
11390000,1.0,0,0,1.0,0.0
11396200,0.9998331928429816,0,0,0.9998331928429816,-0.0011090089584819829
11407000,0.9997181779169281,0,0,0.9997181779169281,0.00041144480770616276
11319500,0.9726978999203586,0,0,0.9726978999203586,0.0035775365493655453
11323500,0.9726978999203586,0,0,0.9726978999203586,0.0035775365493655453
11417500,0.9999718614287196,0,0,0.9999718614287196,-8.847501516084932e-05
11421000,0.9999346586425748,0,0,0.9999346586425748,0.00015961696076494114
11424000,0.997928667940767,0,0,0.997928667940767,0.0023970272182334273
11427000,0.9993546924393848,0,0,0.9993546924393848,0.0009503420207848112
11446500,0.9975373536729408,0,0,0.9975373536729408,0.0012539930715547154
11451000,0.9998390254672721,0,0,0.9998390254672721,0.0006457502862866615
11451100,1.0,0,0,1.0,0.0
11452500,0.9996497972095384,0,0,0.9996497972095384,0.0020070606239708244
11454000,0.9996820280172272,0,0,0.9996820280172272,0.00031131811317841596
11152600,1.0,14,14,1.0,0.0
11160000,1.0,0,0,1.0,0.0
11176400,0.9883992612589264,13,0,0.9887508148072395,0.00617169892290903
11176500,0.9883992612589264,13,0,0.9887508148072395,0.00617169892290903
11274500,1.0,5,5,1.0,0.0
11274630,1.0,0,0,1.0,0.0
11302000,0.9998262278067361,0,0,0.9998262278067361,9.676915909229145e-05
11303000,0.9975533872399068,0,0,0.9975533872399068,0.0005785337375350252
11149400,0.993995285967222,0,0,0.993995285967222,0.008765452204146262
11149900,1.0,0,0,1.0,0.0
11151300,1.0,0,0,1.0,0.0
11152000,1.0,0,0,1.0,0.0
11156500,0.9989680939961416,0,0,0.9989680939961416,-0.0022597702326354607
11224500,1.0,1,1,1.0,0.0
11253310,1.0,0,0,1.0,0.0
11123000,0.9829244609584127,27,0,0.9833022257047904,0.029500466662058633
11123500,0.9732326399573096,7,9,0.973393637754434,0.03248060464160529
11124500,1.0,0,0,1.0,0.0
11132500,1.0,0,0,1.0,0.0
11133000,0.9856273157368958,0,0,0.9856273157368958,0.029958572864807742
11136800,1.0,1,1,1.0,0.0
11140000,1.0,0,0,1.0,0.0
12039500,1.0,0,0,1.0,0.0
12040500,1.0,0,0,1.0,0.0
12041200,1.0,0,0,1.0,0.0
12043000,1.0,0,0,1.0,0.0
12048000,1.0,0,0,1.0,0.0
12010000,1.0,0,0,1.0,0.0
12013500,1.0,0,0,1.0,0.0
12020000,1.0,0,0,1.0,0.0
12025000,1.0,0,0,1.0,0.0
12026400,0.9996759286177682,0,0,0.9996759286177682,-0.0007478614529313754
12036000,0.9997487049846826,0,0,0.9997487049846826,-0.001813417455965638
12082500,1.0,0,0,1.0,0.0
12086500,0.9998427834970648,0,0,0.9998427834970648,3.294836613854102e-05
12089500,0.9999029041804415,0,0,0.9999029041804415,9.661930001314545e-05
12092000,1.0,0,0,1.0,0.0
12093500,1.0,0,0,1.0,0.0
12101500,0.9994721714850977,0,0,0.9994721714850977,5.631076733658702e-05
12113000,0.986816988274931,0,0,0.986816988274931,0.0043510299854743195
14236200,1.0,0,0,1.0,0.0
14238000,0.9987749580865964,0,0,0.9987749580865964,0.0004999057981254218
14120000,1.0,0,0,1.0,0.0
14137000,1.0,0,0,1.0,0.0
14138850,0.9928649590292832,0,0,0.9928649590292832,0.003445044451477308
14140000,0.9960011994875824,0,0,0.9960011994875824,0.002788629216488925
14140001,0.9960011994875824,0,0,0.9960011994875824,0.002788629216488925
14203500,0.9998926966209193,0,0,0.9998926966209193,0.00017642639175186048
14208700,0.9999932623414168,0,0,0.9999932623414168,1.0195204597662766e-05
14209000,0.9999993099379781,0,0,0.9999993099379781,2.4305920978129336e-06
14210000,0.9997865230856949,0,0,0.9997865230856949,0.00017944752856613455
14216500,1.0,0,0,1.0,0.0
14220500,0.9998101555238889,0,0,0.9998101555238889,0.00021464379777746956
14222500,1.0,0,0,1.0,0.0
14096850,1.0,0,0,1.0,0.0
14145500,0.9999832777990676,0,0,0.9999832777990676,7.752558985885116e-07
14148000,0.9999972680209428,0,0,0.9999972680209428,1.085469516270976e-06
14151000,0.9999940279505236,0,0,0.9999940279505236,1.6422815057870466e-05
14159500,0.9999964116357872,0,0,0.9999964116357872,8.796039781877596e-06
14162200,0.9986156609291383,0,0,0.9986156609291383,0.0007358611798742309
14178000,1.0,0,0,1.0,0.0
14181500,0.9991574497940194,0,0,0.9991574497940194,0.00015807172471493658
14182500,1.0,0,0,1.0,0.0
14185000,1.0,0,0,1.0,0.0
14185900,1.0,0,0,1.0,0.0
14187200,0.9999548185284065,0,0,0.9999548185284065,0.0002535403114072299
11507500,0.9999170038537176,0,0,0.9999170038537176,1.2365185453333538e-05
14313500,0.9998594729324027,0,0,0.9998594729324027,2.4616328837767654e-05
14316500,0.999999690568296,0,0,0.999999690568296,1.8131660504128178e-06
11345500,0.9999766050500921,0,0,0.9999766050500921,5.65862549317675e-05
11399500,0.9885795752304649,0,0,0.9885795752304649,0.000389891356483707
11400500,0.9927095621038008,0,0,0.9927095621038008,0.0017172237181399819
11401112,0.9924611648938693,0,0,0.9924611648938693,0.0017897589718980367
11402000,1.0,0,0,1.0,0.0
10296500,1.0,0,0,1.0,0.0
10297500,0.999982780928416,0,0,0.999982780928416,-2.861948008470172e-05
10308200,1.0,0,0,1.0,0.0
10309000,1.0,0,0,1.0,0.0
10310000,1.0,0,0,1.0,0.0
10336610,1.0,0,0,1.0,0.0
10336780,1.0,0,0,1.0,0.0
10337500,0.9988901205602367,0,0,0.9988901205602367,0.00024135503255973134
10340500,0.9999929408521505,0,0,0.9999929408521505,1.1539728070442123e-05
10344400,0.9999905561922157,0,0,0.9999905561922157,8.564055842485985e-06
10344500,0.9999848490954941,0,0,0.9999848490954941,1.2447367440326929e-05
10346000,0.9996222016032921,0,0,0.9996222016032921,0.00012155097069732612
10348000,0.9996727125468928,0,0,0.9996727125468928,0.0001148000315707165
10348200,0.9996728251885042,0,0,0.9996728251885042,0.00011554755477405365
10350000,0.9997331608675518,0,0,0.9997331608675518,0.00011073346084966573
11314500,0.9997731958914651,0,0,0.9997731958914651,0.00013260196244591071
11318500,1.0,0,0,1.0,0.0
11408880,0.9999477224834226,0,0,0.9999477224834226,-1.8463382515321314e-05
11413000,1.0,0,0,1.0,0.0
11414250,0.9999334045077402,0,0,0.9999334045077402,3.0134261814529495e-05
11422500,0.9974462643608492,0,0,0.9974462643608492,0.003155506981014966
11427760,0.999471649811102,0,0,0.999471649811102,-3.205587121812847e-05
11428800,0.9989612892123332,0,0,0.9989612892123332,0.000129355179305346
11441900,0.9999060303810346,0,0,0.9999060303810346,0.00012567529942941746
11443500,0.9995679738997604,0,0,0.9995679738997604,0.00037972825425458545
11444500,0.9997643643625652,0,0,0.9997643643625652,0.0002682249418355376
10265150,1.0,0,0,1.0,0.0
10293000,0.9997771756683393,0,0,0.9997771756683393,4.111666127259994e-05
10296000,1.0,0,0,1.0,0.0
11231500,0.9999280865024748,0,0,0.9999280865024748,5.48736253562776e-05
11231600,0.9999280865024748,0,0,0.9999280865024748,5.48736253562776e-05
11234760,0.999917388229306,0,0,0.999917388229306,0.0005105812008898702
11242000,0.9998684465467658,0,0,0.9998684465467658,0.0004811442937768806
11246500,0.9995231580182907,0,0,0.9995231580182907,-0.00021224342873427116
11264500,1.0,0,0,1.0,0.0
11266500,1.0,0,0,1.0,0.0
11270900,0.9998878785208976,0,0,0.9998878785208976,3.237214891815832e-05
11276500,0.9999976241903987,0,0,0.9999976241903987,1.5730637812794157e-05
11276900,0.9999965595052718,0,0,0.9999965595052718,2.521962056900584e-05
11277300,0.9998000168740607,0,0,0.9998000168740607,0.00018801860056760766
11278000,0.9999878030418502,0,0,0.9999878030418502,9.253560495792179e-05
11278400,0.9999562054095956,0,0,0.9999562054095956,0.00010243555584454889
11289650,0.999879328741409,0,0,0.999879328741409,7.748639816518299e-05
11292700,0.9991452839260038,0,0,0.9991452839260038,0.0001716162717866343
11292900,0.9991452839260038,0,0,0.9991452839260038,0.0001716162717866343
11296500,0.9999379856939878,0,0,0.9999379856939878,-0.00011010236312614108
11298000,0.9999379856939878,0,0,0.9999379856939878,-0.00011010236312614108
11200800,1.0,0,0,1.0,0.0
11214600,0.999925590138654,0,0,0.999925590138654,-1.321518520525089e-05
11216200,0.9999845237779064,0,0,0.9999845237779064,6.85580508030803e-05
11218400,0.9999752366080443,0,0,0.9999752366080443,9.5695637211346e-05
11251000,0.9996881166110964,0,0,0.9996881166110964,0.0004407053874468936
11109600,0.9876387756085799,0,0,0.9876387756085799,0.0012842399323644837
11085000,0.9954697011579318,0,0,0.9954697011579318,0.005484056206134902
11097000,0.9999372635109722,0,0,0.9999372635109722,0.00031937350243982365
11109800,0.9328572364062593,0,0,0.9328572364062593,0.004822289635055599
12134500,1.0,0,0,1.0,0.0
12167000,1.0,0,0,1.0,0.0
12175500,1.0,0,0,1.0,0.0
12186000,1.0,0,0,1.0,0.0
12189500,1.0,0,0,1.0,0.0
12205000,1.0,0,0,1.0,0.0
12451000,1.0,0,0,1.0,0.0
12106700,0.982512254752418,0,0,0.982512254752418,0.005296377474564684
12116500,0.9918425439555504,0,0,0.9918425439555504,0.0034868115543200684
12117500,0.9930995024408258,0,0,0.9930995024408258,0.0018795089351522076
12119000,0.9930995024408258,0,0,0.9930995024408258,0.0018795089351522076
12121600,1.0,0,0,1.0,0.0
12148500,0.9999070986283279,0,0,0.9999070986283279,-0.00014274230116562148
12452800,1.0,0,0,1.0,0.0
12459000,1.0,0,0,1.0,0.0
12462500,1.0,0,0,1.0,0.0
12488500,1.0,0,0,1.0,0.0
14123500,1.0,0,0,1.0,0.0
14097100,1.0,0,0,1.0,0.0
10396000,1.0,0,0,1.0,0.0
10258500,1.0,0,0,1.0,0.0
10260950,0.9989177327810215,0,0,0.9989177327810215,0.00547480092307584
10261500,0.998623063672311,0,0,0.998623063672311,0.008284760832151017
11044000,0.9926721639365024,0,0,0.9926721639365024,0.005940496845932897
11062000,1.0,0,0,1.0,0.0
11062001,1.0,0,0,1.0,0.0
11063510,1.0,0,0,1.0,0.0
11022480,0.9994761586624427,0,0,0.9994761586624427,0.0009390573502547905
11023000,0.9997568560055755,0,0,0.9997568560055755,0.0007079971010754971
11025500,0.9873694081565187,0,0,0.9873694081565187,0.004999679297880588
11028500,1.0,31,31,1.0,0.0
12452500,0.9997706168165837,0,0,0.9997706168165837,7.787136718806487e-05
12465000,1.0,0,0,1.0,0.0
14020000,1.0,0,0,1.0,0.0
13331500,1.0,0,0,1.0,0.0
13215000,0.9999992213422557,0,0,0.9999992213422557,3.029850911717702e-06
13217500,0.9998806794411731,0,0,0.9998806794411731,3.4997435266692634e-05
10352500,1.0,0,0,1.0,0.0
10329000,0.9999911587397057,0,0,0.9999911587397057,-4.794570329791359e-05
10329500,1.0,0,0,1.0,0.0
12395000,0.9999848943172206,0,0,0.9999848943172206,6.290287688504037e-06
12413000,1.0,0,0,1.0,0.0
12422500,0.9999026112622048,0,0,0.9999026112622048,3.462666600784203e-05
12424000,1.0,0,0,1.0,0.0
12433000,0.9996021888106694,0,0,0.9996021888106694,7.144559241312187e-05
12414500,1.0,0,0,1.0,0.0
12414900,1.0,0,0,1.0,0.0
13338500,1.0,0,0,1.0,0.0
13339500,1.0,0,0,1.0,0.0
13340000,1.0,0,0,1.0,0.0
13345000,1.0,0,0,1.0,0.0
13239000,0.9957565115827125,0,0,0.9957565115827125,0.0004744341675302355
13240000,0.9845055136680158,0,0,0.9845055136680158,0.008746565139270412
13292000,1.0,0,0,1.0,0.0
13313000,1.0,0,0,1.0,0.0
13316500,1.0,0,0,1.0,0.0
13185000,1.0,0,0,1.0,0.0
13186000,1.0,0,0,1.0,0.0
13190500,0.999997398424568,0,0,0.999997398424568,7.776705805984108e-07
13200000,1.0,0,0,1.0,0.0
13202000,0.9999508772224452,0,0,0.9999508772224452,2.1336630369628296e-05
13206000,0.9999502587280841,0,0,0.9999502587280841,2.250537463210911e-05
13235000,1.0,0,0,1.0,0.0
13236500,0.999999629496465,0,0,0.999999629496465,5.629013370977987e-06
13245000,0.9936424718044102,0,0,0.9936424718044102,0.0015205929850199418
13246000,0.9950178122767064,0,0,0.9950178122767064,0.001174064054645596
13249500,0.9994049782734435,0,0,0.9994049782734435,0.0004499696121267327
10315500,1.0,0,0,1.0,0.0
13174500,0.9999953820702291,0,0,0.9999953820702291,1.0685944189514629e-05
09426000,0.99616935944946,0,0,0.99616935944946,0.006527560043727343
12302055,1.0,0,0,1.0,0.0
12389500,1.0,0,0,1.0,0.0
12411000,1.0,0,0,1.0,0.0
13336500,1.0,0,0,1.0,0.0
13337000,1.0,0,0,1.0,0.0
13340600,1.0,0,0,1.0,0.0
12342500,0.9996643840426293,0,0,0.9996643840426293,0.00010421807439753294
13120500,1.0,0,0,1.0,0.0
13147900,0.9998903418134444,0,0,0.9998903418134444,7.40781310548666e-05
13297355,1.0,0,0,1.0,0.0
13083000,1.0,0,0,1.0,0.0
13148500,0.999907522971065,0,0,0.999907522971065,6.803150642142874e-05
13078000,1.0,0,0,1.0,0.0
13082500,1.0,0,0,1.0,0.0
09403600,1.0,0,0,1.0,0.0
10174500,1.0,0,0,1.0,0.0
10242000,1.0,0,0,1.0,0.0
09382000,1.0,0,0,1.0,0.0
09505350,1.0,0,0,1.0,0.0
09505800,1.0,0,0,1.0,0.0
09510000,0.9989890435308065,0,0,0.9989890435308065,0.002584675628026778
09510200,1.0,0,0,1.0,0.0
09512280,1.0,0,0,1.0,0.0
09513860,1.0,0,0,1.0,0.0
09480000,1.0,0,0,1.0,0.0
05014500,0.9892618873311528,0,0,0.9892618873311528,0.005090516929165734
12358500,1.0,0,0,1.0,0.0
12362500,0.9999829752520543,0,0,0.9999829752520543,1.792080990270506e-06
12370000,1.0,0,0,1.0,0.0
12334510,1.0,0,0,1.0,0.0
12381400,1.0,0,0,1.0,0.0
06020600,0.9999928669882646,0,0,0.9999928669882646,7.046200595883789e-06
13042500,0.999983306883879,0,0,0.999983306883879,4.84391285171526e-06
13046000,0.9999945109560242,0,0,0.9999945109560242,3.319954900549149e-06
13049500,1.0,0,0,1.0,0.0
13050500,0.9999988630551098,0,0,0.9999988630551098,2.3285622416935325e-06
13055000,1.0,0,0,1.0,0.0
13032500,0.9999993535762723,0,0,0.9999993535762723,2.6250485036793947e-06
13037500,0.9999993746222811,0,0,0.9999993746222811,3.005597153160622e-06
13038500,0.9999993746222811,0,0,0.9999993746222811,3.005597153160622e-06
13066000,0.9999995206308528,0,0,0.9999995206308528,8.01613494028075e-07
13075000,1.0,0,0,1.0,0.0
13132535,0.9999565889156186,0,0,0.9999565889156186,0.0001439971695949005
10020300,0.9999258625818036,0,0,0.9999258625818036,0.00016685749941003358
10126000,0.9985559306303331,0,0,0.9985559306303331,0.0009674097519567493
10136500,0.9999981946025535,0,0,0.9999981946025535,1.3752601256467045e-05
10141000,0.9999987348346295,0,0,0.9999987348346295,1.835472199296362e-05
09312600,1.0,0,0,1.0,0.0
10011500,1.0,0,0,1.0,0.0
10130500,0.9999891515520564,0,0,0.9999891515520564,1.4651580996893898e-05
10131000,1.0,0,0,1.0,0.0
10134500,0.9999878665963251,0,0,0.9999878665963251,-6.131166304768065e-06
10163000,0.9999827199413048,0,0,0.9999827199413048,8.077736886469289e-05
09310500,1.0,0,0,1.0,0.0
09326500,1.0,0,0,1.0,0.0
09330500,1.0,0,0,1.0,0.0
09401260,1.0,3,3,1.0,0.0
09490500,1.0,0,0,1.0,0.0
09492400,1.0,0,0,1.0,0.0
06052500,1.0,0,0,1.0,0.0
06038500,0.9999922518308204,0,0,0.9999922518308204,2.280457190417806e-06
06191500,1.0,0,0,1.0,0.0
06280300,1.0,0,0,1.0,0.0
13010065,1.0,0,0,1.0,0.0
13039500,0.9995026672203455,0,0,0.9995026672203455,6.644101407737857e-05
13011500,1.0,0,0,1.0,0.0
13023000,1.0,0,0,1.0,0.0
09210500,1.0,0,0,1.0,0.0
09211200,0.9999247587739176,0,0,0.9999247587739176,1.1175580519440231e-05
09223000,1.0,0,0,1.0,0.0
10032000,1.0,0,0,1.0,0.0
09266500,1.0,0,0,1.0,0.0
09289500,1.0,0,0,1.0,0.0
09291000,0.9997308844907989,0,0,0.9997308844907989,0.00019147817896980612
09299500,1.0,0,0,1.0,0.0
09372000,1.0,0,0,1.0,0.0
09365000,0.9999964155522731,0,0,0.9999964155522731,2.5368890641530584e-05
09386900,1.0,0,0,1.0,0.0
09430600,1.0,0,0,1.0,0.0
06281000,1.0,0,0,1.0,0.0
06282000,0.999997307490737,0,0,0.999997307490737,1.0484715865510807e-05
06285100,0.9999970820357739,0,0,0.9999970820357739,1.8294461094692238e-05
06224000,0.9994821949095474,0,0,0.9994821949095474,-4.875123423286887e-05
06225000,0.9994821949095474,0,0,0.9994821949095474,-4.875123423286887e-05
06259000,0.9998948490564429,0,0,0.9998948490564429,9.665645605005935e-06
09255000,1.0,0,0,1.0,0.0
09070000,1.0,0,0,1.0,0.0
09080400,0.9998762938749878,0,0,0.9998762938749878,4.986519487237828e-05
09081600,1.0,0,0,1.0,0.0
09132500,0.9999970894381977,0,0,0.9999970894381977,5.5119487685217905e-06
09152500,0.9999453686562686,0,0,0.9999453686562686,3.975177179738054e-05
09306242,1.0,0,0,1.0,0.0
09110000,0.9999607135001115,0,0,0.9999607135001115,2.7026653763639885e-05
09124500,1.0,0,0,1.0,0.0
09126000,0.9999905965463843,0,0,0.9999905965463843,8.252683923060111e-05
09128000,0.9997796525962636,0,0,0.9997796525962636,4.9513278339796685e-05
09144250,0.9999267935024445,0,0,0.9999267935024445,3.595648505783089e-05
09146200,1.0,0,0,1.0,0.0
09147000,1.0,0,0,1.0,0.0
09352900,1.0,0,0,1.0,0.0
08245000,0.9992895586181301,0,0,0.9992895586181301,0.00036547720133683903
08284100,1.0,0,0,1.0,0.0
08285500,0.999998824820224,0,0,0.999998824820224,8.66482671191271e-06
08286500,0.9999988937980979,0,0,0.9999988937980979,1.7367392436185014e-05
08287000,0.9999887677216391,0,0,0.9999887677216391,3.061659159997454e-05
09342500,1.0,0,0,1.0,0.0
09354500,0.9999191660331231,0,0,0.9999191660331231,5.598477481982833e-05
09355500,0.9999952952202515,0,0,0.9999952952202515,7.136579923905373e-06
08317950,0.9992823526226033,0,0,0.9992823526226033,0.007406985439789127
08334000,1.0,0,0,1.0,0.0
06298000,1.0,0,0,1.0,0.0
06309200,1.0,0,0,1.0,0.0
06647500,1.0,0,0,1.0,0.0
09034250,0.9997774594601677,0,0,0.9997774594601677,0.0001664617228076537
09038500,0.9999879079179634,0,0,0.9999879079179634,2.395279582878551e-05
09050700,0.9999963088267064,0,0,0.9999963088267064,-7.442257994094703e-06
09057500,0.9999978992989741,0,0,0.9999978992989741,2.9247337163251785e-06
09059500,1.0,0,0,1.0,0.0
09109000,0.999873349679597,0,0,0.999873349679597,4.643436354756503e-05
07206000,0.9991000239636436,0,0,0.9991000239636436,3.1781599676206085e-05
07207000,0.9996170773764743,0,0,0.9996170773764743,2.6398562172902373e-05
07207500,1.0,0,0,1.0,0.0
08289000,1.0,0,0,1.0,0.0
07216500,1.0,0,0,1.0,0.0
07218000,1.0,0,0,1.0,0.0
08279000,1.0,0,0,1.0,0.0
08377900,1.0,0,0,1.0,0.0
08379500,1.0,0,0,1.0,0.0
08382830,0.999671924673968,0,0,0.999671924673968,0.0003260508940163831
08383500,0.9997513061506007,0,0,0.9997513061506007,0.0003229415824970161
08390500,0.835812916239229,0,0,0.835812916239229,0.0120442562362304
08390800,0.835812916239229,0,0,0.835812916239229,0.0120442562362304
08401900,1.0,0,0,1.0,0.0
08405150,1.0,0,0,1.0,0.0
06430500,1.0,0,0,1.0,0.0
06433000,1.0,0,0,1.0,0.0
06409000,0.9997819833907431,0,0,0.9997819833907431,9.336129862758114e-06
06714215,0.9990465912094102,0,0,0.9990465912094102,0.0015781894519670825
07109500,0.9998291148653637,0,0,0.9998291148653637,0.00022788342277979545
07124410,0.999983990364572,0,0,0.999983990364572,4.5352144886878776e-05
07226500,1.0,0,0,1.0,0.0
08384500,0.9990755191974962,0,0,0.9990755191974962,0.0009034071478308814
08405500,1.0,0,0,1.0,0.0
08408500,1.0,0,0,1.0,0.0
06332515,1.0,0,0,1.0,0.0
06339100,1.0,11,11,1.0,0.0
06403300,1.0,0,0,1.0,0.0
06410500,0.9962963503830718,0,0,0.9962963503830718,0.0002947096185090814
06411500,0.9962963503830718,0,0,0.9962963503830718,0.0002947096185090814
06412500,0.9973368491996288,0,0,0.9973368491996288,0.0002855320238719372
06414000,0.9975859580102013,0,0,0.9975859580102013,0.00026610376727820295
06418900,0.9973462484128889,0,0,0.9973462484128889,0.0003099895769336225
06847900,1.0,0,0,1.0,0.0
08190000,1.0,0,0,1.0,0.0
08190500,1.0,0,0,1.0,0.0
06470000,0.9928197910199822,0,0,0.9928197910199822,0.004380781630919817
06470500,0.9918034736094511,2,2,0.9918999976302801,0.0038302405944752316
06853800,1.0,0,0,1.0,0.0
07142300,1.0,3,3,1.0,0.0
07148400,1.0,0,0,1.0,0.0
08101000,1.0,0,0,1.0,0.0
06470800,1.0,0,0,1.0,0.0
05292000,0.9993458363855766,0,0,0.9993458363855766,0.0004543562205285845
06600500,1.0,0,0,1.0,0.0
06800000,1.0,1,1,1.0,0.0
06878000,1.0,6,6,1.0,0.0
07151500,1.0,0,0,1.0,0.0
07315700,1.0,1,1,1.0,0.0
08110500,0.9923368193608948,7,7,0.9921947587841955,0.004176097644818633
08164000,1.0,11,11,1.0,0.0
08176900,1.0,1,1,1.0,0.0
08177500,0.9015808784154762,48,0,0.9453417549756966,0.09377168255354662
08189500,1.0,16,16,1.0,0.0
05046000,0.9996727153879793,0,0,0.9996727153879793,0.00011891188051205148
05245100,0.9991282289553912,0,0,0.9991282289553912,0.00019913294402917892
05476000,0.9988628037206564,3,7,0.9989303615061121,-7.815156716095562e-05
05482300,1.0,0,0,1.0,0.0
06607200,1.0,0,0,1.0,0.0
06609500,1.0,0,0,1.0,0.0
06807410,1.0,0,0,1.0,0.0
06808500,1.0,0,0,1.0,0.0
06809210,1.0,0,0,1.0,0.0
06809500,1.0,1,1,1.0,0.0
06817000,1.0,0,0,1.0,0.0
06810000,1.0,0,0,1.0,0.0
06811500,1.0,0,0,1.0,0.0
06814000,1.0,2,2,1.0,0.0
06821150,0.9999997262560197,0,0,0.9999997262560197,4.238144949653133e-06
06889500,1.0,0,0,1.0,0.0
06891500,0.9995293944026659,0,0,0.9995293944026659,0.0009562644097493855
06893080,1.0,0,0,1.0,0.0
06912500,0.9101288765450934,0,0,0.9101288765450934,0.028977520465381712
06913000,0.9795077918444195,0,0,0.9795077918444195,0.015557347642528141
06917000,1.0,0,0,1.0,0.0
07185000,0.989299327519239,0,1,0.9893100316833058,0.0035206359152069044
07176000,0.9957408148956081,0,0,0.9957408148956081,0.0017853002539043317
07191000,1.0,6,6,1.0,0.0
07195500,0.9462776788429135,0,0,0.9462776788429135,0.015918821247826953
07196500,0.9214846306274458,0,0,0.9214846306274458,0.012522962646597025
07198000,0.9358198319245842,0,0,0.9358198319245842,0.011164834251150335
07339000,0.9984269298471685,0,0,0.9984269298471685,0.0008533632829927917
08068000,0.9545845384078256,0,2,0.9831636088674487,0.010557009630481007
05449500,1.0,0,0,1.0,0.0
05463000,1.0,1,1,1.0,0.0
05481950,1.0,0,0,1.0,0.0
05483600,0.9970827391361077,0,0,0.9970827391361077,0.002117917386168733
05484000,0.9993419639130412,0,0,0.9993419639130412,0.0006803387208460521
05486000,1.0,1,1,1.0,0.0
05486490,1.0,1,1,1.0,0.0
05487470,1.0,0,0,1.0,0.0
05487980,1.0,0,0,1.0,0.0
05489000,1.0,0,0,1.0,0.0
06903400,1.0,0,0,1.0,0.0
06903900,0.9996216978903034,0,0,0.9996216978903034,0.00014082922884250948
06904010,0.9997088604045842,0,0,0.9997088604045842,-2.652148881987504e-05
06904050,0.9998165734584267,0,0,0.9998165734584267,-5.7716992796663646e-05
06904500,0.9999672565104539,0,0,0.9999672565104539,-4.989063611193778e-05
06919020,0.9921281661969392,0,0,0.9921281661969392,0.0013725014775558542
06919900,0.9885886200014213,0,0,0.9885886200014213,0.0018693722711751182
06921350,0.9777010150629032,0,0,0.9777010150629032,0.005316543671626928
07341200,0.9928573223265942,0,1,0.9928570605759783,-0.0010844390261088854
07346045,1.0,0,0,1.0,0.0
08025360,0.9995256000416404,0,0,0.9995256000416404,0.0014751086728721496
08026000,0.9995596807349275,0,0,0.9995596807349275,0.0014632361003110717
08028000,0.9902367306504581,3,26,0.9903106419681503,0.001609317974100355
05124480,1.0,0,0,1.0,0.0
04015330,1.0,0,0,1.0,0.0
04025500,1.0,0,0,1.0,0.0
04027000,1.0,0,0,1.0,0.0
05356000,0.9987795131649755,0,0,0.9987795131649755,7.390801300544148e-05
05356500,0.9998823555945355,0,0,0.9998823555945355,2.4265634977371775e-05
05360500,0.9568330719452839,2,0,0.976610188888625,0.00326838643523919
05369000,0.999505526201203,0,0,0.999505526201203,9.70757741993733e-05
05382000,0.9995316948488618,0,0,0.9995316948488618,0.0009471800602243174
05408000,1.0,0,0,1.0,0.0
05410490,1.0,0,0,1.0,0.0
05413500,1.0,0,0,1.0,0.0
05464500,0.9994068397520063,0,0,0.9994068397520063,4.652837533458687e-05
05454500,0.9991376769625637,0,0,0.9991376769625637,0.0005990647010172268
05455500,1.0,0,0,1.0,0.0
05455700,0.999297904986549,0,0,0.999297904986549,0.0007448289827112209
05465000,0.9994928575886025,0,0,0.9994928575886025,9.133382067383344e-05
05466500,1.0,0,0,1.0,0.0
05473400,1.0,0,0,1.0,0.0
05495500,1.0,0,0,1.0,0.0
06906200,0.8768725980481991,6,0,0.8780657301240562,0.034632838507465014
06906300,0.949358068327117,0,0,0.949358068327117,0.01902808067814754
07071500,1.0,0,0,1.0,0.0
07056000,1.0,0,0,1.0,0.0
08013500,1.0,0,0,1.0,0.0
08015500,0.9942598106701779,0,0,0.9942598106701779,0.004124625954147865
04034500,0.9983153880847594,0,0,0.9983153880847594,2.619546578830345e-05
04040000,0.9999825805874935,0,0,0.9999825805874935,3.814552352632283e-05
04040500,1.0,0,0,1.0,0.0
05391000,0.9859861248025262,0,0,0.9859861248025262,0.0002507530433544236
05398000,0.9990358964778582,0,0,0.9990358964778582,0.0005403824991374595
05399500,1.0,0,0,1.0,0.0
05400760,0.9925024288655275,0,0,0.9925024288655275,0.00118363820842049
05404000,0.9850373349564849,0,0,0.9850373349564849,0.0011492388222058558
05439500,1.0,3,3,1.0,0.0
05447500,1.0,0,0,1.0,0.0
05593000,0.9691363592956764,0,0,0.9691363592956764,0.007602929861868057
05594100,0.9871129475842517,0,0,0.9871129475842517,0.003621360393638584
07063000,0.9979560336669536,0,0,0.9979560336669536,0.0010038644200704994
02488500,0.9996965545021326,0,0,0.9996965545021326,0.0005054577881224986
04057510,1.0,0,0,1.0,0.0
04060993,1.0,0,0,1.0,0.0
04062500,0.9988719434531323,0,0,0.9988719434531323,6.8960338357682e-05
04063000,0.9997852862421447,0,0,0.9997852862421447,4.443582544477742e-05
04063500,0.9992387319827767,0,0,0.9992387319827767,7.84042390917783e-05
04059500,1.0,0,0,1.0,0.0
04063700,1.0,0,0,1.0,0.0
04066003,0.9998287328100377,0,0,0.9998287328100377,3.77847030665901e-05
04069500,0.9994433730663165,0,0,0.9994433730663165,9.865363358518842e-05
04084500,0.9997815461710934,0,0,0.9997815461710934,2.961375474241912e-05
04087120,1.0,0,0,1.0,0.0
05528000,1.0,0,0,1.0,0.0
05524500,1.0,0,0,1.0,0.0
05525000,1.0,1,1,1.0,0.0
05554500,1.0,0,0,1.0,0.0
05573540,0.9999583558763724,0,0,0.9999583558763724,0.0001711631319833984
05578500,0.9925804245304813,0,0,0.9925804245304813,0.0028966546595705633
05592000,0.9905284126525978,0,0,0.9905284126525978,0.0019617213251665877
05592100,0.9935087796119598,0,0,0.9935087796119598,0.002053943961262128
03346000,1.0,1,1,1.0,0.0
03378000,1.0,0,0,1.0,0.0
05597000,0.9948504615677115,0,0,0.9948504615677115,0.00475760468990738
02430680,1.0,0,0,1.0,0.0
02439400,1.0,5,5,1.0,0.0
02481880,1.0,0,0,1.0,0.0
02482000,1.0,0,0,1.0,0.0
02482550,1.0,0,0,1.0,0.0
02484000,1.0,0,0,1.0,0.0
02472000,1.0,0,0,1.0,0.0
02472500,1.0,0,0,1.0,0.0
02476600,0.9999883408707971,0,0,0.9999883408707971,3.8170489333078095e-05
02479300,1.0,2,2,1.0,0.0
02479560,1.0,0,0,1.0,0.0
04127918,1.0,0,0,1.0,0.0
04101500,0.999904331179344,0,0,0.999904331179344,1.3231555414661145e-05
03324000,1.0,0,0,1.0,0.0
03324300,1.0,5,5,1.0,0.0
03325000,0.9928188032547139,0,1,0.9928187268360967,0.0056319990456326074
03329700,1.0,0,0,1.0,0.0
03334500,1.0,0,0,1.0,0.0
05516500,1.0,0,0,1.0,0.0
05517000,1.0,0,0,1.0,0.0
03339500,1.0,0,0,1.0,0.0
03352500,0.9999581365033664,2,2,0.9999662784583999,5.750937837678549e-05
03353500,0.9971998435414834,0,0,0.9971998435414834,0.0031008800953531424
03353800,1.0,0,0,1.0,0.0
03358000,1.0,0,0,1.0,0.0
03360000,0.999133526459941,0,0,0.999133526459941,0.0012062070009040138
03362500,1.0,0,0,1.0,0.0
03363500,1.0,0,0,1.0,0.0
03363900,1.0,0,0,1.0,0.0
03302800,1.0,0,0,1.0,0.0
03303000,1.0,0,0,1.0,0.0
03375500,0.9984988409334274,0,0,0.9984988409334274,0.0007689740414509316
03320000,0.99225927431445,0,0,0.99225927431445,0.0013782241495416958
03432350,1.0,0,0,1.0,0.0
03433500,1.0,0,0,1.0,0.0
03434500,1.0,0,0,1.0,0.0
02422500,1.0,0,0,1.0,0.0
02446500,1.0,0,0,1.0,0.0
02462000,1.0,0,0,1.0,0.0
02462500,0.9994484081899265,0,0,0.9994484081899265,0.0007832947983172911
02466030,0.9994027473434407,0,0,0.9994027473434407,0.0009613312132523699
02373000,1.0,3,3,1.0,0.0
02374500,1.0,0,0,1.0,0.0
02469800,1.0,0,0,1.0,0.0
02376500,1.0,0,0,1.0,0.0
04148500,0.9985345307037764,0,0,0.9985345307037764,0.0004336522766466011
04156000,0.9996089663303358,0,0,0.9996089663303358,0.0002470238304350669
04096515,1.0,0,0,1.0,0.0
04099510,1.0,1,1,1.0,0.0
04112500,1.0,0,0,1.0,0.0
04170000,0.9970041495435739,0,0,0.9970041495435739,0.00011956884928521205
04170500,0.9970041495435739,0,0,0.9970041495435739,0.00011956884928521205
04172000,0.999324354455652,0,0,0.999324354455652,5.4601751458882575e-05
04181500,1.0,0,0,1.0,0.0
04186500,1.0,0,0,1.0,0.0
04189000,1.0,2,2,1.0,0.0
03247500,0.9941111555561574,0,0,0.9941111555561574,0.003238007773314955
03266000,0.9495538574175837,1,0,0.9496018579314031,0.01801258763261071
03270000,0.9996067956000632,0,0,0.9996067956000632,0.0003909017001106907
03270500,0.9697406857584682,0,0,0.9697406857584682,0.011663074427464615
03272000,0.9979987598570271,0,0,0.9979987598570271,0.0038206060561352118
03274000,0.9803713799536478,0,0,0.9803713799536478,0.01003187014545559
03275000,1.0,0,0,1.0,0.0
03284000,0.9986901142314505,0,0,0.9986901142314505,0.0017889806483215587
03294000,1.0,0,0,1.0,0.0
03300400,1.0,1,1,1.0,0.0
03366500,1.0,0,0,1.0,0.0
02338000,0.9999972504855854,0,0,0.9999972504855854,4.7061071225096285e-05
02382500,0.9999423291759417,0,0,0.9999423291759417,7.830433057920416e-05
02383500,0.9999785219428237,0,0,0.9999785219428237,8.269941974825556e-05
02394000,0.9999887794280625,0,0,0.9999887794280625,2.8422496543223374e-05
02395980,0.9999958102653774,0,0,0.9999958102653774,2.4012185835253774e-05
02339500,0.9996304228234424,0,0,0.9996304228234424,3.8613433329448554e-05
02341505,0.9996159095092025,0,0,0.9996159095092025,0.00016207225517894663
02342500,1.0,2,2,1.0,0.0
02408540,1.0,0,0,1.0,0.0
02418500,0.9998432923478558,0,0,0.9998432923478558,8.818821375444763e-05
02421000,1.0,0,0,1.0,0.0
02343801,0.9994781746310454,0,0,0.9994781746310454,0.00022966058498319342
02371500,1.0,0,0,1.0,0.0
02372250,1.0,8,8,1.0,0.0
03139000,1.0,0,0,1.0,0.0
03144000,1.0,0,0,1.0,0.0
03219500,1.0,0,0,1.0,0.0
03220000,1.0,0,0,1.0,0.0
03221000,0.9998848138589889,0,0,0.9998848138589889,0.0006841498532919044
03225500,0.4845670370954691,206,0,0.8422382217870371,0.15563449656949913
03228500,0.9710421280423424,0,0,0.9710421280423424,0.015237062669483992
03228805,0.6571046362418711,39,0,0.670361243507134,0.09245753147594704
04196800,1.0,0,0,1.0,0.0
04197100,1.0,0,0,1.0,0.0
03229500,0.9469690073350067,0,3,0.9478844413702147,0.020901496358364025
03230500,1.0,1,1,1.0,0.0
03232500,0.9891529479488657,0,0,0.9891529479488657,0.009134960025268368
03237500,1.0,0,0,1.0,0.0
03216500,0.999773377882346,0,0,0.999773377882346,0.00010476629640820967
03281000,0.9327881207740554,0,1,0.9327952636311603,0.01698839684296738
03281500,1.0,0,0,1.0,0.0
03280700,1.0,0,0,1.0,0.0
03528000,1.0,1,1,1.0,0.0
02177000,1.0,0,0,1.0,0.0
03460000,1.0,0,0,1.0,0.0
03504000,0.9352830927370467,0,0,0.9352830927370467,0.012364472616496647
02334430,0.9999068587559412,0,0,0.9999068587559412,9.641271563864962e-05
02335000,0.9999834327109584,0,0,0.9999834327109584,5.486379919905637e-05
02335450,0.9999893711500972,0,0,0.9999893711500972,6.1719853721387e-05
02336000,0.9999939697824076,0,0,0.9999939697824076,6.331425804639856e-05
02336490,0.9999952154066633,0,0,0.9999952154066633,5.926956978830056e-05
02337170,0.9999971292826307,0,0,0.9999971292826307,5.092247694915564e-05
02352500,0.9983903573305356,0,0,0.9983903573305356,-0.0011156412830919393
02326000,1.0,0,0,1.0,0.0
03094000,0.9990274020148822,0,0,0.9990274020148822,0.00013234715039645017
03102850,0.9998688804931092,0,0,0.9998688804931092,2.0102739866523223e-05
04213000,1.0,13,13,1.0,0.0
03091500,0.9989109007017234,0,0,0.9989109007017234,0.00015783370588207113
03106000,1.0,0,0,1.0,0.0
03117500,1.0,0,0,1.0,0.0
03118500,1.0,0,0,1.0,0.0
03129000,0.9987242547778584,0,0,0.9987242547778584,0.0010803415610487477
04206000,0.9859693139426098,0,0,0.9859693139426098,0.012954597517240263
03194700,1.0,0,0,1.0,0.0
03176500,0.9999917524146699,0,0,0.9999917524146699,4.183299771298721e-05
03185400,0.9999027815127156,0,0,0.9999027815127156,4.3002356217902715e-05
03190400,1.0,0,0,1.0,0.0
03192000,0.999986122960154,0,0,0.999986122960154,0.00018429981496970171
03193000,0.9999490799114239,0,0,0.9999490799114239,8.298145250873468e-05
03197000,0.99741069150261,0,0,0.99741069150261,0.001376581179794556
03202750,1.0,0,0,1.0,0.0
03203600,0.9998508861527537,0,0,0.9998508861527537,0.00011382099123768974
03207800,1.0,0,0,1.0,0.0
02112000,0.9998321216647171,0,0,0.9998321216647171,0.0001242663315381698
03161000,1.0,0,0,1.0,0.0
03208500,1.0,0,0,1.0,0.0
03209000,0.9996930959681981,0,0,0.9996930959681981,0.0003845342659778428
03465500,1.0,0,0,1.0,0.0
03524000,1.0,0,0,1.0,0.0
02167000,0.9965426805106913,0,0,0.9965426805106913,0.0006085061618965604
02196000,1.0,3,3,1.0,0.0
02197000,0.9997187314254172,0,0,0.9997187314254172,0.0003311254659530416
02223500,0.9997841237248868,0,0,0.9997841237248868,0.00015047085804398286
02315500,0.9999997182523338,0,0,0.9999997182523338,1.8261847465339542e-06
02321500,1.0,0,0,1.0,0.0
04221000,1.0,0,0,1.0,0.0
04224775,1.0,0,0,1.0,0.0
04231000,1.0,0,0,1.0,0.0
01541000,1.0,0,0,1.0,0.0
01541200,0.9936198211329835,0,0,0.9936198211329835,0.0018425714558940598
01541303,0.9952819347665591,0,0,0.9952819347665591,0.001486185775466664
01543500,1.0,0,0,1.0,0.0
03007800,1.0,0,0,1.0,0.0
03010655,1.0,0,0,1.0,0.0
03014500,0.999327813712483,0,0,0.999327813712483,2.6326636189066832e-05
03020500,1.0,0,0,1.0,0.0
03025500,0.9999067676543374,0,0,0.9999067676543374,-0.0001460003099237328
03030500,0.9992470672296231,0,0,0.9992470672296231,0.00036631175432777496
03034000,1.0,0,0,1.0,0.0
01560000,1.0,0,0,1.0,0.0
01601500,1.0,0,0,1.0,0.0
03036500,0.9993035135396884,0,0,0.9993035135396884,0.0001512901884157536
03042000,1.0,0,0,1.0,0.0
03042280,0.9958895548621923,0,0,0.9958895548621923,0.0028273599905028757
03042500,0.9962174599085116,0,0,0.9962174599085116,0.0013641570941900216
03045000,1.0,0,0,1.0,0.0
03075070,0.9970544529856724,0,0,0.9970544529856724,0.0017022957000218941
03079000,1.0,0,0,1.0,0.0
03081000,0.999938893541281,0,0,0.999938893541281,0.00017986567748407012
01595000,1.0,0,0,1.0,0.0
01597500,0.9999493917766178,0,0,0.9999493917766178,0.000790816923280202
01605500,1.0,0,0,1.0,0.0
01627500,1.0,0,0,1.0,0.0
03053500,1.0,0,0,1.0,0.0
03070500,1.0,0,0,1.0,0.0
01626000,1.0,0,0,1.0,0.0
02011400,1.0,0,0,1.0,0.0
02011800,0.9754295457566383,0,0,0.9754295457566383,-0.01229940400801488
02013100,0.976329006067433,0,0,0.976329006067433,-0.013539101409642984
02014000,1.0,0,0,1.0,0.0
02015700,1.0,0,0,1.0,0.0
02016000,1.0,0,0,1.0,0.0
02027000,1.0,0,0,1.0,0.0
02054500,1.0,0,0,1.0,0.0
02058400,1.0,0,0,1.0,0.0
02059500,1.0,0,0,1.0,0.0
02060500,0.9918271911261897,0,0,0.9918271911261897,0.0018399047807347024
02061500,1.0,0,0,1.0,0.0
03170000,1.0,0,0,1.0,0.0
03171000,0.9999823347514804,0,0,0.9999823347514804,4.1207668822096366e-05
03173000,1.0,0,0,1.0,0.0
02072000,0.9999124768930179,0,0,0.9999124768930179,0.00010639349236374329
02072500,0.9999410441061931,0,0,0.9999410441061931,8.172610051682128e-05
02073000,0.9999702801750749,0,0,0.9999702801750749,4.782971043604256e-05
02074000,0.9899477489728874,0,1,0.9971476680749233,-0.0018034913444557876
02094500,0.9277333152271017,0,0,0.9277333152271017,0.03678088490275799
02112250,0.9999167594593081,0,0,0.9999167594593081,6.288669964749083e-05
02118000,1.0,0,0,1.0,0.0
02118500,1.0,0,0,1.0,0.0
02129000,0.9983275173517717,0,0,0.9983275173517717,-0.00017733360262728315
02161000,0.9987805486916171,0,0,0.9987805486916171,-0.0008226869196485964
02169000,0.9982022344180814,0,0,0.9982022344180814,0.0004991475209952245
02169500,0.999407902634589,0,0,0.999407902634589,-0.0004057633232321667
02246000,1.0,0,0,1.0,0.0
02231600,1.0,0,0,1.0,0.0
02235000,1.0,0,0,1.0,0.0
02294491,0.9996995510352701,0,0,0.9996995510352701,0.0004055616170339782
02294650,0.9942781170242807,0,0,0.9942781170242807,-0.0020248806919561657
02270500,1.0,0,0,1.0,0.0
02298830,1.0,0,0,1.0,0.0
01510000,1.0,0,0,1.0,0.0
04232482,0.9945014968045193,0,0,0.9945014968045193,0.0009357961418514638
04239000,0.9936316551835178,0,0,0.9936316551835178,0.001406577896548189
04240010,0.9936316551835178,0,0,0.9936316551835178,0.001406577896548189
04240180,0.9995659904518525,0,0,0.9995659904518525,0.0002661070206546601
04240300,0.9999593685991358,0,0,0.9999593685991358,6.59582170281503e-06
01516350,1.0,0,0,1.0,0.0
01518000,0.9994850546533912,0,0,0.9994850546533912,0.0013881097193058078
01518700,0.9964807809394981,0,0,0.9964807809394981,0.004923235051428998
01518862,1.0,0,0,1.0,0.0
01520000,0.9991382069704862,0,0,0.9991382069704862,0.0015052184698456372
01532000,1.0,0,0,1.0,0.0
01539000,1.0,0,0,1.0,0.0
01544500,1.0,0,0,1.0,0.0
01546500,1.0,0,0,1.0,0.0
01547100,1.0,0,0,1.0,0.0
01547200,1.0,0,0,1.0,0.0
01547500,0.9997955669843818,0,0,0.9997955669843818,0.0003920410112645545
01547950,1.0,0,0,1.0,0.0
01552000,1.0,0,0,1.0,0.0
01555000,1.0,0,0,1.0,0.0
01555500,1.0,0,0,1.0,0.0
01563200,0.9904442489206509,0,0,0.9904442489206509,0.002924420803594341
01563500,0.9977525400743944,0,0,0.9977525400743944,0.0012779624182663873
01564500,1.0,0,0,1.0,0.0
01568000,1.0,0,0,1.0,0.0
01571500,1.0,0,0,1.0,0.0
01574500,0.987401507071117,0,0,0.987401507071117,0.002597032306195235
01616500,1.0,0,0,1.0,0.0
01637500,1.0,0,0,1.0,0.0
01639000,1.0,0,0,1.0,0.0
01639500,1.0,0,0,1.0,0.0
01591610,0.9911022358432001,0,0,0.9911022358432001,0.005460396409421531
01592500,0.684539622671883,1,0,0.6844932819573297,0.04773217952360653
01632900,1.0,0,0,1.0,0.0
01634500,1.0,0,0,1.0,0.0
01666500,1.0,0,0,1.0,0.0
01667500,1.0,0,0,1.0,0.0
01671020,0.9981524905769512,0,1,0.9982140241872514,-0.00023907454323812694
02028500,1.0,0,0,1.0,0.0
02034000,0.9988501021612061,0,0,0.9988501021612061,0.0007638654676465073
02041000,1.0,0,0,1.0,0.0
02041650,0.9915732429733178,1,0,0.9933226017507992,0.003584701440769278
02062500,0.991879170283816,0,0,0.991879170283816,0.00228862476042635
02064000,1.0,0,0,1.0,0.0
02066000,0.9915195555607227,0,0,0.9915195555607227,0.0025273435193098326
02077303,0.9648572851776511,0,0,0.9648572851776511,0.037530581189077816
02077500,0.9532658914277231,0,3,0.9534814070579617,0.0412616442477689
02081500,1.0,0,0,1.0,0.0
02081747,1.0,0,0,1.0,0.0
02082506,0.9690152364474708,0,0,0.9690152364474708,0.014169694510380415
02082950,1.0,1,1,1.0,0.0
02085500,0.9156786674067268,2,0,0.9156948475135245,0.08459976722779117
02102500,0.9935025856841748,0,0,0.9935025856841748,0.0019295380455817135
02105769,0.9862707658949013,0,0,0.9862707658949013,0.004432742212976182
02109500,1.0,0,0,1.0,0.0
02133500,1.0,0,0,1.0,0.0
02110500,1.0,0,0,1.0,0.0
04273500,0.9982185735328918,0,0,0.9982185735328918,-0.000426019424729307
01315000,0.9975290744574599,0,0,0.9975290744574599,0.0001649678969997126
01325000,0.9991430458262884,0,0,0.9991430458262884,0.00010873597185323547
01336000,0.9833925623458502,0,0,0.9833925623458502,0.0020635397589414683
01346000,0.9995948758245494,0,0,0.9995948758245494,7.029042504069771e-05
04256000,1.0,0,0,1.0,0.0
04258000,0.9998442689827228,0,0,0.9998442689827228,-8.876776888544491e-06
04266500,0.9998231591385276,0,0,0.9998231591385276,4.3137270975490694e-05
01350000,1.0,0,0,1.0,0.0
01350355,0.9994667166691149,0,0,0.9994667166691149,0.0005463687379345661
01351500,0.9957451685097305,0,0,0.9957451685097305,0.00011953872594161474
01362200,1.0,0,0,1.0,0.0
01362500,1.0,0,0,1.0,0.0
01413500,1.0,0,0,1.0,0.0
01417000,0.9966794775850718,0,0,0.9966794775850718,0.0027300617983956332
01417500,0.9954804524773468,1,0,0.9956119543224031,0.002882736197155733
01420500,1.0,0,0,1.0,0.0
01421000,0.9992325417881347,0,0,0.9992325417881347,0.0012243303746504175
01423000,1.0,0,0,1.0,0.0
01425000,0.9987075519337854,0,0,0.9987075519337854,0.000958175013918483
01426500,0.9985030808803319,0,0,0.9985030808803319,0.0010263900415274918
01435000,0.9550960407948078,0,0,0.9550960407948078,0.010167074160842837
01436000,0.9550960407948078,0,0,0.9550960407948078,0.010167074160842837
04243500,1.0,0,0,1.0,0.0
01396800,0.9993786517972637,0,0,0.9993786517972637,0.0001710975226281164
01398000,1.0,0,0,1.0,0.0
01429500,0.9939285558935523,0,0,0.9939285558935523,0.0068449474357263895
01437500,0.9960290767652326,0,0,0.9960290767652326,0.0022052380434378627
01440000,1.0,0,0,1.0,0.0
01445500,1.0,0,0,1.0,0.0
01449800,0.9995145659408337,0,0,0.9995145659408337,0.0006800552640828794
01450500,1.0,0,0,1.0,0.0
01451500,1.0,0,0,1.0,0.0
01452000,1.0,0,0,1.0,0.0
01459500,0.9975002706382763,0,0,0.9975002706382763,0.003995904180516208
01472198,1.0,0,0,1.0,0.0
01534300,0.9964712742290981,0,0,0.9964712742290981,0.002953796636194994
01534500,0.9993584174683989,0,0,0.9993584174683989,0.0003821523536213789
01470779,1.0,0,0,1.0,0.0
01470960,0.9999872802800126,0,0,0.9999872802800126,6.307693829921135e-05
01471000,0.9999899151817512,0,0,0.9999899151817512,6.283232103143632e-05
01479000,1.0,0,0,1.0,0.0
01582500,0.9994323664983871,0,0,0.9994323664983871,-0.0002690236162820048
01594440,0.8643173446509154,0,0,0.8643173446509154,0.038886288830679794
01669520,1.0,6,6,1.0,0.0
02092500,1.0,0,0,1.0,0.0
02108000,1.0,0,0,1.0,0.0
14400000,1.0,0,0,1.0,0.0
11469000,1.0,0,0,1.0,0.0
11478500,1.0,0,0,1.0,0.0
11481000,0.9940878519925169,0,0,0.9940878519925169,-0.004908215687713935
11482500,1.0,0,0,1.0,0.0
11528700,1.0,0,0,1.0,0.0
11461000,1.0,0,0,1.0,0.0
11461500,0.9999176862122802,0,0,0.9999176862122802,0.0004558092765778454
11462000,0.9999176862122802,0,0,0.9999176862122802,0.0004558092765778454
11468000,1.0,1,1,1.0,0.0
11468500,1.0,2,2,1.0,0.0
11470500,0.9997258955575136,0,0,0.9997258955575136,3.5618379482071916e-05
11471500,0.9998559098262695,0,0,0.9998559098262695,8.370585061068248e-05
11473900,1.0,0,0,1.0,0.0
11476500,1.0,0,0,1.0,0.0
11480390,0.9890090304054531,0,0,0.9890090304054531,0.0017023958013306917
11480410,0.9890090304054531,0,0,0.9890090304054531,0.0017023958013306917
11460600,0.9992210214770945,0,0,0.9992210214770945,-0.0010091281280841802
11160500,1.0,0,0,1.0,0.0
11162500,1.0,0,0,1.0,0.0
11143000,1.0,0,0,1.0,0.0
01408120,1.0,0,0,1.0,0.0
01208925,0.9971613166997272,0,0,0.9971613166997272,-0.00482231650867071
01304500,1.0,0,0,1.0,0.0
01375000,0.9980020127722986,0,0,0.9980020127722986,0.0014784763632955666
01378500,0.8983730070513076,0,0,0.8983730070513076,0.02687005263174025
01381000,0.9958437293978234,0,0,0.9958437293978234,0.0017749301968117415
01381900,0.9992314457897679,0,0,0.9992314457897679,0.00042177193329839824
01383500,0.9994723229897021,0,0,0.9994723229897021,0.0016119121365083533
01168500,0.9973827607653681,0,0,0.9973827607653681,0.00016283918096893224
01170000,0.9991954355725591,0,0,0.9991954355725591,7.090057084102597e-06
01170500,0.9998598111276067,0,0,0.9998598111276067,0.00011859135422609413
01181000,1.0,0,0,1.0,0.0
01183500,0.9923885784822456,0,0,0.9923885784822456,-0.003304369729496881
01186000,0.9950689918227575,0,0,0.9950689918227575,0.001395179394983126
01188090,0.9972505927753322,0,0,0.9972505927753322,-0.0007416371085349205
01192500,0.9970677617067288,0,0,0.9970677617067288,-0.002648034947486444
01205500,0.9995366419937558,0,0,0.9995366419937558,0.0007591637016719499
01206900,0.9972102575094673,0,0,0.9972102575094673,0.002232943549074662
01208500,0.9996192772950819,0,0,0.9996192772950819,0.00018481784205848228
01331500,1.0,0,0,1.0,0.0
01333000,1.0,0,0,1.0,0.0
01364500,0.9981956896185606,0,0,0.9981956896185606,0.001829875251381674
01116500,0.9998931911729455,0,0,0.9998931911729455,9.349933972102598e-05
01172500,0.999983349909938,0,0,0.999983349909938,8.733416680883899e-05
01173000,0.9999927982067929,0,0,0.9999927982067929,3.1903411575218144e-05
01154500,0.9998795248245588,0,0,0.9998795248245588,7.287486830653833e-05
01327750,0.9968627166298699,0,0,0.9968627166298699,0.00041425093088132137
01129200,0.9972211002328373,0,0,0.9972211002328373,-6.19715860767922e-05
01134500,1.0,1,1,1.0,0.0
04285500,0.9961134975939727,0,0,0.9961134975939727,0.002459637659971925
04287000,1.0,0,0,1.0,0.0
04289000,0.9973573042378386,0,0,0.9973573042378386,0.0005071948420689587
04292500,0.9968084560801843,0,0,0.9968084560801843,0.0006354157188759313
04296000,1.0,0,0,1.0,0.0
01081000,0.9976215091312259,0,0,0.9976215091312259,2.457120980903227e-05
01100000,0.9953857557713518,0,0,0.9953857557713518,0.0012842079174961718
01049000,0.9979209885775358,0,0,0.9979209885775358,0.0026586178748277955
01049500,0.9996352279789509,0,0,0.9996352279789509,6.067191971204089e-05
01052500,1.0,0,0,1.0,0.0
01053500,0.9981198133596519,0,0,0.9981198133596519,8.774905311925707e-05
01054000,0.999505996963802,0,0,0.999505996963802,5.890510795913961e-05
01054200,1.0,0,0,1.0,0.0
01054500,0.9999005122298604,0,0,0.9999005122298604,3.146777061258099e-05
01055000,1.0,0,0,1.0,0.0
01059000,0.9990012485235471,0,0,0.9990012485235471,0.00029188839667737554
01042500,0.999802548107419,0,0,0.999802548107419,-0.00016662109659837387
01046500,0.9999693380758238,0,0,0.9999693380758238,-7.086274371992385e-05
01013500,1.0,0,0,1.0,0.0
01019000,0.9988685396803167,0,0,0.9988685396803167,1.9711578149728126e-05
01022500,0.9982035329496217,0,0,0.9982035329496217,0.0006099877542351528
