staid,comid,T0,a,b,cascade,nse_test_window,nse_1983_2010,nse_ddrs_vs_nodam_test,nse_fit_vs_nodam_test
05014500,71045424,0.4914907944250637,0.0,0.5,False,0.9927892893083067,0.9928862185247173,0.9966946894405732,0.991258193331647
04034500,72040348,0.0499999999999999,-0.5,1.0,False,0.9980631887531457,0.9979654418779901,0.9984900132584908,0.9999432443923418
04063500,72046118,0.0499999999999999,0.5,2.0,True,0.9719532125028217,0.9620073688805586,0.9714836919581963,0.999943430470361
04062500,72046134,2.255341494966317,-1.5,2.0,False,0.9987776026663806,0.9987378774834057,0.8172043536966748,0.8179344872429304
04292500,72051590,0.0499999999999999,-0.5,0.0,False,0.9954985210512683,0.9955650937113197,0.9973364826361637,0.9995775226356524
04266500,72051591,0.0499999999999999,2.0,-2.0,False,0.9997900026591489,0.9997918802481656,0.9984125172891734,0.997836361103079
04289000,72052366,0.3812699412948386,1.0,1.5,False,0.9979935297819584,0.9979666008283596,0.9807940251770231,0.9766854431381626
04285500,72052452,0.0499999999999999,1.5,0.0,False,0.9957095723368521,0.9953134497067987,0.9973850552555814,0.9981296404440678
04232482,72055238,0.1779852882826546,2.0,-2.0,False,0.9931617362333455,0.9951870026826894,0.9808989808222537,0.9838118407874156
04170000,72055781,0.6335752569011934,0.5,0.5,False,0.9980429435074447,0.9980186920273052,0.9875151441659603,0.9816537548849034
04239000,72056123,0.0830874910764661,2.0,-0.5,False,0.9928088318598823,0.9934182584444912,0.990229341815865,0.9872090319372316
04240180,72056197,3.7478133267479534,-0.5,1.0,False,0.9988222197240527,0.9989828961230833,0.8164461765771605,0.8250310028798695
01053500,73000610,1.7495626146803187,0.0,2.0,False,0.9975244586291114,0.9974700174181411,0.8712170117321765,0.8803167679124576
01022500,73000670,0.1380706234676368,-0.5,0.0,False,0.9971821415817997,0.9971931943074652,0.9994703423105976,0.9972489950026701
01019000,73000706,2.907335362699394,0.0,2.0,False,0.9989967086092191,0.9989171892471209,0.7452646385481356,0.7483936390534287
01100000,73001690,0.0499999999999999,2.0,-1.0,False,0.998015000167215,0.9973206735605329,0.994959356555237,0.9936873418525365
01327750,73001748,2.255341494966317,-0.5,-0.5,True,0.9647975062082711,0.962089057094168,0.8196359462884838,0.8732256962272951
01325000,73001864,36.84031498640386,-0.5,-0.5,False,0.9996286669231764,0.9996118176604586,0.31166013014054716,0.3241950921234802
01315000,73002031,2.255341494966317,-1.0,-2.0,False,0.9981558514963045,0.9982194167250504,0.8528294405688466,0.8525203424733864
01336000,73002079,0.0499999999999999,0.0,2.0,False,0.981069819777118,0.9830903348701138,0.9870789430831577,0.9966903257013497
01205500,73003122,0.0499999999999999,-1.0,0.0,False,0.9998254274322562,0.9998589523998209,0.999442056602785,0.9995139536135931
01547500,73003252,2.907335362699394,1.0,0.0,False,0.9930922346361675,0.9945469174977126,0.6499664970947625,0.6966955334863782
01425000,73003347,2.255341494966317,-1.0,1.0,False,0.9949037417170952,0.9952710474526519,0.816807732201639,0.8355460031773014
01375000,73003424,0.0499999999999999,1.5,-1.5,False,0.9988165488363202,0.9986340202717532,0.9947501014862731,0.9934846020073971
01417000,73003431,36.84031498640386,0.0,-0.5,False,0.9981330788035714,0.9985486456365954,0.14589531387934673,0.16504543238453706
01520000,73003440,0.8167347399191549,0.5,0.0,False,0.9919010585636583,0.9926547105572341,0.8710949076105792,0.8903479493386272
01518000,73003466,1.0528435700809526,0.5,0.5,False,0.9896124305313396,0.990890537887968,0.7782285050710375,0.822525818568888
01206900,73003590,0.8167347399191549,0.5,-0.5,False,0.9971420005544143,0.9973903722131303,0.9572319015486552,0.9556915297969595
01186000,73003600,8.028352123148267,0.0,-0.5,False,0.9984426570806468,0.9987113370528344,0.5941033629656591,0.6152551669220798
01429500,73003736,0.0499999999999999,1.0,0.0,False,0.9923581294980608,0.9926403406071296,0.9946764400730393,0.9981685428594547
01435000,73003743,0.0499999999999999,-1.5,0.0,False,0.949828466809228,0.9519202667925885,0.9588832708736217,0.9975493550114739
01172500,73003758,2.255341494966317,0.5,-0.5,False,0.9977358943185176,0.9977960379779943,0.8478371282597579,0.8665939959758482
01534300,73003804,1.0528435700809526,0.0,0.0,False,0.9973029637031663,0.9976253767762954,0.9532308417764468,0.947902864100149
01378500,73005190,0.0499999999999999,-2.0,0.5,False,0.923242432205422,0.9271251203669711,0.937209503140479,0.9937151878573525
01381000,73005222,0.0499999999999999,1.5,1.0,False,0.9943541858417225,0.9948147726215948,0.9967767720025117,0.9956620440937862
01563200,73005301,0.2957670210385463,1.0,1.0,False,0.9872244240729168,0.9907746426028232,0.9605085451048454,0.9583850025288008
01541200,73005384,0.8167347399191549,0.5,0.5,False,0.9946434219449942,0.9952193586261144,0.8976899045655723,0.8930783248666598
01470960,73005452,0.3812699412948386,0.0,0.5,False,0.9992636894374818,0.9992741530323688,0.9915925409957218,0.9921999648153218
01449800,73005518,2.255341494966317,0.0,0.0,False,0.9950126528193578,0.9955873492018363,0.7664232689539409,0.8018367889461521
01574500,73005671,0.0499999999999999,-0.5,-1.5,False,0.9860708920603406,0.9860880910008292,0.9898145086450644,0.9984602656415595
01396800,73005744,0.4914907944250637,-0.5,2.0,False,0.9829446227783895,0.9859249546841915,0.8914801143869868,0.9118206535313165
01597500,73006655,0.6335752569011934,0.0,1.5,False,0.9920331790761336,0.992922953888961,0.8859997600662584,0.901174185633711
01592500,73006954,1.3572088082974532,-0.5,1.5,True,0.9612791924151047,0.9618202713418713,0.8052014522680853,0.8481857880589713
01591610,73007024,2.907335362699394,-0.5,0.5,False,0.9938596633683173,0.9943983924231553,0.6780719791555208,0.7083812711121742
02011800,73007996,1.7495626146803187,0.0,0.5,False,0.9860365470231598,0.9854523148979775,0.6641795645689677,0.7430137620785909
02077303,73008005,0.2957670210385463,-0.5,0.0,False,0.9845633938705932,0.9846030695283041,0.9688309956599708,0.9669900479779956
02041650,73008074,1.0528435700809526,0.0,0.0,False,0.9927696285478018,0.9932582287640305,0.9131660850885501,0.9113680514147401
02072000,73008205,2.255341494966317,0.0,0.0,False,0.9931084701113245,0.9918741408320669,0.746110752239067,0.795371199265248
02082506,73009358,0.0644544378132592,2.0,1.0,False,0.9562799858196368,0.9704845215394525,0.9536601879644522,0.9860673848983021
02085500,73009720,0.0499999999999999,-1.0,-1.0,False,0.9019070029767068,0.9051966088405231,0.9309807635612047,0.9906688917175461
02094500,73009785,0.0499999999999999,-0.5,0.5,False,0.9311954261070912,0.925805164984678,0.9413742785136582,0.9986086414925295
02105769,73011192,1.7495626146803187,0.5,0.0,True,0.9911012569161555,0.9920319800744327,0.7912364119887318,0.8280888708953348
02394000,73011526,13.341112707816194,0.0,-0.5,False,0.9987922471036194,0.998895985738075,0.5439623926504942,0.5714779206480207
02334430,73011587,13.341112707816194,0.0,-1.0,False,0.9991633827557403,0.9991644230510451,0.6365261095668349,0.6530801634861385
02382500,73011684,4.831264020091606,0.0,0.0,False,0.9982114060604979,0.9983664262573013,0.7593708988862938,0.7874494711919562
02466030,73014355,0.6335752569011934,0.5,0.0,True,0.9918694347191309,0.9924573424824362,0.9194320850091227,0.9370642761573734
02462500,73014378,0.0499999999999999,-1.0,-1.0,False,0.9998410028508319,0.999847925387694,0.9997299210430489,0.9995850082026326
02197000,73014555,6.227928126848629,-0.5,0.0,False,0.9979418435361981,0.9980735883113803,0.6940887482714531,0.7245602591973547
02343801,73017683,0.2957670210385463,1.0,1.0,True,0.9921605835525079,0.9917082798565182,0.9335167881920203,0.9451603495834386
02294491,73021698,2.255341494966317,0.0,-1.0,False,0.997922230388586,0.998104322647827,0.8744774879007153,0.8891887843599497
05356000,74009437,0.4914907944250637,2.0,-1.0,False,0.9986870926977278,0.9986265803952418,0.9333763870129409,0.9324326403116687
05360500,74009856,0.0499999999999999,0.5,1.0,False,0.9600906092068644,0.9543342689560229,0.9626013114448798,0.9998773441889658
05398000,74009947,0.0499999999999999,-1.0,-0.5,True,0.9990437722278982,0.9989036368211875,0.9995796459394194,0.999178260738904
06038500,74010095,6.227928126848629,-1.5,-1.0,False,0.9989864387419527,0.9989292889186825,0.4431001923152552,0.45525731340215414
05391000,74010123,0.8167347399191549,-0.5,2.0,False,0.9956002431547414,0.9970689762207582,0.9704701418336223,0.9658059056853582
05369000,74010605,0.0499999999999999,1.5,-1.5,False,0.9994977948958206,0.9995253553585328,0.9954824000273353,0.9963605106256715
05292000,74010687,4.831264020091606,-0.5,0.5,False,0.9981129037231157,0.9982010875880941,0.828787600153473,0.8416857371082775
06020600,74011131,0.4914907944250637,-2.0,-2.0,False,0.9998045882931936,0.9997899422268846,0.9797700134509775,0.9809955713893359
06259000,74016679,22.169591661216124,-1.0,0.0,True,0.9853736970138254,0.9874280412015717,0.7514625136607733,0.7352485472040808
06224000,74017042,28.578571341464123,2.0,2.0,False,0.9995721603589486,0.9995882301606502,0.7188075185901306,0.7190474275361125
06410500,74017872,1.7495626146803187,2.0,2.0,True,0.9965691904302258,0.9966613294849223,0.949057922175836,0.9631572030487349
06409000,74018904,1.0528435700809526,2.0,1.5,False,0.9996923759906277,0.999660862980376,0.9071543608275101,0.9075545760784504
05464500,74022953,1.0528435700809526,0.5,-0.5,False,0.9979256332254218,0.9981630101918932,0.9098536028497312,0.9174173190448136
05483600,74023756,0.0499999999999999,-0.5,2.0,False,0.9961064485853113,0.9967899802370146,0.9965318883179767,0.9998508368917881
03014500,74024793,1.0528435700809526,0.5,2.0,False,0.9992305601117576,0.999268880906993,0.8896857703931803,0.8904697693305016
03036500,74029563,0.1071071505329564,2.0,-1.5,True,0.9984552065333153,0.9984659267810406,0.9787739021651363,0.9818819116411962
03030500,74029837,0.0499999999999999,0.0,0.5,False,0.998212725374246,0.9983153580755121,0.9995936527967756,0.9991899531947457
03221000,74030552,0.4914907944250637,0.0,0.0,False,0.9917581347092788,0.9915939607204622,0.9478110120614744,0.9599506901416189
06903900,74030675,13.341112707816194,-0.5,-0.5,False,0.9998265417719886,0.9998270623939857,0.7767821563955278,0.7838808670325268
03228500,74031420,0.6335752569011934,-2.0,0.5,False,0.9716291522580165,0.9721895233633251,0.9296377760994012,0.9284364711824483
03091500,74031441,1.3572088082974532,0.0,0.0,False,0.9991626853682561,0.9991478127580524,0.9850816728140089,0.978918503915511
03042280,74032667,0.2957670210385463,-0.5,0.0,False,0.9946512803543144,0.9953709760745507,0.9913516233705182,0.981044619489322
03353500,74037334,0.0499999999999999,-1.5,0.0,False,0.995699591298282,0.9956204319382574,0.9971844146763795,0.9978529430265336
03266000,74037394,0.2294388339057876,0.0,1.0,False,0.9667414015363109,0.961233446343528,0.9765300823519097,0.970680225397136
03270000,74037551,0.0830874910764661,-1.0,0.0,False,0.9988942673190346,0.9988576160942055,0.9993526447645945,0.9984635405486099
05592000,74037736,28.578571341464123,-1.5,-0.5,False,0.9995249762511537,0.9994940212718358,0.5762916043860895,0.5835064405212966
06906200,74037925,3.7478133267479534,0.0,0.5,False,0.950652814253673,0.9630183338754719,0.733964869756353,0.6904109182615374
03225500,74038104,1.7495626146803187,0.0,-0.5,False,0.7478329851588401,0.7175642972693435,0.8590351309896631,0.8273628979952344
03228805,74038110,1.7495626146803187,0.5,-0.5,False,0.8806858318819195,0.8707855036004744,0.8837955945430785,0.8085208675322313
06912500,74038929,10.349258453288162,0.0,0.0,False,0.9904159356892233,0.992147856669008,0.5157708939592541,0.5247973067083855
03272000,74039066,0.0499999999999999,0.0,-1.0,False,0.9962068526076665,0.9962789679142533,0.998514908486883,0.9981750362202119
03232500,74040252,0.0499999999999999,1.0,-0.5,False,0.989925738718651,0.9892215870017285,0.9945633687275859,0.9960190528090788
03320000,74045470,1.3572088082974532,1.0,-0.5,False,0.997708956923416,0.9979068383259282,0.8444339324727657,0.8611817286554372
03284000,74045537,0.1071071505329564,2.0,-1.0,False,0.9951258539068144,0.9952326654443475,0.947880915328429,0.9613418725928297
05593000,74045947,22.169591661216124,-1.0,-0.5,True,0.9690540102817665,0.9700532936894326,0.5765884605621405,0.6240270528332391
07124410,74046113,0.6335752569011934,-2.0,-2.0,False,0.9995512992875555,0.9996546738409783,0.9290775048456745,0.9315413346150121
06921350,74046746,13.341112707816194,-0.5,-0.5,False,0.9953459294191163,0.9943396609394408,0.3978462894402819,0.43266770673351884
03209000,74047454,1.7495626146803187,0.0,-1.0,False,0.9944503872538826,0.9951599552775604,0.8386627896212967,0.8662013185564342
07198000,74054789,13.341112707816194,-0.5,-0.5,True,0.9906511464478363,0.9928843773043955,0.5548451593660353,0.5655193840601795
07195500,74055277,0.0499999999999999,0.0,-0.5,False,0.9320566072391409,0.9421921769762449,0.9408527029561059,0.9990592816352286
07206000,74056233,22.169591661216124,0.5,2.0,False,0.9994461792767813,0.9995363310066807,-0.14246747662582138,-0.13111269517277213
03504000,74063292,0.0499999999999999,-1.0,-0.5,False,0.9201171122990389,0.9315155386187566,0.9321279113053823,0.9976020253583802
07339000,74067549,3.7478133267479534,0.0,-0.5,False,0.9994085144929379,0.9994203126346245,0.9298476458988879,0.9323854288248861
08285500,75000104,1.7495626146803187,0.0,2.0,False,0.9997383607218924,0.9997122891434006,0.9868110771487929,0.9874034747514243
08245000,75000290,775.7417750638455,-0.5,2.0,False,0.999690114236919,0.9996499176007095,0.514135544070331,0.5162491755224674
08287000,75000732,280.9220946429914,-0.5,0.5,True,0.9998652360891563,0.9998740667271938,0.32924518651603274,0.33654888582329356
08382830,75000801,362.1335135907445,-0.5,1.0,False,0.999792122708536,0.9997681550131827,0.40227373206976547,0.4047633249349548
08317950,75000868,0.0499999999999999,2.0,1.0,False,0.9972189340036897,0.9973994552455562,0.9895823670106799,0.9922267656316573
08384500,75001908,1000.0,-0.5,1.0,True,0.9807762997537449,0.9847862695991133,0.263352432419073,0.3286253042777604
08390500,75002278,0.0499999999999999,2.0,1.5,False,0.8220779663078687,0.8336747710075693,0.8247850527710032,0.9993126051577502
08177500,75018528,0.0499999999999999,0.0,0.0,False,0.9119776716428,0.8933746846744246,0.9201841287220007,0.9992466054200206
09211200,77000631,28.578571341464123,-0.5,1.0,False,0.9998390817542282,0.999864291351418,0.8351395930398728,0.8401230037993483
11507500,77000791,8.028352123148267,-1.5,-1.0,False,0.9996614854007645,0.9997043859270115,0.9106923652929696,0.9124970897372652
10020300,77000926,10.349258453288162,0.0,1.5,False,0.9997260375699039,0.9997025963661067,0.9413950086276235,0.9439918699094246
11525500,77005963,4.831264020091606,0.0,1.0,False,0.9996102418298378,0.9996036633315332,0.8076671132649895,0.8154944081866538
10337500,77006016,61.21938685374067,-1.0,-0.5,False,0.9998140618347694,0.999814907782155,0.5461605136375827,0.5504882802970272
11407000,77006280,3.7478133267479534,-1.5,-1.0,True,0.9940860187113856,0.9954139056627704,0.8619075909038907,0.8810857569822373
09057500,77006776,1.3572088082974532,-0.5,-2.0,True,0.9569472941330891,0.9561835504984783,0.7933709818446744,0.9001896512433714
11399500,77007043,13.341112707816194,1.5,0.0,False,0.9994555409519282,0.999512222427628,0.2923780311819434,0.29491353978017887
10344500,77007086,17.19787838771242,0.5,1.0,True,0.519719565436517,0.7039276179372211,-0.4503825914744306,0.7100792637369253
09038500,77007153,28.578571341464123,-1.0,0.0,False,0.9995679784050292,0.999571853890442,0.605671572483305,0.6178078678591647
11470500,77007165,0.1071071505329564,0.5,2.0,False,0.9962268381330311,0.9956923883085205,0.9551542675586939,0.9643753611423524
10344400,77007269,61.21938685374067,0.0,2.0,False,0.9997025129718214,0.999759946573302,0.08425055210672716,0.07659927755745832
10134500,77007339,22.169591661216124,-0.5,2.0,False,0.9996387458784548,0.9996451810787187,0.625122119337282,0.6316642452275342
11414250,77007516,1.7495626146803187,-2.0,0.5,False,0.9996737188486634,0.9997552359652299,0.9805820100593141,0.9826476067525193
09050700,77007594,8.028352123148267,-1.5,0.0,False,0.9997485394536368,0.9997424138972972,0.9397972727893806,0.9440766205924263
11422500,77007607,0.0499999999999999,0.5,2.0,False,0.9970016554295346,0.9967507903775278,0.9934074367306351,0.9871723511211777
09291000,77007891,280.9220946429914,0.0,2.0,False,0.9997696938004644,0.9997676289759984,0.4943137402153648,0.4951027997628621
10340500,77008056,0.4914907944250637,0.5,2.0,False,0.9992527590907971,0.9995461184717384,0.9283428304667483,0.937291421114256
11461500,77008189,0.0499999999999999,-2.0,-2.0,False,0.9998836003941165,0.9998890435125869,0.9999161945339062,0.9999749770377967
11400500,77008597,0.0499999999999999,1.0,0.0,False,0.9892837312704814,0.9923372410390275,0.9913343359345931,0.9991899354777215
11480390,77008702,0.0499999999999999,-1.5,-2.0,False,0.9882463759690797,0.9888726527463018,0.9886465096515062,0.9999885341325653
11446500,77013378,2.907335362699394,-0.5,-1.0,True,0.995185962358554,0.9954976621724346,0.8999290115541363,0.9078924696035712
11451000,77013504,47.49043582624104,-1.5,-1.5,False,0.9993772677230482,0.9993361362265873,0.7886259766424168,0.8022703821195081
11428800,77013533,0.1380706234676368,1.5,-2.0,False,0.9981786033163186,0.9977086469136569,0.9923465861164467,0.9912313988796061
11424000,77013878,0.0644544378132592,0.5,2.0,True,0.9970520362850105,0.9974467266522695,0.9672207104782232,0.9783856350575881
11427000,77013879,0.0499999999999999,0.0,-0.5,False,0.9988271961014887,0.9988522945137195,0.9993827122372043,0.9997341132980977
09128000,77014029,36.84031498640386,-1.0,0.5,True,0.995956237657667,0.9960619096787292,0.578742784784797,0.6070961343912032
11289650,77014034,47.49043582624104,-1.5,0.0,True,0.9913992023930661,0.9941138382734385,0.6831451772738074,0.6967643127789892
11270900,77014089,61.21938685374067,0.0,0.5,False,0.9999575696303462,0.9999613121495489,0.5739878289663869,0.5740299225453651
11302000,77014099,47.49043582624104,-1.0,0.0,True,0.9983995243006994,0.9987934787981764,0.4515905174590049,0.4769692569687065
11242000,77014148,0.0499999999999999,-1.5,1.0,True,0.9998094901333906,0.9997604882091597,0.9997492484176129,0.9999738045035518
11319500,77014215,0.0499999999999999,-2.0,-0.5,True,0.9605253483097844,0.9777041536256659,0.9611580075005428,0.9999531410054087
11234760,77014277,0.0499999999999999,2.0,2.0,True,0.9998321146863702,0.999811484774763,0.9997292975144012,0.9998388833337333
11454000,77014336,6.227928126848629,1.0,-1.5,False,0.9989254795889118,0.9985345799985247,0.793463184942293,0.8057839395593349
11443500,77014363,0.6335752569011934,-2.0,-1.5,False,0.9985960457038527,0.9989975647335791,0.9971340359087154,0.9957642497006253
11276500,77014498,10.349258453288162,2.0,2.0,False,0.9997461257759207,0.9997768031773224,0.9243665825184219,0.9245507350767884
11292900,77014845,1.7495626146803187,-2.0,1.5,False,0.9993874832455281,0.9995223593441368,0.97356121357886,0.9735609103777895
11277300,77015232,2.907335362699394,2.0,-1.0,False,0.9994941536622499,0.9995471015354103,0.6828312701130603,0.6814917156576664
09109000,77015250,47.49043582624104,0.0,0.5,False,0.9998615356791816,0.9998785395190455,0.5671496540415624,0.5750234050273272
10293000,77015269,8.028352123148267,1.0,2.0,False,0.9997556585118863,0.999766218917064,0.8922492022427752,0.8936514747607426
11176400,77015290,0.0499999999999999,-2.0,-2.0,False,0.9880169861966763,0.9884526028577587,0.9882686556000733,0.999997408617905
11314500,77015395,0.8167347399191549,2.0,1.5,False,0.9996415214861883,0.999710661115503,0.9907819552856388,0.989553143536777
11231500,77015559,8.028352123148267,-2.0,2.0,False,0.9997463125610161,0.999747688869022,0.9046271373742022,0.9057660096106251
11278000,77015560,0.0644544378132592,2.0,2.0,False,0.9997876102756109,0.999867619798779,0.9981341391177914,0.9980640176068709
11214600,77016654,1000.0,-2.0,1.0,False,0.9995714150082216,0.9994456241310972,-1.6697472871462238,-1.6725626599227694
11149400,77021829,1.7495626146803187,0.0,2.0,False,0.9958104486135826,0.9930685717457421,0.47225866337829137,0.5099944012673476
09510000,77027234,0.4914907944250637,1.5,-2.0,False,0.9947744173255892,0.9920423428539806,0.9723210064737368,0.9791651007094715
09426000,77027270,3.7478133267479534,0.5,2.0,False,0.9991857811631855,0.9991448383926428,0.5696141138694861,0.577006605314754
11109800,77028005,169.05197822404836,1.0,-0.5,False,0.999569281717504,0.9994215037533691,-0.5200045831691533,-0.5118274038814365
11097000,77028401,0.0499999999999999,1.0,-2.0,False,0.9998749764430447,0.999724746905675,0.9998775336155628,0.9997661475086527
11123000,77028613,0.0499999999999999,-2.0,-2.0,False,0.9860313042861791,0.9826265573974168,0.9863335551399239,0.9999913795866829
11085000,77028728,0.0499999999999999,-2.0,0.5,False,0.9937008703248906,0.9954947479281051,0.995243215114106,0.9997045273427209
12362500,78013953,4.831264020091606,-0.5,-2.0,False,0.9989882954771796,0.9990486988432411,-1.0082154260741802,-0.9824725002408614
12433000,78015577,6.227928126848629,-0.5,0.0,False,0.9995544922172862,0.9995531167017047,0.9055609335575552,0.9125918549398705
12452500,78015651,22.169591661216124,-0.5,0.0,False,0.999599074923367,0.999581729969884,0.47945271797061473,0.49315255099002775
12106700,78015961,0.0644544378132592,1.0,-2.0,False,0.9818976439010395,0.9813825731449985,0.9836935036663617,0.9993022111742251
12116500,78016113,13.341112707816194,-0.5,-1.5,False,0.9940695637657931,0.9950593530656424,0.5127852155352808,0.5382104038736999
14238000,78017902,13.341112707816194,-0.5,-1.0,False,0.9969710839019017,0.9970928143984851,0.54402968599464,0.5860324250793021
12086500,78018009,2.907335362699394,-1.0,-0.5,False,0.9941169329783409,0.9945064295347,0.7143364287910546,0.7585164047108685
14220500,78019905,6.227928126848629,-1.0,-1.5,False,0.9970998455586952,0.9972776389098501,0.8183750756489414,0.8365843341025464
14210000,78019938,0.1071071505329564,0.0,0.5,True,0.9987152781349804,0.9986456854684694,0.9983900638928557,0.9955938540434773
12342500,78020300,0.8167347399191549,2.0,1.5,False,0.9994685852125328,0.9993993001090351,0.9932474229216547,0.9911741574788477
14140000,78020325,0.0644544378132592,-2.0,-1.0,True,0.9953973826799414,0.9954701983047786,0.9970410008222612,0.9984035835600062
14208700,78020581,22.169591661216124,-0.5,-0.5,False,0.9998116969406632,0.9998002025389124,0.7574525878972264,0.7647111453143345
14138850,78020663,0.0499999999999999,-0.5,-2.0,False,0.9923586402140685,0.9924166659540947,0.9931396006179115,0.9996917272026798
14169000,78021753,17.19787838771242,-0.5,-2.0,False,0.9980538220186819,0.9979442756774186,0.7976904778315295,0.8154212440408013
13245000,78021944,4.831264020091606,-0.5,-2.0,True,0.9810659736650886,0.9823879355098865,0.5299874532936,0.5170633825475235
14159500,78022004,6.227928126848629,-0.5,-2.0,False,0.9992939512308036,0.999290236379343,0.7912340620008904,0.7978224674835126
13239000,78022034,4.831264020091606,2.0,2.0,False,0.9983793195487607,0.9984304470049915,0.9222835831408528,0.9145487245822999
13046000,78022109,1.7495626146803187,2.0,1.0,True,0.8597740986529501,0.8730070898442743,0.5946278446729645,0.8966470166780195
14181500,78022215,13.341112707816194,-1.0,-1.5,False,0.9990297027374495,0.9990486874937782,0.7249519631277741,0.7358155692018711
13042500,78022223,78.91722325860573,0.5,1.0,True,0.9991894058009815,0.9992175363373837,0.37353386686959866,0.41640679440092887
13236500,78022428,169.05197822404836,1.0,2.0,False,0.9998636105989902,0.9998586079451889,0.7120225130385149,0.7055260701564618
13039500,78022608,101.73130517833803,0.5,1.5,False,0.999763375789836,0.999775772335578,0.7407481114352117,0.7485674067983796
14162200,78022648,6.227928126848629,0.5,-2.0,False,0.9984705563699708,0.998500339410959,0.8592844262966834,0.8625084794994556
13240000,78022737,0.0499999999999999,-2.0,2.0,False,0.9836614155006075,0.9837045989436708,0.9838225118797016,0.9999679158118735
13032500,78024158,362.1335135907445,0.0,1.5,False,0.9997697117504403,0.9997620453576453,0.4997223583511329,0.4944883195182386
13249500,78024239,2.907335362699394,-2.0,1.0,True,0.9499428605853104,0.950765364441864,0.9374973135875175,0.9747360900640737
13202000,78024299,169.05197822404836,-0.5,1.0,True,0.9994499594239614,0.9994884886239848,0.7032786398981399,0.7187335611926904
13215000,78024308,2.907335362699394,0.0,2.0,False,0.9998694973327725,0.9998704673867572,0.9138547598885289,0.9157566496187832
14151000,78024327,10.349258453288162,-0.5,-2.0,False,0.9984265515148331,0.9984180017493892,0.8002600408917107,0.8145882884281366
13217500,78024357,0.4914907944250637,0.5,2.0,False,0.9997879363497547,0.9998207136021358,0.976983239239085,0.9770679182808226
13190500,78024476,8.028352123148267,1.0,1.0,False,0.9997710273072369,0.9998124600027186,0.8895163962073613,0.8932714179355234
14150000,78024498,6.227928126848629,-1.0,-1.0,True,0.9866608957617595,0.9835742782490337,0.8131820760118177,0.8754115423480083
14145500,78024606,2.255341494966317,-2.0,-2.0,False,0.9994231671593795,0.9994456884933164,0.8888034000602204,0.8927288409959466
14155500,78024645,0.4914907944250637,1.0,1.5,False,0.9960077140288504,0.995810063629805,0.8579639157199281,0.8837011318238445
14313500,78024795,1.7495626146803187,0.0,2.0,False,0.9996635430916067,0.9997243574567592,0.8680925635567931,0.8720218678682476
14153500,78024815,0.0644544378132592,2.0,1.5,False,0.9993293107911727,0.9992158136155614,0.9947911601769798,0.9930899503157338
13147900,78024822,2.255341494966317,-2.0,1.5,False,0.9997399857202984,0.9997891905157457,0.9938932452461593,0.9934234274757907
14362000,78026526,0.0644544378132592,2.0,0.0,False,0.9997648596663666,0.9997651968719421,0.9990561846047885,0.9985840237506602
13174500,78028265,2.255341494966317,2.0,2.0,False,0.9996212695323757,0.9995524091537971,0.9258447401671603,0.9272353984512326
