staid,T0,a,b,cascade,ratio,balance,nodam_floor_days,ratio_pass,balance_vs_pass
05014500,0.491490794,0.0,0.5,False,1.005092152388739,1.005123202061624,0,1.00511641465229,1.0000067528589078
04034500,0.05,-0.5,1.0,False,1.000025087488259,1.0000260488798882,0,1.0000253657458853,1.0000006831166752
04063500,0.05,0.5,2.0,True,0.9997745283277228,0.9997816358195653,0,1.00006672222279,0.9997149326171048
04062500,2.25534149,-1.5,2.0,False,0.9995101642966816,0.9999205103612538,0,1.0000562954927112,0.9998642225122032
04292500,0.05,-0.5,0.0,False,1.00065110227379,1.000653219111948,0,1.000649337782973,1.0000038788103167
04266500,0.05,2.0,-2.0,False,1.0000696959791338,1.0000698799420558,0,1.000057903867457,1.0000119753811778
04289000,0.381269941,1.0,1.5,False,1.0005239460826096,1.0005260054791425,0,1.0005242093221072,1.0000017952159663
04285500,0.05,1.5,0.0,False,1.0025199748979028,1.0025209654124478,0,1.0025201727701618,1.0000007906497121
04232482,0.177985288,2.0,-2.0,False,1.0009651061548812,1.000964427877299,0,1.0009424435595546,1.0000219636182737
04170000,0.633575257,0.5,0.5,False,1.0002114167815344,1.0002202886905145,0,1.0002168836390712,1.0000034043131034
04239000,0.0830874911,2.0,-0.5,False,1.001421525429704,1.0014242651549023,0,1.001415001936885,1.0000092501290667
04240180,3.74781333,-0.5,1.0,False,1.0000470472683944,1.0002011513488769,0,1.0002672972733362,0.9999338717514412
01053500,1.74956261,0.0,2.0,False,1.00000709970429,1.0000211229748204,0,1.0000907149648732,0.9999304143224095
01022500,0.138070623,-0.5,0.0,False,1.000627854462962,1.000629000171835,0,1.000632492790504,0.9999965095889909
01019000,2.90733536,0.0,2.0,False,0.999971987100578,0.9999511410747852,0,1.0000217115149757,0.9999294310919675
01100000,0.05,2.0,-1.0,False,1.0005984566286044,1.000598020069088,0,1.0013264633872032,0.9992725216552741
01327750,2.25534149,-0.5,-0.5,True,1.0002580756060733,1.000270889969087,0,1.0004267302982046,0.9998442261443063
01325000,36.840315,-0.5,-0.5,False,1.0001912245223632,1.000069750687649,0,1.0001124146877778,0.9999573407953924
01315000,2.25534149,-1.0,-2.0,False,1.0000494151771402,1.000179705833479,0,1.0001712871062098,1.0000084172854966
01336000,0.05,0.0,2.0,False,1.002103765947021,1.0021051984067366,0,1.0021049474981818,1.0000002503815149
01205500,0.05,-1.0,0.0,False,1.0000730538736755,1.0000723523707524,0,1.0007639602442302,0.9993089200841035
01547500,2.90733536,1.0,0.0,False,1.0004272072175628,1.0004139539691803,0,1.0003959408164749,1.0000180060233859
01425000,2.25534149,-1.0,1.0,False,1.0008757442852678,1.0008995169851211,0,1.0009804117507675,0.999919184466852
01375000,0.05,1.5,-1.5,False,1.0003236452978723,1.000323694802848,0,1.001461379826475,0.9988639751401854
01417000,36.840315,0.0,-0.5,False,1.00226466853383,1.0028324488060132,0,1.002732637178373,1.0000995396219685
01520000,0.81673474,0.5,0.0,False,1.001513950243602,1.0015137668839822,0,1.0015066540300008,1.000007102153493
01518000,1.05284357,0.5,0.5,False,1.0013575316072232,1.0013571436613449,0,1.001376232904113,0.9999809369923703
01206900,0.81673474,0.5,-0.5,False,1.002305546565653,1.002315284561406,0,1.0022257167066937,1.000089368944759
01186000,8.02835212,0.0,-0.5,False,1.0014541612408068,1.0014441104638718,0,1.0013854622199156,1.0000585671014497
01429500,0.05,1.0,0.0,False,1.0069222968394314,1.0069291473667956,0,1.0069225797063894,1.0000065225078258
01435000,0.05,-1.5,0.0,False,1.0102352042265963,1.0102459638389134,0,1.0102700527497075,0.9999761559686655
01172500,2.25534149,0.5,-0.5,False,1.0000499208305442,1.0000406328963585,0,1.0000889353662656,0.9999517018255086
01534300,1.05284357,0.0,0.0,False,1.0028927746161092,1.0029176167310567,0,1.0029958112463375,0.9999220390410368
01378500,0.05,-2.0,0.5,False,1.0265025339633356,1.0265074266691427,0,1.0267917511317515,0.9997230943253144
01381000,0.05,1.5,1.0,False,1.001787137700338,1.0017868015586928,0,1.0017837008658688,1.0000030951719632
01563200,0.295767021,1.0,1.0,False,1.0029970028728246,1.0029960208803013,0,1.0029598319541666,1.000036082129096
01541200,0.81673474,0.5,0.5,False,1.0018298688188303,1.0018307389837038,0,1.0018175169671741,1.0000131980288882
01470960,0.381269941,0.0,0.5,False,1.0000460092462482,1.0000495439228063,0,1.000063271003277,0.9999862737880004
01449800,2.25534149,0.0,0.0,False,1.0005656652341446,1.000558954313211,0,1.0006886718038577,0.999870371780653
01574500,0.05,-0.5,-1.5,False,1.0022605479296227,1.0022739456672545,0,1.0026152156610155,0.9996596201728934
01396800,0.491490794,-0.5,2.0,False,1.000168056632444,1.0001722426570758,0,1.0001736396268381,0.9999986032727649
01597500,0.633575257,0.0,1.5,False,1.0008277385090711,1.000824414334675,0,1.0007995627222879,1.000024831757839
01592500,1.35720881,-0.5,1.5,True,1.0471669507449357,1.0472736146313837,1,1.0478155934724789,0.9994827536023786
01591610,2.90733536,-0.5,0.5,False,1.0047155031789077,1.0048612834542008,0,1.0052524507009561,0.999610876604695
02011800,1.74956261,0.0,0.5,False,1.0001882991270414,1.0001632289385705,0,0.9872750461266057,1.0130542981538218
02077303,0.295767021,-0.5,0.0,False,1.026532694426019,1.0265814671112885,0,1.038088160181411,0.9889154953196735
02041650,1.05284357,0.0,0.0,False,1.0027182150497442,1.0026859102774155,1,1.003634916070295,0.9990544312700923
02072000,2.25534149,0.0,0.0,False,0.9999270858570464,1.0000590341468236,0,1.0001070623583803,0.9999519769299064
02082506,0.0644544378,2.0,1.0,False,1.0144800653739832,1.0144817406339626,0,1.0145244696004034,0.999957882764072
02085500,0.05,-1.0,-1.0,False,1.0860518543916484,1.0860928207034697,2,1.0861439521104193,0.9999529239132159
02094500,0.05,-0.5,0.5,False,1.034938838871257,1.0350227707082589,0,1.0374538116210807,0.9976567237157062
02105769,1.74956261,0.5,0.0,True,1.0007230574587442,1.0007246849377314,0,1.004603476476756,0.9961389825639188
02394000,13.3411127,0.0,-0.5,False,1.0000039283373603,1.000040963453936,0,1.0000273873821919,1.0000135756999413
02334430,13.3411127,0.0,-1.0,False,0.9996479380209662,1.0001114533219249,0,1.000097941960291,1.0000135100384344
02382500,4.83126402,0.0,0.0,False,1.0000240911957277,1.0000003717738697,0,1.0000752699735058,0.999925107437525
02466030,0.633575257,0.5,0.0,True,1.0008791591528634,1.0008789622516896,0,1.0009737396820233,0.9999053147684336
02462500,0.05,-1.0,-1.0,False,1.0001196818180644,1.000119771298074,0,1.000801884836911,0.9993184329994063
02197000,6.22792813,-0.5,0.0,False,1.000005503233415,1.0001143737307665,0,1.0003310415484865,0.9997834038845934
02343801,0.295767021,1.0,1.0,True,1.0003283172994422,1.0003332267403815,0,1.0002287551687379,1.0001044476786973
02294491,2.25534149,0.0,-1.0,False,1.001152343969098,1.0002809863129232,0,1.000365093164154,0.999915923844399
05356000,0.491490794,2.0,-1.0,False,1.00004399638191,1.0000548983819144,0,1.0000585518985945,0.9999963466972277
05360500,0.05,0.5,1.0,False,1.0032989837708564,1.0033096806007158,2,1.0033014377179694,1.00000821575893
05398000,0.05,-1.0,-0.5,True,1.0001407288766593,1.0001610495265083,0,1.0005265139825728,0.9996347278648222
06038500,6.22792813,-1.5,-1.0,False,1.0002644237564644,0.9999646393820072,0,1.000001725318621,0.999962914127371
05391000,0.81673474,-0.5,2.0,False,0.9998894647461514,1.000156055611969,0,1.0001862642351607,0.9999697970025466
05369000,0.05,1.5,-1.5,False,1.0000054637201956,1.0000099851858877,0,1.0000964851652738,0.9999135083657735
05292000,4.83126402,-0.5,0.5,False,0.9992218158850412,1.0005826957296091,0,1.0004498928868897,1.0001327431225329
06020600,0.491490794,-2.0,-2.0,False,1.0003004548361487,1.000083316925345,0,1.0000033357299667,1.0000799809285834
06259000,22.1695917,-1.0,0.0,True,1.0009379722955516,1.000057376452232,0,0.9999990433962955,1.000058333111738
06224000,28.5785713,2.0,2.0,False,0.999032389175097,0.9988315985262152,0,0.9999359230556512,0.9988956047042881
06410500,1.74956261,2.0,2.0,True,1.0001031866497787,1.0001051204485112,0,1.0002607723774892,0.9998443886501637
06409000,1.05284357,2.0,1.5,False,0.9999619498966044,0.9999617201340076,0,1.0000061678623657,0.9999555525457877
05464500,1.05284357,0.5,-0.5,False,1.0001460990713964,1.000166021472785,0,1.0000478765485221,1.0001181392681624
05483600,0.05,-0.5,2.0,False,1.0021604153267356,1.002169378485701,0,1.0021633550640558,1.000006010418975
03014500,1.05284357,0.5,2.0,False,1.000015126024658,1.0000127702596773,0,1.0000396294580187,0.9999731418660318
03036500,0.107107151,2.0,-1.5,True,1.00014008912947,1.0001393715678153,0,1.0001632824239926,0.9999760930474079
03030500,0.05,0.0,0.5,False,1.0003395925478495,1.0003389797884437,0,1.0003750808607492,0.9999639124634387
03221000,0.491490794,0.0,0.0,False,1.0005975329862422,1.000596167252586,0,1.000630077939383,0.9999661106661246
06903900,13.3411127,-0.5,-0.5,False,0.9962061274816754,1.000232943111776,0,1.0001429447675332,1.000089985481289
03228500,0.633575257,-2.0,0.5,False,1.01531045334311,1.0153269316902394,0,1.0153310096313908,0.9999959836337975
03091500,1.35720881,0.0,0.0,False,1.0001606029979924,1.0001594345330171,0,1.0001606624936266,0.9999987722366461
03042280,0.295767021,-0.5,0.0,False,1.002849029043297,1.0028499130660091,0,1.0028509519737872,0.999998964045678
03353500,0.05,-1.5,0.0,False,1.003115459896264,1.0031154174196566,0,1.003114961659369,1.0000004543450203
03266000,0.229438834,0.0,1.0,False,1.0180246873084808,1.0180242772490766,1,1.0180716560722793,0.9999534621920568
03270000,0.0830874911,-1.0,0.0,False,1.0001975382262875,1.0001991085801276,0,1.0003876657846806,0.9998115158642974
05592000,28.5785713,-1.5,-0.5,False,0.9983900588172776,1.0019615463931413,0,1.0019696954180006,0.999991866994684
06906200,3.74781333,0.0,0.5,False,1.0344129975199898,1.0355170278921326,6,1.0357859036179655,0.9997404138008698
03225500,1.74956261,0.0,-0.5,False,1.155442924218922,1.1554295994232522,206,1.1554096886550898,1.0000172326477421
03228805,1.74956261,0.5,-0.5,False,1.092923261697364,1.0929227896281684,39,1.0929299637906371,0.9999934358442842
06912500,10.3492585,0.0,0.0,False,1.0281736570947646,1.02849906078486,0,1.0284488138308887,1.0000488570294366
03272000,0.05,0.0,-1.0,False,1.0037904379284308,1.003790267364639,0,1.003800565981764,0.9999897403752559
03232500,0.05,1.0,-0.5,False,1.0091317905379686,1.0091319696040877,0,1.009132781901879,0.9999991950536086
03320000,1.35720881,1.0,-0.5,False,1.0002115237535154,1.0001909468164916,0,1.0013961365593465,0.9987964905207286
03284000,0.107107151,2.0,-1.0,False,1.0000552859945464,1.0000547957249544,0,1.0016686382054505,0.998388845952702
05593000,22.1695917,-1.0,-0.5,True,1.0067907851266362,1.0082204808115105,0,1.0072855849016815,1.0009281339114173
07124410,0.633575257,-2.0,-2.0,False,1.0013642319203948,1.0001560230240938,0,1.0000355134815488,1.0001205052629836
06921350,13.3411127,-0.5,-0.5,False,1.0033661002706131,1.0054713266180062,0,1.0054543955294373,1.0000168392406898
03209000,1.74956261,0.0,-1.0,False,1.0002144909770394,1.000178261645283,0,1.0002530435313948,0.9999252370321736
07198000,13.3411127,-0.5,-0.5,True,1.0096464791927584,1.0103433435221076,0,1.0102648988924818,1.0000776475850164
07195500,0.05,0.0,-0.5,False,1.01526800989108,1.0152694037168024,0,1.0152682344460442,1.0000011516865381
07206000,22.1695917,0.5,2.0,False,0.9995919801383976,0.99928124722316,0,1.000023280627075,0.9992579838706858
03504000,0.05,-1.0,-0.5,False,1.012481092988598,1.0124895585870104,0,1.0124873579998246,1.0000021734465803
07339000,3.74781333,0.0,-0.5,False,1.0009004607395455,1.000921503246344,0,1.0008986236021802,1.000022859102435
08285500,1.74956261,0.0,2.0,False,1.0000010776274832,0.9999787985448758,0,1.000008322005907,0.9999704767846611
08245000,775.741775,-0.5,2.0,False,1.012219455714369,1.000834864631079,0,1.0003097692126575,1.0005249328103982
08287000,280.922095,-0.5,0.5,True,1.0062036336189517,1.0002403735981555,0,1.000029439764099,1.0002109276243971
08382830,362.133514,-0.5,1.0,False,0.9995570874947566,1.0002126113756216,0,1.0002834535523821,0.9999291778980158
08317950,0.05,2.0,1.0,False,1.006884815078826,1.00688128768433,0,1.0071939487165353,0.9996895721696861
08384500,1000.0,-0.5,1.0,True,1.0120022303379337,1.0026508687035385,0,1.0007613890974103,1.0018880420714795
08390500,0.05,2.0,1.5,False,1.0120610762004518,1.0120584794504324,0,1.0121038166632224,0.9999552049779444
08177500,0.05,0.0,0.0,False,1.093430368322624,1.0934318605432545,48,1.093429905514032,1.000001787978555
09211200,28.5785713,-0.5,1.0,False,1.0023532138269255,1.0000020228545532,0,0.9999981603595063,1.0000038625021526
11507500,8.02835212,-1.5,-1.0,False,1.0002802533181914,0.9999373828718104,0,1.0000093303757618,0.9999280531673397
10020300,10.3492585,0.0,1.5,False,1.001310833465464,0.9999752385701032,0,1.000147843937725,0.9998274201472632
11525500,4.83126402,0.0,1.0,False,1.001577261267537,1.0014813229905175,0,1.0015737661963096,0.9999077020496023
10337500,61.2193869,-1.0,-0.5,False,1.015835413946549,0.9998409634629348,0,1.0001687282954081,0.9996722904613985
11407000,3.74781333,-1.5,-1.0,True,1.0007665209283378,1.000399137116637,0,1.000425324788256,0.9999738234619115
09057500,1.35720881,-0.5,-2.0,True,1.0011061606398373,1.0010550537891123,0,1.0000021064199336,1.001052945151234
11399500,13.3411127,1.5,0.0,False,1.0001674185039295,1.000133549427246,0,1.0003808614098546,0.9997527821731216
10344500,17.1978784,0.5,1.0,True,0.999336867044794,0.9991761713879408,0,1.0000046933127362,0.9991714819636989
09038500,28.5785713,-1.0,0.0,False,1.0013290952448968,1.0002444123237295,0,1.0000224643882425,1.0002219429496744
11470500,0.107107151,0.5,2.0,False,1.0000267036059336,1.000026699243644,0,1.0000352074457244,0.9999914920974611
10344400,61.2193869,0.0,2.0,False,0.9995946259253062,0.9983117442390244,0,1.0000032841343949,0.9983084656598555
10134500,22.1695917,-0.5,2.0,False,1.002049369375013,0.9996108879608792,0,0.9999795907892995,0.9996312896464923
11414250,1.74956261,-2.0,0.5,False,1.001274847919193,1.000046989422132,0,0.9999990952504192,1.000047894215045
09050700,8.02835212,-1.5,0.0,False,1.0015829409122554,1.0002114759788607,0,0.9999926936632427,1.000218783914127
11422500,0.05,0.5,2.0,False,1.0027033906202505,1.0027032838493344,0,1.0027043184459352,0.9999989681937319
09291000,280.922095,0.0,2.0,False,1.0062633025753005,0.9990946179196354,0,1.000150157218889,0.9989446191737962
10340500,0.491490794,0.5,2.0,False,1.0000207570014097,0.9999994399579042,0,1.0000094411340505,0.9999899989182752
11461500,0.05,-2.0,-2.0,False,1.00043945480309,1.000440193448057,0,1.0004398321006192,1.0000003611885755
11400500,0.05,1.0,0.0,False,1.0016663216108628,1.0016654106277836,0,1.0016664024790445,0.9999990097988128
11480390,0.05,-1.5,-2.0,False,1.0016291732088825,1.001629449296278,0,1.0016292279829282,1.0000002209533665
11446500,2.90733536,-0.5,-1.0,True,1.001197006694171,1.0010376960644276,0,1.0011009036676843,0.9999368619057029
11451000,47.4904358,-1.5,-1.5,False,1.001676544967558,1.0007124772271156,0,1.000541334212432,1.0001710504192396
11428800,0.138070623,1.5,-2.0,False,1.000093549482214,1.0000916864029106,0,1.0000976805775423,0.9999940064108255
11424000,0.0644544378,0.5,2.0,True,1.0023868599097223,1.0023867698729536,0,1.002116565682178,1.000269633493776
11427000,0.05,0.0,-0.5,False,1.0008910515504466,1.0008897248171285,0,1.000890603539253,0.999999122059772
09128000,36.840315,-1.0,0.5,True,1.003510460243037,1.0001999357808051,0,1.000040396115112,1.0001595332211706
11289650,47.4904358,-1.5,0.0,True,1.0121417409985702,0.9999312631266872,0,1.0000550554400343,0.999876214501718
11270900,61.2193869,0.0,0.5,False,1.002898097932882,0.999865575629408,0,1.0000256997418355,0.9998398800026151
11302000,47.4904358,-1.0,0.0,True,1.0075426011062254,1.000440968808442,0,1.0000705719343332,1.0003703707363294
11242000,0.05,-1.5,1.0,True,1.0004273646030188,1.0003866638616237,0,1.0003837613560123,1.0000029013921692
11319500,0.05,-2.0,-0.5,True,1.0028027504812005,1.0027844098780263,0,1.0027730273448758,1.0000113510563609
11234760,0.05,2.0,2.0,True,1.0003588016661824,1.000350715043728,0,1.0004492643529777,0.99990149494556
11454000,6.22792813,1.0,-1.5,False,1.0004787567495053,1.0004760298653297,0,1.000317227628228,1.0001587518766204
11443500,0.633575257,-2.0,-1.5,False,1.000944387821507,1.0005189578185048,0,1.0006215775066727,0.9998974440582986
11276500,10.3492585,2.0,2.0,False,0.9996438991471936,0.9993946181029386,0,1.0000049230565478,0.9993896980509419
11292900,1.74956261,-2.0,1.5,False,1.000992453850959,1.0000944158062488,0,1.0001193795329668,0.9999750392530843
11277300,2.90733536,2.0,-1.0,False,0.9996883690058472,0.9996403118953558,0,1.0001519015955833,0.9994884879992616
09109000,47.4904358,0.0,0.5,False,1.0008504818784307,1.0000803906832532,0,1.0000427965105658,1.0000375925638567
10293000,8.02835212,1.0,2.0,False,1.0001334949038048,0.9998025426993772,0,1.0000106936766935,0.9997918512485592
11176400,0.05,-2.0,-2.0,False,1.006331544235216,1.006331524451155,13,1.006331462712419,1.000000061350299
11314500,0.81673474,2.0,1.5,False,1.0000521724457387,1.000042686310318,0,1.0001120638297394,0.999930630254418
11231500,8.02835212,-2.0,2.0,False,1.002809767472818,0.999566623951084,0,0.9999803290924216,0.9995862867205466
11278000,0.0644544378,2.0,2.0,False,1.0000767553038783,1.000073269729309,0,1.0000801725109116,0.9999930977717665
11214600,1000.0,-2.0,1.0,False,1.1521476638231645,0.9974611742499988,0,0.9999825659660606,0.997478564325143
11149400,1.74956261,0.0,2.0,False,1.0065703806258686,1.0065544381953635,0,1.0077391154874122,0.9988244206522878
09510000,0.491490794,1.5,-2.0,False,1.001576906634154,1.0015749281300268,0,1.0027532390709535,0.9988249243233376
09426000,3.74781333,0.5,2.0,False,1.005826795801283,1.0058145294236538,0,1.0064981165091644,0.9993208262645522
11109800,169.051978,1.0,-0.5,False,1.0016587870883389,1.0024278367928068,0,1.0049702390463104,0.9974701715983985
11097000,0.05,1.0,-2.0,False,1.0003241844520887,1.0003241448989937,0,1.0003205304732083,1.0000036132676229
11123000,0.05,-2.0,-2.0,False,1.029489015565377,1.0294890040236857,27,1.029489026359478,0.9999999783040016
11085000,0.05,-2.0,0.5,False,1.004950737684287,1.0049491000718016,0,1.0055108201306755,0.9994413585138737
12362500,4.83126402,-0.5,-2.0,False,0.999523460809286,0.9998834048553558,0,1.0000012536877043,0.9998821513153969
12433000,6.22792813,-0.5,0.0,False,1.0000499372845195,1.000058438766917,0,1.0000689114284138,0.9999895280601394
12452500,22.1695917,-0.5,0.0,False,1.000300386239732,1.0000963652634831,0,1.000079617797341,1.000016746132852
12106700,0.0644544378,1.0,-2.0,False,1.005409368100477,1.0054101886597124,0,1.0054024571710265,1.0000076899440924
12116500,13.3411127,-0.5,-1.5,False,1.0037349852162636,1.0036323594240912,0,1.00357849621887,1.000053671143238
14238000,13.3411127,-0.5,-1.0,False,1.000185402374567,1.0000613643105736,0,1.00051917405893,0.999542427811254
12086500,2.90733536,-1.0,-0.5,False,0.9998976261002828,1.0000148510721325,0,1.0000330686432122,0.9999817830313308
14220500,6.22792813,-1.0,-1.5,False,1.0000859024019102,1.0001518856308034,0,1.0002149949063266,0.9999369042897331
14210000,0.107107151,0.0,0.5,True,1.0001643436804768,1.0001610563560035,0,1.0001743289570275,0.9999867297123713
12342500,0.81673474,2.0,1.5,False,1.0000691415424263,1.000065665011239,0,1.0000948606885192,0.9999708070919792
14140000,0.0644544378,-2.0,-1.0,True,1.0027889463144457,1.0027818303941545,0,1.002778885232073,1.0000029370004941
14208700,22.1695917,-0.5,-0.5,False,0.9997661258843578,0.9999200715728156,0,1.000008851902524,0.9999112204561593
14138850,0.05,-0.5,-2.0,False,1.00343613973279,1.003434651260361,0,1.003434788560664,0.99999986316968
14169000,17.1978784,-0.5,-2.0,False,0.9996500674530624,1.00023113891402,0,1.0002451132285048,0.999986029109965
13245000,4.83126402,-0.5,-2.0,True,1.001760920635547,1.0014048166978058,0,1.001537129301063,0.9998678904661781
14159500,6.22792813,-0.5,-2.0,False,1.0000965768816512,0.9999539411356236,0,1.0000083382284017,0.9999456033607935
13239000,4.83126402,2.0,2.0,False,1.0000174826790147,0.9999981710916798,0,1.00045678477735,0.999541595706433
13046000,1.74956261,2.0,1.0,True,1.000384286237231,1.0003801714078615,0,1.000000548504557,1.0003796226950796
14181500,13.3411127,-1.0,-1.5,False,1.0001039675379926,1.0000244256556672,0,1.0001557454659158,0.9998687006390315
13042500,78.9172233,0.5,1.0,True,1.0010235249954411,0.9995352635186832,0,0.9999996932681864,0.9995355701080414
13236500,169.051978,1.0,2.0,False,1.0051132151840292,0.999088981110674,0,1.0000034249896936,0.9990855592529305
13039500,101.731305,0.5,1.5,False,1.001291531376835,0.9995474073077752,0,1.0000232974531085,0.9995241209414368
14162200,6.22792813,0.5,-2.0,False,1.0008246619300811,1.0008114532795298,0,1.0007328956693404,1.0000785000778223
13240000,0.05,-2.0,2.0,False,1.0089809793844806,1.0089739545933551,0,1.0089749320016095,0.999999031285889
13032500,362.133514,0.0,1.5,False,1.0048373832753077,0.999112929989278,0,1.0000017484788983,0.9991111830644573
13249500,2.90733536,-2.0,1.0,True,1.0018299484479858,1.0009710762610289,0,1.0004546768262208,1.0005161647466592
13202000,169.051978,-0.5,1.0,True,1.0103675730391126,0.999873289259702,0,1.0000173006478472,0.9998559911033019
13215000,2.90733536,0.0,2.0,False,1.000085588840719,0.9999298681458916,0,1.0000014353766253,0.9999284328719921
14151000,10.3492585,-0.5,-2.0,False,0.9991719560025402,0.999945581560372,0,1.0000162796103649,0.9999293031009251
13217500,0.491490794,0.5,2.0,False,1.0000277545127505,0.9999975696337224,0,1.0000135547747957,0.9999840150755988
13190500,8.02835212,1.0,1.0,False,0.999905141193368,0.9998250641928148,0,1.000001016255941,0.999824048115686
14150000,6.22792813,-1.0,-1.0,True,1.000061739140109,0.9999744331174064,0,1.0000113361185916,0.9999630974171468
14145500,2.25534149,-2.0,-2.0,False,1.0000729344564003,0.9999259554368298,0,1.000002005030058,0.9999239505592532
14155500,0.491490794,1.0,1.5,False,1.0002109332701503,1.0002092263223374,0,1.0002060150386236,1.0000032106222774
14313500,1.74956261,0.0,2.0,False,0.9999759723006042,1.0000143435213955,0,1.000017536444428,0.9999968071329591
14153500,0.0644544378,2.0,1.5,False,1.0002256604079738,1.0002243759398983,0,1.0002178398854815,1.0000065346309135
13147900,2.25534149,-2.0,1.5,False,1.000594762111771,1.0000630147345264,0,1.0000648548117494,0.9999981600421071
14362000,0.0644544378,2.0,0.0,False,1.00006630159742,1.00006599772783,0,1.000065474323607,1.0000005233699556
13174500,2.25534149,2.0,2.0,False,0.9998193902977992,0.9998058634140208,0,1.0000066054736751,0.9997992592663333
