COMID,T_days,a,b,STAID,on_reach
71045424,0.491490794,0.0,0.5,05014500,True
72040348,0.05,-0.5,1.0,04034500,True
72046118,0.05,0.5,2.0,04063500,True
72046134,2.25534149,-1.5,2.0,04062500,True
72051590,0.05,-0.5,0.0,04292500,True
72051591,0.05,2.0,-2.0,04266500,True
72052366,0.381269941,1.0,1.5,04289000,True
72052452,0.05,1.5,0.0,04285500,True
72055238,0.177985288,2.0,-2.0,04232482,True
72055781,0.633575257,0.5,0.5,04170000,True
72056123,0.0830874911,2.0,-0.5,04239000,True
72056197,3.74781333,-0.5,1.0,04240180,True
73000610,1.74956261,0.0,2.0,01053500,True
73000670,0.138070623,-0.5,0.0,01022500,True
73000706,2.90733536,0.0,2.0,01019000,True
73001690,0.05,2.0,-1.0,01100000,True
73001748,2.25534149,-0.5,-0.5,01327750,True
73001864,36.840315,-0.5,-0.5,01325000,True
73002031,2.25534149,-1.0,-2.0,01315000,True
73002079,0.05,0.0,2.0,01336000,True
73003122,0.05,-1.0,0.0,01205500,True
73003252,2.90733536,1.0,0.0,01547500,True
73003347,2.25534149,-1.0,1.0,01425000,True
73003424,0.05,1.5,-1.5,01375000,True
73003431,36.840315,0.0,-0.5,01417000,True
73003440,0.81673474,0.5,0.0,01520000,True
73003466,1.05284357,0.5,0.5,01518000,True
73003590,0.81673474,0.5,-0.5,01206900,True
73003600,8.02835212,0.0,-0.5,01186000,True
73003736,0.05,1.0,0.0,01429500,True
73003743,0.05,-1.5,0.0,01435000,True
73003758,2.25534149,0.5,-0.5,01172500,True
73003804,1.05284357,0.0,0.0,01534300,True
73005190,0.05,-2.0,0.5,01378500,True
73005222,0.05,1.5,1.0,01381000,True
73005301,0.295767021,1.0,1.0,01563200,True
73005384,0.81673474,0.5,0.5,01541200,True
73005452,0.381269941,0.0,0.5,01470960,True
73005518,2.25534149,0.0,0.0,01449800,True
73005671,0.05,-0.5,-1.5,01574500,True
73005744,0.491490794,-0.5,2.0,01396800,True
73006655,0.633575257,0.0,1.5,01597500,True
73006954,1.35720881,-0.5,1.5,01592500,True
73007024,2.90733536,-0.5,0.5,01591610,True
73007996,1.74956261,0.0,0.5,02011800,True
73008005,0.295767021,-0.5,0.0,02077303,True
73008074,1.05284357,0.0,0.0,02041650,True
73008205,2.25534149,0.0,0.0,02072000,True
73009358,0.0644544378,2.0,1.0,02082506,True
73009720,0.05,-1.0,-1.0,02085500,True
73009785,0.05,-0.5,0.5,02094500,True
73011192,1.74956261,0.5,0.0,02105769,True
73011526,13.3411127,0.0,-0.5,02394000,True
73011587,13.3411127,0.0,-1.0,02334430,True
73011684,4.83126402,0.0,0.0,02382500,True
73014355,0.633575257,0.5,0.0,02466030,True
73014378,0.05,-1.0,-1.0,02462500,True
73014555,6.22792813,-0.5,0.0,02197000,True
73017683,0.295767021,1.0,1.0,02343801,True
73021698,2.25534149,0.0,-1.0,02294491,True
74009437,0.491490794,2.0,-1.0,05356000,True
74009856,0.05,0.5,1.0,05360500,True
74009947,0.05,-1.0,-0.5,05398000,True
74010095,6.22792813,-1.5,-1.0,06038500,True
74010123,0.81673474,-0.5,2.0,05391000,True
74010605,0.05,1.5,-1.5,05369000,True
74010687,4.83126402,-0.5,0.5,05292000,True
74011131,0.491490794,-2.0,-2.0,06020600,True
74016679,22.1695917,-1.0,0.0,06259000,True
74017042,28.5785713,2.0,2.0,06224000,True
74017872,1.74956261,2.0,2.0,06410500,True
74018904,1.05284357,2.0,1.5,06409000,True
74022953,1.05284357,0.5,-0.5,05464500,True
74023756,0.05,-0.5,2.0,05483600,True
74024793,1.05284357,0.5,2.0,03014500,True
74029563,0.107107151,2.0,-1.5,03036500,True
74029837,0.05,0.0,0.5,03030500,True
74030552,0.491490794,0.0,0.0,03221000,True
74030675,13.3411127,-0.5,-0.5,06903900,True
74031420,0.633575257,-2.0,0.5,03228500,True
74031441,1.35720881,0.0,0.0,03091500,True
74032667,0.295767021,-0.5,0.0,03042280,True
74037334,0.05,-1.5,0.0,03353500,True
74037394,0.229438834,0.0,1.0,03266000,True
74037551,0.0830874911,-1.0,0.0,03270000,True
74037736,28.5785713,-1.5,-0.5,05592000,True
74037925,3.74781333,0.0,0.5,06906200,True
74038104,1.74956261,0.0,-0.5,03225500,True
74038110,1.74956261,0.5,-0.5,03228805,True
74038929,10.3492585,0.0,0.0,06912500,True
74039066,0.05,0.0,-1.0,03272000,True
74040252,0.05,1.0,-0.5,03232500,True
74045470,1.35720881,1.0,-0.5,03320000,True
74045537,0.107107151,2.0,-1.0,03284000,True
74045947,22.1695917,-1.0,-0.5,05593000,True
74046113,0.633575257,-2.0,-2.0,07124410,True
74046746,13.3411127,-0.5,-0.5,06921350,True
74047454,1.74956261,0.0,-1.0,03209000,True
74054789,13.3411127,-0.5,-0.5,07198000,True
74055277,0.05,0.0,-0.5,07195500,True
74056233,22.1695917,0.5,2.0,07206000,True
74063292,0.05,-1.0,-0.5,03504000,True
74067549,3.74781333,0.0,-0.5,07339000,True
75000104,1.74956261,0.0,2.0,08285500,True
75000290,775.741775,-0.5,2.0,08245000,True
75000732,280.922095,-0.5,0.5,08287000,True
75000801,362.133514,-0.5,1.0,08382830,True
75000868,0.05,2.0,1.0,08317950,True
75001908,1000,-0.5,1.0,08384500,True
75002278,0.05,2.0,1.5,08390500,True
75018528,0.05,0.0,0.0,08177500,True
77000631,28.5785713,-0.5,1.0,09211200,True
77000791,8.02835212,-1.5,-1.0,11507500,True
77000926,10.3492585,0.0,1.5,10020300,True
77005963,4.83126402,0.0,1.0,11525500,True
77006016,61.2193869,-1.0,-0.5,10337500,True
77006280,3.74781333,-1.5,-1.0,11407000,True
77006776,1.35720881,-0.5,-2.0,09057500,True
77007043,13.3411127,1.5,0.0,11399500,True
77007086,17.1978784,0.5,1.0,10344500,True
77007153,28.5785713,-1.0,0.0,09038500,True
77007165,0.107107151,0.5,2.0,11470500,True
77007269,61.2193869,0.0,2.0,10344400,True
77007339,22.1695917,-0.5,2.0,10134500,True
77007516,1.74956261,-2.0,0.5,11414250,True
77007594,8.02835212,-1.5,0.0,09050700,True
77007607,0.05,0.5,2.0,11422500,True
77007891,280.922095,0.0,2.0,09291000,True
77008056,0.491490794,0.5,2.0,10340500,True
77008189,0.05,-2.0,-2.0,11461500,True
77008597,0.05,1.0,0.0,11400500,True
77008702,0.05,-1.5,-2.0,11480390,True
77013378,2.90733536,-0.5,-1.0,11446500,True
77013504,47.4904358,-1.5,-1.5,11451000,True
77013533,0.138070623,1.5,-2.0,11428800,True
77013878,0.0644544378,0.5,2.0,11424000,True
77013879,0.05,0.0,-0.5,11427000,True
77014029,36.840315,-1.0,0.5,09128000,True
77014034,47.4904358,-1.5,0.0,11289650,True
77014089,61.2193869,0.0,0.5,11270900,True
77014099,47.4904358,-1.0,0.0,11302000,True
77014148,0.05,-1.5,1.0,11242000,True
77014215,0.05,-2.0,-0.5,11319500,True
77014277,0.05,2.0,2.0,11234760,True
77014336,6.22792813,1.0,-1.5,11454000,True
77014363,0.633575257,-2.0,-1.5,11443500,True
77014498,10.3492585,2.0,2.0,11276500,True
77014845,1.74956261,-2.0,1.5,11292900,True
77015232,2.90733536,2.0,-1.0,11277300,True
77015250,47.4904358,0.0,0.5,09109000,True
77015269,8.02835212,1.0,2.0,10293000,True
77015290,0.05,-2.0,-2.0,11176400,True
77015395,0.81673474,2.0,1.5,11314500,True
77015559,8.02835212,-2.0,2.0,11231500,True
77015560,0.0644544378,2.0,2.0,11278000,True
77016654,1000,-2.0,1.0,11214600,True
77021829,1.74956261,0.0,2.0,11149400,True
77027234,0.491490794,1.5,-2.0,09510000,True
77027270,3.74781333,0.5,2.0,09426000,True
77028005,169.051978,1.0,-0.5,11109800,True
77028401,0.05,1.0,-2.0,11097000,True
77028613,0.05,-2.0,-2.0,11123000,True
77028728,0.05,-2.0,0.5,11085000,True
78013953,4.83126402,-0.5,-2.0,12362500,True
78015577,6.22792813,-0.5,0.0,12433000,True
78015651,22.1695917,-0.5,0.0,12452500,True
78015961,0.0644544378,1.0,-2.0,12106700,True
78016113,13.3411127,-0.5,-1.5,12116500,True
78017902,13.3411127,-0.5,-1.0,14238000,True
78018009,2.90733536,-1.0,-0.5,12086500,True
78019905,6.22792813,-1.0,-1.5,14220500,True
78019938,0.107107151,0.0,0.5,14210000,True
78020300,0.81673474,2.0,1.5,12342500,True
78020325,0.0644544378,-2.0,-1.0,14140000,True
78020581,22.1695917,-0.5,-0.5,14208700,True
78020663,0.05,-0.5,-2.0,14138850,True
78021753,17.1978784,-0.5,-2.0,14169000,True
78021944,4.83126402,-0.5,-2.0,13245000,True
78022004,6.22792813,-0.5,-2.0,14159500,True
78022034,4.83126402,2.0,2.0,13239000,True
78022109,1.74956261,2.0,1.0,13046000,True
78022215,13.3411127,-1.0,-1.5,14181500,True
78022223,78.9172233,0.5,1.0,13042500,True
78022428,169.051978,1.0,2.0,13236500,True
78022608,101.731305,0.5,1.5,13039500,True
78022648,6.22792813,0.5,-2.0,14162200,True
78022737,0.05,-2.0,2.0,13240000,True
78024158,362.133514,0.0,1.5,13032500,True
78024239,2.90733536,-2.0,1.0,13249500,True
78024299,169.051978,-0.5,1.0,13202000,True
78024308,2.90733536,0.0,2.0,13215000,True
78024327,10.3492585,-0.5,-2.0,14151000,True
78024357,0.491490794,0.5,2.0,13217500,True
78024476,8.02835212,1.0,1.0,13190500,True
78024498,6.22792813,-1.0,-1.0,14150000,True
78024606,2.25534149,-2.0,-2.0,14145500,True
78024645,0.491490794,1.0,1.5,14155500,True
78024795,1.74956261,0.0,2.0,14313500,True
78024815,0.0644544378,2.0,1.5,14153500,True
78024822,2.25534149,-2.0,1.5,13147900,True
78026526,0.0644544378,2.0,0.0,14362000,True
78028265,2.25534149,2.0,2.0,13174500,True
