COMID,T0_days,a,b,T_min_days,T_max_days
71044999,0.17344938,0.03954029,0.06393671,0.16088831,0.18699114
71045320,0.60647106,-0.18241191,-0.062484622,0.50011593,0.7354438
71045424,0.7490068,-0.17722547,-0.044661164,0.6238949,0.89920795
71047331,0.12950785,0.08594012,0.11522126,0.112168245,0.14952792
71047509,0.20029339,0.0228374,0.09962869,0.1808324,0.22184876
71047621,0.22772202,-0.040052652,0.03303051,0.21620134,0.2398566
71047622,0.15702522,0.035794258,0.10304642,0.14079715,0.1751237
71048386,1.1730841,-0.2100898,-0.13035071,0.91612124,1.5021225
71048412,0.5613417,-0.122543335,-0.036504626,0.49396506,0.6379085
71048416,0.1930275,0.017588615,0.07600474,0.17854118,0.20868918
71048420,0.21310674,-0.0056061745,0.059676647,0.20070854,0.22627081
71048425,0.2038402,-0.0026265383,0.060123205,0.19193481,0.21648405
71048433,0.1551962,0.05537486,0.1108582,0.13710831,0.17567033
71048471,0.12007048,0.11002636,0.15062523,0.09963844,0.14469235
71048481,0.20575032,-0.005847454,0.05377555,0.19491641,0.21718639
71048497,0.48071027,-0.10435641,-0.009493589,0.4328873,0.53381646
71048520,0.1523227,0.054811478,0.106431246,0.13513649,0.17169458
71048722,0.2716028,-0.07695818,0.012078285,0.251248,0.29360664
71048842,0.26550344,-0.033730745,0.043759108,0.25123212,0.28058547
71048852,0.1717461,0.055133104,0.096135855,0.15372944,0.19187428
72039877,0.17010117,0.04420519,0.09024429,0.15383857,0.18808289
72040316,0.10498,0.10347271,0.1403315,0.08818309,0.12497634
72040348,0.24781768,-0.022756457,0.08539343,0.22685696,0.2707151
72040565,0.14067507,0.06451821,0.11531758,0.12326218,0.16054782
72040571,0.61795557,-0.11834085,-0.011833549,0.5486636,0.69599855
72040617,0.13690023,0.08550358,0.118952036,0.118244976,0.15849867
72040858,0.40513936,-0.08682406,0.06418705,0.36367372,0.45133287
72041422,0.77473426,-0.13954401,0.007286787,0.6737007,0.8909196
72041439,0.28375402,-0.039981604,0.083411455,0.2586845,0.3112531
72041956,0.23046291,-0.010916114,0.10036874,0.20833124,0.2549457
72041988,0.24020444,-0.018859386,0.09770036,0.21745381,0.26533532
72042187,0.21890637,0.014762163,0.07693815,0.20241146,0.23674548
72042304,0.26418856,-0.03670168,0.08925891,0.23988344,0.2909563
72042504,0.41660798,-0.08511841,0.011152029,0.38233602,0.453952
72043692,0.29751956,-0.052269816,0.086313725,0.2689628,0.3291083
72046118,0.11675747,0.113772154,0.17009854,0.09515038,0.14327115
72046134,0.45950496,-0.09287119,0.05282426,0.41294178,0.5113186
72046534,0.11114796,0.12043309,0.17182899,0.09010995,0.13709773
72046965,0.124837205,0.10290718,0.16258025,0.102986604,0.15132383
72047008,0.11194831,0.12621355,0.17766857,0.09002627,0.13920853
72047366,0.12912822,0.097429276,0.14265919,0.108641274,0.15347847
72050997,4.047274,-0.3025527,-0.097845554,2.944864,5.5623713
72051026,0.11811205,0.11334419,0.15020895,0.097852305,0.14256646
72051199,0.121952824,0.10491657,0.14318657,0.102117494,0.14564098
72051217,0.2005374,0.019493818,0.11313033,0.17878844,0.22493204
72051221,0.1125312,0.11892462,0.16898394,0.09152334,0.13836111
72051226,0.12884904,0.08889389,0.1402359,0.10913707,0.15212132
72051590,0.12481075,0.10862064,0.16921091,0.1020767,0.15260802
72051591,0.12829599,0.107744455,0.13746071,0.10773615,0.15277937
72051702,0.12909202,0.10037899,0.1657331,0.10635306,0.15669273
72051867,0.3287859,-0.05830443,0.09049106,0.29523128,0.36615416
72052118,0.23795263,-0.02050805,0.09606838,0.21568924,0.26251405
72052172,0.14128701,0.07135296,0.10903883,0.124025024,0.16095155
72052366,1.0524294,-0.20464563,-0.083138466,0.84384406,1.3125738
72052452,0.5691477,-0.14453566,-0.020179272,0.4918641,0.6585744
72052491,0.20809667,0.005409956,0.060184956,0.19589427,0.22105914
72052627,0.179076,0.023004293,0.08621693,0.16378869,0.19579016
72052717,0.6444955,-0.1423403,-0.005584359,0.5589265,0.74316466
72052724,0.18488204,0.019489288,0.07812762,0.1705786,0.20038486
72053034,0.20051865,-0.020838618,0.0635097,0.1875539,0.21437961
72053344,0.15150101,0.052892685,0.102621555,0.13498205,0.17004155
72053446,0.18194805,0.012799978,0.082212925,0.16742204,0.19773437
72053760,0.17909187,0.02405572,0.12881017,0.15709673,0.20416655
72054070,0.16703194,0.022637844,0.098555565,0.15096727,0.1848061
72054253,0.25961518,-0.04966104,0.07971835,0.2363418,0.2851804
72054690,0.19126812,-0.002576828,0.07197666,0.17797683,0.205552
72055144,0.121990606,0.108005285,0.14471364,0.101836585,0.14613321
72055238,0.20859209,0.012296915,0.076112986,0.193114,0.22531074
72055343,0.14531013,0.07406974,0.11296821,0.12694891,0.16632704
72055574,0.14028081,0.079119444,0.12419343,0.12107276,0.1625362
72055781,0.13289571,0.08599615,0.13674474,0.11307224,0.15619458
72056123,0.90434515,-0.18120515,-0.04743719,0.7498698,1.0906429
72056197,0.23307844,-0.023790836,0.052901745,0.21994331,0.246998
72056450,0.48945898,-0.103152275,0.00652194,0.441396,0.5427555
72057510,0.09453101,0.1626215,0.20795727,0.07259786,0.12309056
72057646,0.12624396,0.10738039,0.14711809,0.10522261,0.15146497
72057699,0.21336266,-0.0028336048,0.110967875,0.19094574,0.23841132
72058131,0.10970166,0.12152195,0.16844392,0.08912684,0.13502616
72058499,0.1742235,0.022735357,0.0872488,0.15920244,0.19066182
72058586,0.6597884,-0.13836074,-0.018825889,0.5738015,0.75866085
72058787,0.1479049,0.06286335,0.109909296,0.13031474,0.16786943
72058937,0.16824654,0.015469074,0.08821535,0.15383323,0.1840103
72059125,0.28957263,-0.08081806,0.006769657,0.26701507,0.31403586
72059457,0.16567911,0.04987645,0.11271429,0.14646643,0.187412
73000013,0.23126633,0.007876635,0.09172535,0.21092594,0.2535682
73000020,0.5600586,-0.12146878,0.046685457,0.49172023,0.6378945
73000049,0.13533232,0.08943701,0.14034462,0.1145846,0.15983678
73000054,0.1516609,0.06671023,0.13368416,0.1306135,0.17609994
73000057,0.6089181,-0.12571478,0.0439384,0.53299487,0.69565636
73000066,0.7960771,-0.15608847,0.043685198,0.67695826,0.9361563
73000080,0.2811287,-0.019759655,0.07799697,0.2593949,0.30468354
73000091,0.44366077,-0.091546774,0.058687925,0.3979463,0.49462676
73000093,0.183444,0.059822798,0.14675188,0.15655895,0.21494585
73000106,0.19919856,0.0149309635,0.11225653,0.17787072,0.22308375
73000132,0.43563968,-0.09313071,0.04388547,0.3930209,0.48288
73000137,0.34799463,-0.059737682,0.08497167,0.31366265,0.3860844
73000139,0.26076168,-0.024772763,0.09505153,0.2363657,0.28767562
73000157,0.19139439,0.040053368,0.13295937,0.16657987,0.2199054
73000169,0.13711199,0.094884634,0.16817522,0.11303554,0.1663167
73000199,0.25018948,-0.027665496,0.096743345,0.22624019,0.276674
73000438,0.13877371,0.06808448,0.10631871,0.12231433,0.15744796
73000474,0.4034351,-0.08813906,0.033965826,0.36707214,0.4434003
73000485,0.23769933,-0.019049525,0.057617426,0.22370355,0.25257075
73000495,0.481281,-0.10321784,0.029183388,0.43232915,0.5357756
73000527,0.18329033,0.048885107,0.13500237,0.15877543,0.21159033
73000536,0.22402911,0.009966373,0.11533189,0.19953991,0.25152382
73000547,0.16771647,0.05195713,0.121967554,0.14689262,0.19149238
73000572,0.6647348,-0.13483655,0.022999287,0.5797542,0.7621719
73000610,0.27471465,-0.029458284,0.09253383,0.24929157,0.3027304
73000612,0.649306,-0.14260924,0.03086543,0.56115264,0.75130767
73000638,0.3059783,-0.04931414,0.10271907,0.27302703,0.34290642
73000670,0.5611291,-0.09579885,0.008633375,0.50967026,0.6177835
73000684,0.30628675,-0.052146554,0.10177517,0.27318934,0.34339398
73000691,0.46983218,-0.113912106,0.05682683,0.41367295,0.53361547
73000706,0.2595279,-0.034929276,0.113377094,0.23049484,0.29221794
73000710,0.42026857,-0.061938763,0.03902316,0.39060128,0.45218918
73000721,0.29192922,-0.059144855,0.02812004,0.27342355,0.31168738
73000750,0.20815395,0.028592587,0.08387017,0.19050299,0.22744034
73000785,0.2082395,0.03344822,0.12039375,0.18377921,0.23595536
73000809,0.14441387,0.07666516,0.15091991,0.121925145,0.1710506
73000823,0.20694384,0.018761635,0.12033367,0.18321493,0.23374596
73000866,0.19902176,0.031113148,0.1270206,0.1746246,0.22682747
73000875,0.1921788,0.037786245,0.12973523,0.16788852,0.21998341
73000944,0.19155583,0.029583216,0.12664533,0.16819511,0.21816114
73000950,0.35415214,-0.07683873,0.07528734,0.31803188,0.39437476
73001049,0.26727137,-0.017986536,0.064380646,0.2499894,0.28574803
73001072,0.1818759,0.02865529,0.13290167,0.15875606,0.2083627
73001229,0.12184945,0.10870767,0.1498971,0.10125278,0.14663586
73001430,0.33809945,-0.048934102,0.06398654,0.3119325,0.36646143
73001548,0.23984426,-0.008826733,0.10713315,0.21539934,0.26706335
73001593,0.23417415,0.007203102,0.10723829,0.21031052,0.26074556
73001644,0.15596387,0.04085207,0.08098698,0.14243948,0.17077237
73001653,0.14270455,0.07373619,0.13309169,0.122562826,0.16615632
73001672,0.12254137,0.11295438,0.16123939,0.10064315,0.14920427
73001690,0.11110417,0.12516236,0.18124294,0.08913997,0.13848037
73001699,0.23093764,0.000865221,0.08481693,0.21215695,0.25138083
73001740,0.1512299,0.061949015,0.11354661,0.13288109,0.17211239
73001748,0.13844848,0.08372235,0.14180851,0.11742731,0.16323274
73001765,0.104014486,0.1247704,0.17336655,0.08400979,0.12878276
73001779,0.115752056,0.119132996,0.17515564,0.0936552,0.14306241
73001780,0.17781885,0.034747124,0.09303069,0.16100854,0.19638427
73001836,0.20043173,0.037523985,0.10789657,0.17879473,0.22468716
73001864,0.85487765,-0.16377866,0.036842108,0.7227671,1.0111359
73001909,0.30639628,-0.04463768,0.08934593,0.27727318,0.33857825
73001911,0.18070573,0.033453465,0.11746144,0.1599302,0.20418006
73001944,0.6699185,-0.1440252,0.015899897,0.57955223,0.77437496
73001958,0.35015258,-0.072229624,0.005466938,0.32568568,0.37645754
73001970,0.18702324,0.023739815,0.08319211,0.17152342,0.20392369
73002026,0.24565865,-0.02485621,0.054347754,0.23140764,0.26078728
73002031,0.19381064,0.005801916,0.06589866,0.18140426,0.2070655
73002042,0.35427046,-0.07582247,0.06934929,0.3196756,0.39260915
73002079,0.1660541,0.041026115,0.09683752,0.14947721,0.18446933
73002081,0.47733203,-0.20164716,-0.07274377,0.3852318,0.5914513
73002106,0.68747807,-0.24352491,-0.09196699,0.5299157,0.89188915
73002203,0.28836933,-0.07208145,0.025099516,0.26717815,0.3112413
73002243,0.15916765,0.049896,0.09311676,0.14321049,0.17690282
73002568,0.26530287,-0.035694957,0.102282524,0.23806411,0.29565823
73002570,0.14697117,0.07042384,0.15687561,0.123751886,0.17454702
73002597,0.17535958,0.02483344,0.08316493,0.16078131,0.19125968
73002809,0.14806351,0.06538606,0.11114931,0.13014977,0.16844289
73002858,0.17487673,0.01228404,0.06638527,0.16346014,0.1870907
73003006,0.11846992,0.11996627,0.1701963,0.09620021,0.1458949
73003122,0.13086702,0.09429312,0.15121055,0.10950608,0.15639475
73003128,0.22772706,-0.003031969,0.08325338,0.2095242,0.24751133
73003201,0.52273595,-0.21234858,-0.08197665,0.41631982,0.65635324
73003229,0.80201095,-0.14770079,-0.030558825,0.6897253,0.9325765
73003252,1.7960159,-0.22727334,-0.09314239,1.4048799,2.2960489
73003347,2.2752721,-0.26549375,-0.10776734,1.7084173,3.03021
73003419,0.12281133,0.092876196,0.14437032,0.103439264,0.14581141
73003424,0.32665336,-0.05435884,0.028384686,0.30722368,0.34731182
73003431,2.5937915,-0.27976418,-0.10473585,1.9239764,3.4967968
73003440,1.1394823,-0.19591463,-0.083345175,0.92096615,1.4098454
73003443,0.3655781,-0.07675898,0.000031232834,0.33856663,0.39474455
73003466,0.6964756,-0.14298964,-0.03989649,0.60039127,0.80793697
73003488,2.381582,-0.27255344,-0.08744538,1.788768,3.1708596
73003489,0.17033482,0.048655033,0.10918951,0.15114303,0.19196351
73003534,0.49934596,-0.10975385,0.060752153,0.4404747,0.5660856
73003535,0.1336518,0.08145356,0.15489244,0.1121945,0.15921281
73003577,0.33176214,-0.066209316,0.018260002,0.3097412,0.35534865
73003590,0.54137933,-0.21662247,-0.07610726,0.4303148,0.68110967
73003600,0.95315754,-0.21028328,-0.072796464,0.76299614,1.1907129
73003623,0.19496614,0.01704669,0.1084559,0.17469446,0.21759014
73003648,0.7995469,-0.14777946,-0.028048754,0.6878889,0.9293291
73003678,0.4721711,-0.1078583,0.017293692,0.4233103,0.52667165
73003699,1.1123277,-0.2016958,-0.05290699,0.90297127,1.3702241
73003726,1.177452,-0.21117246,-0.05404651,0.946839,1.4642333
73003736,0.46798834,-0.19891441,-0.059957743,0.3801968,0.5760519
73003742,0.80696946,-0.1681366,-0.034664392,0.67967385,0.95810616
73003743,0.74961764,-0.16178489,-0.03663838,0.635036,0.8848737
73003758,0.5876571,-0.22879982,-0.074043155,0.46204454,0.747419
73003804,0.5653532,-0.13611925,-0.007994771,0.49328983,0.64794415
73003882,0.6494653,-0.14618397,-0.018345714,0.5604941,0.75255954
73003897,0.5600964,-0.14425004,-0.030836225,0.4832817,0.6491203
73003899,0.47734112,-0.11701679,-0.0030475855,0.4246116,0.5366187
73003918,0.23488073,-0.008034229,0.070162535,0.21886538,0.252068
73003942,0.20465752,0.01209259,0.091546535,0.1866054,0.224456
73003945,0.46722555,-0.12776649,0.04493189,0.4080441,0.5349905
73004022,0.3201598,-0.058199883,0.03734708,0.2987682,0.34308302
73004040,0.24046054,-0.010719657,0.06991172,0.2240406,0.2580839
73004144,0.48160002,-0.12682307,-0.014680624,0.42387727,0.5471833
73004146,0.47385785,-0.1146518,-0.002427578,0.4225171,0.5314371
73004186,0.34372938,-0.070136786,0.024790764,0.31908754,0.3702742
73004193,0.1832159,0.030348063,0.10272026,0.16460615,0.20392959
73004207,0.37307253,-0.08104277,0.018749952,0.34329474,0.4054333
73004305,0.25382492,-0.023487449,0.06094289,0.2377768,0.27095616
73004436,0.23193301,-0.025490046,0.09814811,0.2095672,0.2566858
73004513,0.4826596,-0.12484145,-0.0074077845,0.42591962,0.5469583
73004593,0.41709724,-0.10368037,-0.0037338734,0.3759935,0.46269447
73004636,0.6290033,-0.16216528,-0.022516966,0.5340104,0.740894
73004637,0.21066898,0.010522604,0.086830616,0.19302547,0.22992519
73004642,0.17941485,0.015035868,0.08372331,0.1647844,0.19534427
73004669,0.27166232,-0.09165573,0.029374361,0.24673432,0.29910886
73004772,0.94002336,-0.19377661,-0.06058991,0.7672989,1.1516293
73004841,0.19610547,-0.0034782887,0.06580019,0.18360019,0.2094625
73004869,0.38685212,-0.16285872,-0.01650846,0.32843837,0.45565492
73004934,0.42690971,-0.09550917,0.008424282,0.38787866,0.46986833
73004965,0.1559576,0.035977125,0.0983789,0.14044742,0.17318062
73004982,0.15139472,0.048981667,0.1016407,0.13524163,0.16947712
73005010,0.48631448,-0.12076032,0.0001642704,0.4309944,0.54873514
73005190,0.20908728,0.010205507,0.093898535,0.19024263,0.22979861
73005202,0.2783984,-0.042685032,0.03533554,0.2633911,0.29426074
73005205,0.32337174,-0.055556178,0.037090063,0.30247635,0.3457106
73005222,0.287773,-0.050115466,0.051605225,0.26779905,0.30923674
73005257,0.5211477,-0.1326884,0.0056130886,0.45633468,0.59516615
73005301,5.054902,-0.3418578,-0.16730785,3.4547684,7.3961644
73005384,0.78055054,-0.15125668,-0.04523599,0.66655546,0.91404116
73005452,1.2872567,-0.2031914,-0.07681799,1.0359159,1.5995796
73005501,0.19998443,0.027601242,0.096936226,0.18081065,0.22119147
73005518,1.0424393,-0.20254338,-0.07491052,0.83997023,1.2937123
73005586,0.34172195,-0.07024813,0.0122516155,0.3182028,0.36697948
73005610,0.5791832,-0.1365478,-0.02749741,0.50387585,0.66574574
73005632,0.25555968,-0.011316657,0.059562206,0.24052602,0.271533
73005671,0.21807776,-0.0050177574,0.07002187,0.20329341,0.2339373
73005744,0.7286054,-0.16044402,-0.04111767,0.6173915,0.8598528
73005773,1.6604888,-0.22340822,-0.072990656,1.3126954,2.1004288
73005812,0.383391,-0.077647805,0.007917881,0.35460514,0.41451362
73006573,0.5107528,-0.11749625,-0.008383274,0.45399708,0.57460374
73006655,0.5079001,-0.1302588,-0.02160418,0.44507667,0.5795912
73006847,0.8919259,-0.17059553,0.021667242,0.75100857,1.0592846
73006850,1.567963,-0.25196254,-0.13135695,1.1801363,2.0832407
73006862,0.24442975,-0.021074891,0.098112345,0.22109172,0.2702313
73006954,0.3350197,-0.06549358,0.017028809,0.3130986,0.35847557
73007024,0.20573303,0.0052685738,0.11822319,0.18277188,0.23157874
73007045,0.27530846,-0.051650763,0.06884503,0.25260466,0.30005285
73007301,0.4393863,-0.120511174,-0.014799356,0.38914907,0.49610892
73007637,0.25628376,-0.027934194,0.021133184,0.24746217,0.2654198
73007676,0.38614517,-0.08552134,0.016506433,0.35393515,0.4212865
73007996,2.582397,-0.30469596,-0.18396652,1.8090322,3.6863766
73008005,0.30589554,-0.05729997,0.02747941,0.28706113,0.32596567
73008074,0.2030407,0.019058704,0.061714172,0.19034086,0.21658792
73008091,0.36426884,-0.062348247,0.051350594,0.3360029,0.39491266
73008099,1.7532388,-0.24019146,-0.03180325,1.3759949,2.2339082
73008205,2.4444118,-0.28449547,-0.13192987,1.7864088,3.3447824
73008427,0.9406,-0.18314672,-0.037055016,0.7802858,1.1338515
73008856,0.5737304,-0.11768174,0.0043234825,0.50999373,0.64543253
73009183,0.2127523,0.0069179535,0.101435184,0.19218487,0.23552082
73009187,0.2933386,-0.051113725,0.0131726265,0.2782566,0.30923805
73009191,0.58263797,-0.107690096,0.05192566,0.51698345,0.6566303
73009358,0.13231963,0.03435254,0.056339502,0.12387015,0.14134547
73009365,7.6607466,-0.3583429,-0.17942572,5.131285,11.437103
73009439,5.684764,-0.3365841,-0.17469096,3.8906345,8.306239
73009527,0.37150282,-0.054813743,0.026910543,0.34949636,0.39489496
73009540,2.1155171,-0.25317502,-0.11817241,1.599839,2.7974145
73009608,0.40767968,-0.10197759,-0.008543134,0.36802354,0.45160893
73009677,0.1708394,0.04573655,0.08732653,0.15480176,0.18853857
73009718,0.24866486,-0.024745107,0.09774685,0.2248145,0.27504545
73009720,0.11037849,0.11921811,0.14878726,0.09121843,0.13356304
73009731,0.21721494,0.0077819824,0.08059311,0.20032068,0.23553401
73009733,0.14423294,0.06481838,0.14606953,0.12293114,0.16922598
73009758,0.44399917,-0.09610963,0.016037464,0.40277746,0.48943967
73009785,0.19524828,0.01594162,0.08053756,0.17985874,0.2119546
73009810,3.8336642,-0.3086952,-0.12230003,2.7504976,5.3433895
73009813,0.849587,-0.17572129,-0.005358219,0.71261936,1.0128803
73009837,0.15454748,0.07144594,0.11185503,0.13533807,0.17648342
73009844,0.1529349,0.05168152,0.110445976,0.13537824,0.17276841
73009856,0.12653436,0.08792806,0.14112616,0.1071508,0.14942439
73009884,0.6507143,-0.13630891,-0.026175141,0.5663835,0.74760145
73009893,0.24862467,-0.039928436,0.039073944,0.23511577,0.26290974
73009924,0.7764101,-0.16340923,-0.04313612,0.6556808,0.91936904
73009980,0.12890731,0.09173751,0.13599992,0.1094038,0.15188771
73010009,0.86096776,-0.17217767,-0.04935646,0.7197794,1.029851
73010057,0.40397835,-0.095256805,0.007914305,0.36715212,0.44449833
73010136,0.87056094,-0.18647909,-0.017118216,0.72189134,1.0498482
73010692,0.16705994,0.05233407,0.09755349,0.14955257,0.18661682
73010738,0.20844488,-0.0074636936,0.06857395,0.19455126,0.22333069
73010828,0.32375723,-0.07994914,0.009477615,0.29871354,0.3509006
73010856,0.17055516,0.025258541,0.10564518,0.15299971,0.19012494
73010861,0.26958728,-0.030610204,0.049393654,0.25436816,0.28571695
73011033,0.17063257,0.06301999,0.13138628,0.14749497,0.19739978
73011059,0.425464,-0.07465768,0.03351164,0.39203313,0.4617457
73011070,0.8065802,-0.13919258,0.022125721,0.70054823,0.92866075
73011078,1.5772251,-0.21428096,0.012202263,1.2725706,1.9548142
73011113,0.5841417,-0.12379134,0.038858652,0.5130619,0.66506886
73011175,0.21348405,0.011790037,0.1016953,0.19270985,0.23649773
73011192,0.10030088,0.15007448,0.19247961,0.0785789,0.12802757
73011222,0.114058055,0.12460446,0.17034483,0.0923563,0.14085925
73011226,2.4872642,-0.24550474,-0.009002328,1.9454895,3.179911
73011251,1.8601727,-0.22709012,-0.022003055,1.4807012,2.3368945
73011273,3.2327547,-0.27974367,-0.0202775,2.4420967,4.2793975
73011337,0.19600038,0.019212723,0.121741295,0.17327304,0.22170876
73011378,1.1664637,-0.18313086,-0.007073164,0.9711341,1.401081
73011407,4.9640145,-0.34412527,-0.12610126,3.4408302,7.161481
73011448,0.54336995,-0.12797415,-0.03132224,0.4762957,0.6198899
73011457,0.23217453,-0.012141466,0.06511831,0.21729347,0.24807471
73011510,0.14653067,-0.012963057,-0.017237544,0.14340416,0.14972536
73011526,4.375323,-0.31777775,-0.15018213,3.0786815,6.2180676
73011587,10.611026,-0.42409897,-0.2132293,6.6009116,17.057322
73011640,2.8812184,-0.27663624,-0.0430336,2.1776576,3.8120863
73011684,0.13120449,0.091513634,0.14336038,0.110683836,0.15552965
73011734,2.7425215,-0.3123561,-0.14583564,1.9428464,3.8713427
73011822,0.3016718,-0.03271377,0.075956345,0.27772686,0.32768124
73011953,0.20332907,0.011921167,0.111088514,0.18183494,0.22736394
73012132,0.43984172,-0.10080981,0.06766939,0.38955274,0.4966227
73012504,0.28924564,-0.02471888,0.048086643,0.27402195,0.30531508
73012694,0.1399673,0.08168745,0.119125605,0.12114231,0.16171764
73012855,0.4165722,-0.08001602,0.020679474,0.38352883,0.45246252
73012859,0.31266904,-0.042944312,0.024979115,0.29751498,0.32859498
73013205,0.16362329,0.05800152,0.103963375,0.14525898,0.1843093
73013536,0.10555861,0.13732767,0.16507936,0.085160166,0.13084312
73013610,3.0592616,-0.31194186,-0.0779345,2.2180836,4.2194448
73013650,0.38146713,-0.10338366,0.046951056,0.3405218,0.42733583
73014030,0.16060835,0.02620864,0.09183669,0.1459794,0.1767033
73014355,0.12492304,0.10731554,0.13757467,0.10492203,0.1487368
73014370,0.11373334,0.101138115,0.14204621,0.0955341,0.13539952
73014374,0.20459895,0.021867514,0.06701708,0.19067249,0.2195426
73014378,0.3665941,-0.054317355,0.025512934,0.34524164,0.38926718
73014426,0.2252045,0.008205891,0.10460758,0.20277153,0.25011927
73014429,1.1218219,-0.17848754,0.039535046,0.9343916,1.3468488
73014439,0.50013745,-0.09978485,0.032512665,0.45030943,0.5554791
73014450,0.38232666,-0.068571806,0.048098326,0.35160786,0.41572922
73014458,0.5037123,-0.09591627,0.046342373,0.4528135,0.56033236
73014459,0.9218241,-0.16819823,0.0015883446,0.7791072,1.0906838
73014482,0.9109296,-0.16216755,-0.02073741,0.7735401,1.072721
73014555,0.13937598,0.04705119,0.073274374,0.12775253,0.15205698
73014599,0.20314646,0.018779755,0.0868454,0.18587501,0.22202277
73014631,0.3086899,-0.07990253,-0.033513427,0.2830691,0.3366297
73014638,0.26284057,-0.03461826,0.011232376,0.2534465,0.27258283
73014651,0.29366332,-0.029767394,0.099692106,0.26464584,0.32586247
73014742,0.16904818,0.05172634,0.105638266,0.15028916,0.19014867
73014747,0.1207887,0.10456681,0.15929914,0.099832095,0.14614448
73014755,0.42713758,-0.080367684,0.05140376,0.38827172,0.46989393
73014781,1.2029395,-0.18351042,0.00058054924,1.0012577,1.445246
73014800,0.7809606,-0.13773525,0.03776622,0.6770233,0.9008545
73014805,0.27192032,-0.041458845,0.01805687,0.25989786,0.28449893
73014820,0.17204468,0.032081127,0.071419716,0.1590884,0.18605612
73014841,0.8212331,-0.14777422,0.02063346,0.70740205,0.9533811
73015285,0.85768986,-0.18066895,-0.06786275,0.70715415,1.0402709
73015506,0.289625,-0.028924346,0.051095486,0.27310947,0.30713928
73015633,0.34173906,-0.067848444,-0.0018181801,0.3193139,0.3657391
73015805,0.38387045,-0.08148301,0.01094079,0.35357332,0.4167637
73016307,0.23512353,-0.035655856,0.04755664,0.2215553,0.24952269
73017238,0.2374369,-0.028868794,0.06289005,0.221562,0.25444925
73017281,0.120393574,0.11122465,0.13676453,0.10093571,0.14360242
73017366,0.25790757,-0.041941404,0.05100465,0.24142691,0.27551326
73017388,0.7326893,-0.15583658,-0.038146257,0.6240836,0.8601951
73017683,0.11743089,0.096081495,0.1400454,0.09908853,0.13916862
73017702,1.2786393,-0.1826421,0.0046224594,1.0651289,1.534949
73017721,0.4295382,-0.08048916,0.04895878,0.3909192,0.47197235
73017781,0.15061924,0.069628,0.13949227,0.128876,0.17603087
73017990,0.29830122,-0.026634216,0.02789545,0.2870152,0.31003103
73018638,0.12677997,0.096512556,0.14074564,0.10688949,0.15037176
73018955,0.3386877,-0.08246362,0.01758337,0.3113012,0.36848345
73019223,0.49054345,-0.091944814,0.0019803047,0.44744235,0.5377964
73020411,0.16793622,0.053643227,0.09689283,0.15033004,0.1876044
73021614,0.13299976,-0.016103387,0.018011332,0.12982494,0.13625224
73021698,0.5047871,-0.12298632,-0.015649676,0.44592854,0.5714145
73021747,0.46859303,-0.13695252,-0.044376493,0.40576407,0.54115045
73021827,0.1458039,0.044574976,0.09390569,0.13140897,0.16177568
73021871,0.3726453,-0.07688463,0.00582242,0.34499234,0.40251476
73021900,0.18039839,0.023096323,0.10078931,0.16267689,0.20005043
73021913,0.19406195,-0.0062115192,0.04092574,0.18619286,0.20226362
73021919,0.16964912,-0.019386768,0.046329737,0.16133934,0.1783869
73021924,0.9486623,-0.1570381,-0.043576717,0.8059976,1.1165792
73021942,0.24309883,-0.023848295,0.054594517,0.22903894,0.2580218
73021949,0.30168086,-0.060804963,0.049099445,0.27900118,0.32620415
73021955,0.56856394,-0.13901901,-0.0060651302,0.49470544,0.65344936
73021990,2.2928855,-0.23008525,-0.073881745,1.8006629,2.9196603
73022002,0.21503101,-0.04073298,0.027639389,0.20470239,0.22588079
73022016,0.18841203,-0.0005276203,0.07451606,0.17488231,0.20298846
74002553,0.1480469,0.059195995,0.11323738,0.13028866,0.16822556
74004512,0.12985142,0.07428932,0.1390202,0.110915236,0.15202051
74004604,1.4892796,-0.21841896,-0.11457062,1.1637511,1.905866
74004611,0.14176859,0.049796343,0.08343434,0.12864175,0.15623492
74004621,0.740755,-0.16061807,-0.07237005,0.6211054,0.88345397
74004632,0.14940073,0.08548975,0.13392997,0.12745242,0.1751287
74004639,0.121538356,0.09512949,0.12875628,0.10355916,0.14263898
74004663,0.16067252,0.053558588,0.104264736,0.14290097,0.18065417
74004695,0.3240533,-0.05564201,0.038476467,0.30285627,0.3467339
74004715,0.22047347,0.027675629,0.088559866,0.20093748,0.24190883
74004780,0.14222305,0.07520342,0.14512372,0.12077688,0.16747737
74004801,0.30775124,-0.083232164,-0.00047385693,0.28317308,0.33446267
74004827,0.5692196,-0.11955953,0.042358637,0.50141037,0.64619905
74004939,0.18470027,-0.006466627,0.07812357,0.17077443,0.19976169
74005071,0.16786796,0.015352011,0.023906708,0.16316569,0.17270574
74005123,0.34669778,-0.08005905,0.01966548,0.31926274,0.37649035
74005297,0.19776356,0.01288414,0.08488226,0.1814931,0.21549262
74005368,0.12181709,0.12054515,0.1449585,0.1008858,0.1470911
74005409,0.2264834,-0.029705882,0.035341978,0.2162648,0.23718487
74005601,0.17845811,0.027696848,0.08756065,0.16279913,0.19562325
74005614,0.12487686,0.103434324,0.1437664,0.104607955,0.14907308
74005701,0.14223982,0.08978963,0.12462449,0.121986814,0.16585536
74006317,0.1444889,0.055892706,0.11793661,0.12681027,0.16463211
74006470,0.41278464,-0.13737941,-0.027036667,0.35885248,0.47482228
74006496,0.1386875,0.07681227,0.12326646,0.11993896,0.16036677
74006631,0.22414976,-0.04033792,0.032969236,0.21277115,0.23613687
74006722,0.40715,-0.099206805,-0.0041804314,0.3686644,0.44965318
74006783,0.15245502,0.055817127,0.13381171,0.13187875,0.17624168
74006873,0.26230508,-0.047546387,0.07822108,0.23936038,0.2874492
74007005,0.20683376,-0.0026085377,0.09245086,0.18856217,0.22687589
74007774,0.5875764,-0.14190674,-0.037927866,0.50730807,0.68054515
74008313,0.22321732,-0.039981127,0.033249855,0.21190657,0.23513182
74008314,0.28641105,-0.08314109,0.0047602654,0.26352566,0.3112839
74008352,0.20508187,-0.029500604,0.038610697,0.195355,0.21529305
74009284,0.12494333,0.0839088,0.122945786,0.10766345,0.14499661
74009437,0.58766943,-0.12745273,0.042024374,0.5138659,0.6720729
74009608,1.082987,-0.19987988,-0.12135625,0.85717505,1.3682863
74009856,0.17440176,0.038307905,0.10151482,0.15646921,0.1943895
74009929,0.43204778,-0.08016789,0.04262066,0.39454886,0.47311074
74009938,0.10414913,0.13965535,0.18221807,0.082784735,0.13102707
74009947,0.12565154,0.10098624,0.15581512,0.10435868,0.15128888
74009975,0.14391914,0.0724988,0.13336587,0.12364987,0.16751105
74010023,0.13455161,0.094895124,0.15146446,0.1125291,0.16088405
74010039,0.12918636,0.09577346,0.15717673,0.107468605,0.15529294
74010076,0.13911597,0.08147907,0.149544,0.117332,0.1649444
74010095,0.599521,-0.13773894,0.027440071,0.5209663,0.68992066
74010105,1.990263,-0.26629138,-0.16147876,1.4576714,2.7174482
74010123,0.13358253,0.08677459,0.13490486,0.113785654,0.15682377
74010180,0.24977626,-0.01843381,0.089794636,0.22789803,0.2737548
74010213,0.18011001,0.026379108,0.07996535,0.16556498,0.19593282
74010256,0.16414332,0.04097438,0.11371803,0.14545478,0.18523304
74010406,0.33832783,-0.1072458,-0.0081368685,0.30382785,0.37674528
74010415,0.24567766,-0.031030893,0.08699465,0.22400247,0.26945025
74010605,0.13695163,0.08687854,0.14185429,0.1159644,0.16173713
74010646,0.12838708,0.099922895,0.1548531,0.10677847,0.1543686
74010687,0.26178282,-0.027863026,0.048641205,0.24751195,0.2768765
74010806,0.13040929,0.09258795,0.14745212,0.10957035,0.15521152
74010845,1.1646454,-0.20034826,-0.07993734,0.9386712,1.4450204
74010959,0.39981434,-0.08199406,0.062972784,0.3605442,0.44336173
74011113,0.19620676,0.012731552,0.10391927,0.17670342,0.21786274
74011131,0.40074846,-0.10181141,-0.030824304,0.3603078,0.44572815
74011254,0.1215505,0.11212301,0.18020368,0.09830667,0.15029016
74011329,0.17759505,0.037341595,0.12886739,0.15529668,0.20309514
74011460,0.24615356,-0.03090465,0.082353115,0.2254266,0.26878628
74011528,0.2744743,-0.052675605,0.01275444,0.25999433,0.2897607
74011763,0.1827777,0.02990222,0.12659907,0.16048302,0.20816962
74011842,0.1409507,0.07389784,0.11289692,0.12315925,0.16131225
74011897,0.15552384,0.055022,0.10427308,0.13822731,0.1749847
74012262,0.26015213,-0.051242232,0.07475543,0.23761095,0.2848317
74012440,0.16016302,0.041564465,0.09391117,0.144531,0.17748575
74012482,0.16370617,0.04424262,0.11945391,0.14412619,0.18594614
74012667,0.13830438,0.07949519,0.12236476,0.11952637,0.1600325
74012690,0.16505194,0.026764631,0.092725754,0.14986712,0.18177532
74015182,0.2500282,-0.04390812,0.07737374,0.22874539,0.27329117
74016164,0.1455924,0.06508589,0.1382463,0.12496201,0.16962874
74016586,0.13279995,0.07704902,0.12754583,0.114415,0.15413913
74016591,0.5000473,-0.08592582,0.043917894,0.45404845,0.55070627
74016598,0.80896616,-0.14551413,0.028099298,0.69753647,0.9381965
74016608,0.12998104,0.098921776,0.14708543,0.10886762,0.15518913
74016679,7.7132945,-0.38645363,-0.24152827,4.8901534,12.166267
74016718,0.12323681,0.099101305,0.15919924,0.102164395,0.14865562
74016893,0.12739237,0.10907984,0.16213131,0.10477991,0.1548848
74017042,1.8098178,-0.2649579,-0.11024654,1.358318,2.4113946
74017553,0.18175763,0.030832052,0.064552546,0.16920929,0.19523653
74017872,1.3876739,-0.22627652,-0.10599947,1.0808578,1.7815837
74018027,0.118019044,0.12122941,0.15376115,0.09703215,0.14354515
74018044,0.22953135,-0.044368267,0.013528347,0.2191277,0.24042892
74018053,0.107580535,0.13862371,0.15966749,0.08707691,0.13291205
74018249,0.11991082,0.11580467,0.15468168,0.09884175,0.14547098
74018526,0.36712828,-0.10128248,-0.006301999,0.33170068,0.40633976
74018530,0.13298638,0.08863568,0.12496948,0.11409547,0.15500508
74018904,0.17327306,0.020823956,0.063485384,0.16207437,0.18524553
74018964,0.13749905,0.0812006,0.12223816,0.11873172,0.15923283
74019455,0.15774938,0.048382044,0.09621072,0.14164399,0.17568602
74020605,0.15198536,0.048222065,0.10937023,0.13486241,0.17128235
74020675,0.1743069,0.018000364,0.08970618,0.15906663,0.19100733
74021681,0.15140784,0.057435274,0.107861996,0.13399151,0.17108797
74022925,1.2569183,-0.19182777,-0.09825289,1.0132234,1.5592253
74022953,0.1320068,0.07442713,0.111101866,0.11548331,0.15089448
74023531,6.161538,-0.3572303,-0.1847496,4.121223,9.211963
74023756,0.15125646,0.068847895,0.10890937,0.13297097,0.17205647
74024309,0.784296,-0.26766086,-0.12850285,0.5828191,1.0554221
74024793,0.29052997,-0.046489596,0.029871702,0.274911,0.30703634
74025397,0.15192053,0.05529785,0.104873896,0.13493563,0.17104338
74025439,1.1952795,-0.22119856,-0.07761073,0.94550234,1.5110412
74026265,0.1834986,0.019856453,0.087785006,0.16770464,0.20078
74027368,0.1646606,0.039002895,0.09160209,0.14905667,0.18189803
74027723,0.22569165,-0.034429193,0.051916838,0.21206105,0.24019839
74027947,0.21918257,0.0020821095,0.09833002,0.19865169,0.24183533
74028487,0.45925546,-0.14107072,-0.018163204,0.3983661,0.5294516
74029512,0.11370622,0.11850858,0.15298581,0.093700245,0.13798368
74029552,0.097626925,0.14342213,0.19382691,0.07671011,0.1242472
74029557,0.105361864,0.1416192,0.18066478,0.083750755,0.13254952
74029563,0.09595409,0.1484201,0.19720817,0.07496721,0.122816175
74029571,0.10606933,0.11887431,0.16549158,0.08651622,0.13004154
74029575,0.1064829,0.1223681,0.17019248,0.086346395,0.13131535
74029653,0.11205035,0.120562315,0.15031743,0.09241185,0.13586222
74029837,0.12211364,0.107788324,0.16158032,0.10055641,0.14829229
74029897,1.65365,-0.21197724,-0.088915706,1.3140509,2.0810142
74029953,2.5920346,-0.2879914,-0.12986577,1.8899022,3.5550215
74030051,0.3047636,-0.09444368,0.0064270496,0.27723742,0.33502278
74030061,0.14793764,0.040325165,0.13448596,0.12855917,0.17023712
74030124,4.035398,-0.304098,-0.1293565,2.8997877,5.615734
74030296,0.1377224,0.0870285,0.12441754,0.11832152,0.1603044
74030432,2.5756555,-0.26963937,-0.13444209,1.9056188,3.4812846
74030458,0.9294513,-0.17158723,-0.06732023,0.77299577,1.1175737
74030552,0.18558095,0.030218124,0.084733725,0.16961488,0.20304994
74030564,2.5448725,-0.26306975,-0.14768553,1.8821049,3.441028
74030675,3.8935213,-0.31168485,-0.1437732,2.7623105,5.4879813
74030681,0.34695023,-0.075975776,-0.0066227913,0.32147425,0.3744451
74030970,0.32986,-0.06917286,0.010293007,0.30757958,0.35375437
74031044,0.2677898,-0.04100108,0.024661303,0.25527874,0.28091404
74031150,0.24558073,-0.032251358,0.037908316,0.23365702,0.2581129
74031180,0.36250514,-0.063171744,0.019521236,0.3393118,0.38728383
74031210,0.46317813,-0.102413416,-0.0027310848,0.4180754,0.5131466
74031420,1.120687,-0.19248128,-0.058641076,0.916426,1.3704755
74031441,2.2927008,-0.26026082,-0.10288501,1.7330304,3.033113
74031511,0.2386351,-0.0040376186,0.07320833,0.22176449,0.25678912
74032103,0.12331635,0.11477375,0.14583087,0.1024294,0.14846247
74032188,0.1765921,0.025266647,0.08999801,0.16083275,0.19389562
74032208,1.1361382,-0.19880617,-0.06939411,0.9204116,1.402427
74032233,2.491212,-0.28229225,-0.12386298,1.8303338,3.390713
74032286,0.15618488,0.045789957,0.093776226,0.14070731,0.17336497
74032327,0.41174138,-0.0841707,0.00774312,0.37836877,0.4480575
74032414,0.85451835,-0.17147279,-0.039523125,0.7166369,1.0189284
74032546,0.6360986,-0.14443398,-0.014980316,0.5501246,0.7355087
74032569,0.2734501,-0.037522793,0.034610987,0.25984138,0.28777155
74032667,0.23002398,-0.012555957,0.06908512,0.21442644,0.2467561
74032751,0.7926657,-0.16567433,-0.036726594,0.66894734,0.9392652
74032760,0.3236265,-0.073449016,0.022856236,0.2996655,0.34950334
74033062,0.20303585,-0.005309105,0.07874966,0.18762666,0.21971054
74033436,0.20219141,-0.013080835,0.06446242,0.18931998,0.21593794
74033574,0.6946907,-0.15008974,-0.024704218,0.596666,0.80881965
74034082,0.61982685,-0.12986887,-0.020376682,0.5434743,0.70690614
74034479,0.21334776,-0.0231992,0.055156708,0.20095612,0.22650354
74034495,0.66839534,-0.14545989,-0.020453453,0.57708466,0.7741539
74034542,0.15896508,0.057075977,0.10158157,0.14148113,0.17860965
74034549,0.3738994,-0.10247159,0.008932352,0.33735192,0.41440633
74034567,0.3263041,-0.06135857,0.03554678,0.30396673,0.350283
74035060,0.27164736,-0.034380794,0.04083085,0.2575276,0.28654128
74035161,1.1425171,-0.19479132,-0.04195118,0.93610865,1.3944378
74035434,0.3518061,-0.06756604,0.034040213,0.32617164,0.37945527
74035585,0.37305892,-0.07625663,0.019601583,0.34481248,0.40361926
74035606,0.23412631,-0.038169146,0.046477318,0.22046061,0.2486391
74035708,0.6567641,-0.13799548,-0.018553853,0.571399,0.75488245
74035781,0.89097136,-0.19840539,-0.06104672,0.7239538,1.0965202
74035924,0.6813958,-0.13554919,-0.0038442612,0.5949871,0.78035355
74036141,1.0940733,-0.1885047,-0.045621276,0.90119016,1.3282396
74036787,1.3613209,-0.1932007,-0.05750501,1.1127988,1.6653454
74037326,2.1228325,-0.26347494,-0.13442421,1.5792753,2.853472
74037334,0.99963504,-0.18362582,-0.06505406,0.8226916,1.2146353
74037394,0.4230421,-0.11547327,-0.02403903,0.37597504,0.47600132
74037481,0.13478813,0.09631348,0.13413382,0.11427106,0.15898897
74037551,0.32389605,-0.0673784,0.023562431,0.30158234,0.34786072
74037575,3.1467838,-0.2974683,-0.14009488,2.2649984,4.3718567
74037582,1.3006872,-0.21519125,-0.08178556,1.0332237,1.6373869
74037603,0.1074496,0.12578344,0.16349578,0.087421365,0.1320663
74037617,0.098515056,0.1469953,0.18722129,0.07764731,0.12499101
74037626,0.16352454,0.055450678,0.12563896,0.14254127,0.18759671
74037636,0.10022668,0.14998722,0.18567109,0.078944944,0.12724547
74037703,2.0025084,-0.25845277,-0.13594985,1.4953687,2.6816394
74037717,9.150575,-0.3991878,-0.2257309,5.7847557,14.4747715
74037736,5.4924865,-0.33478093,-0.1663171,3.779393,7.9820776
74037925,1.2730778,-0.21516538,-0.09302664,1.0070479,1.6093847
74037926,0.3785524,-0.06459153,0.023193836,0.35344398,0.40544456
74037973,0.38520238,-0.09530103,-0.0073344707,0.3500885,0.42383817
74038104,0.77184194,-0.14557469,-0.03790176,0.66404635,0.89713615
74038110,2.8361354,-0.29216552,-0.13226819,2.0579932,3.908499
74038465,1.2181828,-0.21118021,-0.1307745,0.9502476,1.561666
74038590,0.25630426,-0.0641458,-0.024554491,0.23929101,0.27452713
74038726,1.3591574,-0.20633519,-0.08895743,1.0856408,1.7015839
74038775,2.834552,-0.2885344,-0.13831794,2.058359,3.9034424
74038781,0.37025267,-0.093361974,-0.029709578,0.33569753,0.40836474
74038821,3.2644029,-0.2934469,-0.13897693,2.359344,4.516648
74038842,0.51023436,-0.12703335,-0.045685172,0.4458005,0.5839811
74038868,2.9860706,-0.29877698,-0.15206552,2.1355193,4.1753864
74038878,3.2979755,-0.29425502,-0.12359524,2.3968391,4.537911
74038892,2.0734215,-0.2535075,-0.10310078,1.5770077,2.7260976
74038911,2.3561523,-0.27330196,-0.12513733,1.744454,3.1823447
74038929,2.4149616,-0.26544106,-0.12106562,1.8038751,3.2330618
74038935,0.5583823,-0.122918844,-0.041045666,0.49051356,0.63564146
74038990,1.0699102,-0.1794473,-0.059514046,0.8856051,1.2925713
74039066,0.24440324,-0.030904174,0.036995888,0.23290114,0.2564734
74039099,2.9740732,-0.30540586,-0.15480173,2.111787,4.1884484
74039102,0.8398208,-0.15399468,-0.034249187,0.7172548,0.983331
74039180,1.4097863,-0.21730435,-0.09570289,1.111814,1.7876168
74039271,0.21586959,-0.00009059906,0.06747103,0.20178512,0.23093714
74039489,2.4072769,-0.2719003,-0.12092626,1.7876782,3.2416246
74039536,2.6474187,-0.26923192,-0.118916154,1.9724188,3.5534167
74039616,0.44996825,-0.09317398,0.015039444,0.40944275,0.49450484
74039640,0.15629432,0.059657812,0.116247654,0.1371505,0.17811029
74040063,2.3527427,-0.28173983,-0.14144218,1.7165744,3.2246768
74040153,0.1728893,0.018466473,0.05218959,0.16357821,0.1827304
74040174,0.27026427,-0.042916417,0.04068756,0.25474483,0.2867292
74040203,0.22077055,0.005086422,0.0674901,0.20632291,0.2362299
74040252,0.2895553,-0.04891002,0.035008192,0.2726526,0.30750588
74040322,0.2538535,-0.035402775,0.04649067,0.23944448,0.2691296
74040467,0.20138872,0.0133366585,0.08212376,0.18531135,0.21886094
74040480,0.16067055,0.043123245,0.10216594,0.14380553,0.17951344
74040616,0.7714486,-0.17181158,-0.04426384,0.6460315,0.92121357
74040636,0.41778654,-0.07982516,0.014493704,0.38522992,0.4530946
74040708,0.47255614,-0.12940502,0.021689177,0.41444758,0.538812
74040761,0.21855158,0.0035789013,0.07681799,0.20237465,0.23602162
74040879,0.3370631,-0.06731641,0.088654995,0.3015556,0.37675154
74040975,0.18304236,0.015865803,0.08433151,0.16799036,0.19944301
74041102,0.26061368,-0.05609405,0.023514748,0.2452347,0.2769571
74041503,0.57566637,-0.13716638,0.007666588,0.501773,0.66044164
74041615,0.72778213,-0.16322184,-0.015612721,0.61771977,0.85745484
74041675,0.18946111,0.004722357,0.07771325,0.17526992,0.20480134
74041708,0.2965148,-0.07098615,0.019669533,0.2754583,0.31918088
74041735,0.21360897,-0.025013566,0.0605731,0.20005903,0.2280766
74041769,0.27239776,-0.037559748,0.042590857,0.25736022,0.28831393
74042057,0.55660546,-0.123410106,0.0069527626,0.4918879,0.6298379
74042229,0.2833937,-0.05647087,0.027101755,0.26618713,0.30171254
74042600,0.27680472,-0.043379903,0.03561902,0.26169577,0.29278597
74042741,0.24874799,-0.047297716,0.04206109,0.2334915,0.26500136
74042964,0.15210462,0.07223463,0.118824005,0.13235809,0.17479713
74043185,1.4607321,-0.24163961,-0.0723896,1.1350628,1.8798417
74043527,0.16290171,0.04029441,0.10242152,0.14592376,0.18185502
74043671,0.24160153,-0.04347515,0.043631077,0.22716945,0.25695047
74043767,0.7872363,-0.18054199,-0.040759444,0.6542193,0.94729847
74043988,0.655892,-0.14740896,-0.013799906,0.5656314,0.760556
74044925,0.5402577,-0.13586307,-0.021327376,0.4708405,0.6199092
74044926,0.16957916,0.038891792,0.095561266,0.15295558,0.18800943
74045336,0.10719796,0.10723686,0.13322401,0.090346806,0.12719214
74045346,0.10654201,0.09534216,0.13414907,0.09037438,0.12560198
74045376,1.4063058,-0.21638894,-0.12585235,1.0948753,1.8063207
74045470,0.1132464,0.11067152,0.14457917,0.094395265,0.13586219
74045481,0.10375987,0.12828922,0.16165042,0.0844119,0.12754259
74045500,0.09158938,0.16251683,0.21749258,0.069812335,0.12015948
74045509,1.6342028,-0.20970786,-0.003382206,1.3250101,2.0155463
74045515,0.09250294,0.15925431,0.19083261,0.07214562,0.118604474
74045524,0.09462328,0.15179086,0.18974614,0.0742111,0.12064995
74045532,0.096802674,0.14853883,0.18068457,0.07661336,0.12231232
74045533,10.897814,-0.3965894,-0.2050587,6.97335,17.030888
74045537,0.12984355,0.054198265,0.07374716,0.118487716,0.14228773
74045604,1.4697965,-0.22380757,-0.10488057,1.1479303,1.8819103
74045832,2.4643826,-0.23772812,-0.10416865,1.9010229,3.1946912
74045868,4.96673,-0.34541523,-0.21836936,3.3006163,7.47388
74045934,2.6654577,-0.27330124,-0.11217141,1.9836739,3.5815687
74045941,0.5647254,-0.11107123,0.04658723,0.50064325,0.63701
74045947,4.5194936,-0.3061055,-0.13986373,3.2279754,6.3277507
74046113,2.2159998,-0.2669952,-0.13774335,1.6409432,2.992581
74046646,3.5753348,-0.30899394,-0.15972805,2.5249524,5.062677
74046746,3.7070096,-0.30988038,-0.14980268,2.6275072,5.230022
74046762,3.0555296,-0.2920848,-0.14493537,2.205349,4.233462
74046775,0.88144296,-0.1806761,-0.037564516,0.7329082,1.0600805
74046812,4.347739,-0.3244673,-0.16038835,3.0274236,6.243869
74046820,3.1613784,-0.27370787,-0.12787211,2.3370826,4.2764053
74046829,3.1718984,-0.308712,-0.18089938,2.217811,4.536428
74046831,1.3835015,-0.19067478,-0.071941614,1.1284245,1.6962379
74046861,1.1122277,-0.18486166,-0.07962346,0.90945,1.3602182
74046874,6.210465,-0.35642207,-0.15629387,4.208269,9.165258
74046880,2.186787,-0.26150906,-0.12488794,1.6366204,2.9218974
74046929,0.8821281,-0.1986798,-0.1161468,0.7007833,1.1104003
74047018,1.6264673,-0.2359575,-0.11304402,1.2520367,2.1128743
74047036,1.3384634,-0.19092381,-0.06797528,1.0929261,1.6391631
74047276,4.219686,-0.30954576,-0.1276933,3.0189567,5.8979816
74047381,3.4680889,-0.3099656,-0.14249861,2.4656413,4.8780985
74047454,1.3969179,-0.22989917,-0.10143614,1.0865264,1.7959801
74047762,0.3213914,-0.10264897,-0.062916875,0.28493556,0.36251155
74048078,1.344081,-0.20970404,-0.08187306,1.0731418,1.6834251
74048386,0.7549436,-0.16501844,-0.035852313,0.63764066,0.8938261
74048855,0.41881108,-0.07784903,-0.004584551,0.3873916,0.45277885
74049038,0.8126518,-0.1566323,-0.022354603,0.6937303,0.95195925
74049822,0.33863124,-0.10507524,-0.061231375,0.29985446,0.3824226
74049865,0.5099322,-0.1286794,-0.0030622482,0.44834453,0.57998
74050020,0.55350155,-0.13056481,-0.015721679,0.48529482,0.6312945
74050252,0.9908277,-0.20162618,-0.061897874,0.802416,1.2234794
74050390,0.43829507,-0.1107254,-0.0046653748,0.39231643,0.48966232
74050427,0.33017188,-0.040958047,0.046691418,0.3102888,0.3513291
74050746,0.507387,-0.11076498,-0.008010149,0.45405564,0.5669824
74050819,0.341738,-0.12593484,-0.09078801,0.29259694,0.3991322
74050841,0.4517551,-0.10569584,0.009372711,0.40627474,0.5023267
74051325,0.37840685,-0.12547588,-0.093230605,0.32364568,0.44243369
74052042,0.17389745,0.013655901,0.089163065,0.15889809,0.19031268
74052282,0.2374775,-0.0046141148,0.07270765,0.22079152,0.2554245
74052604,1.5717196,-0.21761298,-0.094056726,1.2399867,1.9922012
74053844,15.556895,-0.4176104,-0.18986857,9.833129,24.612408
74053897,0.13304015,0.096018314,0.15022874,0.111314386,0.15900622
74053909,13.22406,-0.42302287,-0.1990695,8.285572,21.106058
74054330,2.0997908,-0.2376759,-0.1189338,1.6097279,2.7390478
74054365,5.0633163,-0.32380176,-0.1554668,3.535418,7.2515244
74054464,4.499037,-0.31972682,-0.15886879,3.1482337,6.429425
74054522,2.7696848,-0.25537372,-0.10716915,2.0996783,3.65349
74054789,4.550974,-0.3268746,-0.14791822,3.1789663,6.5151253
74054854,8.885062,-0.39497507,-0.17798233,5.7612095,13.702736
74055277,0.14579318,0.068297625,0.09395456,0.12980507,0.16375054
74056233,0.58982676,-0.15270245,-0.055621266,0.50135374,0.69391245
74057582,0.36574093,-0.09046507,0.010160446,0.33391663,0.40059826
74059009,0.553744,-0.1367923,-0.014633536,0.4825718,0.6354131
74059563,0.3085534,-0.0802331,0.018912077,0.28413886,0.33506578
74059915,0.47674537,-0.13413,-0.01799202,0.41640204,0.5458334
74062056,0.36828294,-0.083691,0.010847092,0.33847848,0.40071183
74062088,3.7812738,-0.29030704,-0.13577914,2.744422,5.209852
74062122,0.19092062,0.020620584,0.10270667,0.17193241,0.21200587
74062168,3.9479938,-0.32587206,-0.16868556,2.7353632,5.698203
74062529,0.8732399,-0.1571008,-0.061051488,0.7377933,1.0335522
74062534,0.615936,-0.1384126,0.04092121,0.53315276,0.711573
74062650,2.3251472,-0.27364743,-0.115620375,1.7275646,3.1294398
74062745,2.0424736,-0.25995445,-0.12691736,1.5294055,2.72766
74062779,5.780942,-0.35492814,-0.1628493,3.9120517,8.54265
74062808,1.6057242,-0.23338747,-0.08698249,1.2517033,2.0598733
74062941,2.5701199,-0.2860949,-0.11465943,1.8884126,3.4979198
74062992,1.5012705,-0.22257447,-0.08703804,1.1821376,1.9065576
74063032,0.6328862,-0.14325619,0.035648823,0.5460254,0.7335646
74063286,1.7506531,-0.25408995,-0.10449386,1.3300965,2.3041837
74063292,0.57191104,-0.13818884,0.03446269,0.49599317,0.6594491
74065015,0.2718381,-0.066420555,0.018250704,0.25374362,0.29122293
74065351,0.79090935,-0.16905451,-0.03888786,0.66495126,0.940727
74067549,6.565498,-0.36267936,-0.15748978,4.421286,9.749598
74068310,0.6268231,-0.1285106,-0.019444823,0.5504252,0.7138249
74068604,0.5874719,-0.124028325,-0.009113073,0.51877266,0.6652688
74070005,1.3138727,-0.18828821,-0.052863598,1.0804856,1.5976719
74071389,0.17572142,0.03982234,0.09637809,0.15832007,0.19503538
75000104,1.5120729,-0.24696267,-0.13209832,1.1427175,2.0008137
75000159,2.7437694,-0.31725812,-0.18136513,1.9038787,3.9541757
75000184,0.5236983,-0.13227677,-0.025219917,0.45771933,0.5991879
75000242,0.18652664,-0.004272461,0.05249095,0.17695749,0.19661325
75000262,0.2533874,-0.04516673,0.03557515,0.23922989,0.26838273
75000266,0.25288573,-0.042934537,0.034758568,0.23929498,0.26724833
75000277,1.1271197,-0.2161392,-0.06501436,0.89938843,1.412514
75000281,0.30822515,-0.073126316,0.014778852,0.28606692,0.33209974
75000290,0.63629067,-0.16877651,-0.053696036,0.5330116,0.7595816
75000301,0.1808052,0.010609627,0.0796988,0.16683719,0.19594267
75000688,1.8316474,-0.28713167,-0.22783828,1.2695612,2.6425922
75000732,3.3047936,-0.32731628,-0.2223289,2.2248504,4.9089413
75000801,6.2312083,-0.34358275,-0.19485652,4.197877,9.249427
75000868,0.78823435,-0.2743832,-0.15732372,0.5745053,1.0814755
75001908,0.79126036,-0.15973043,-0.078095675,0.662372,0.9452286
75002278,1.154111,-0.30576146,-0.17539275,0.8112617,1.6418527
75005786,3.3895428,-0.2922337,-0.09607434,2.4919705,4.6104074
75005789,3.4404044,-0.296273,-0.10523498,2.5122569,4.711454
75006258,2.9747086,-0.27937675,-0.110622406,2.2026591,4.0173674
75006277,2.959519,-0.26980865,-0.09278858,2.2248926,3.9367077
75006920,0.8144932,-0.1548649,-0.029217958,0.6957351,0.95352256
75007261,1.0672613,-0.18558729,-0.05371344,0.8797583,1.294727
75007292,0.30031118,-0.05841422,0.021968603,0.282142,0.31965038
75009823,0.8738422,-0.17940545,-0.0440135,0.72645336,1.0511343
75010545,0.8497278,-0.17039108,-0.026454568,0.71514374,1.0096395
75011584,3.8633046,-0.29098642,-0.032325864,2.8827553,5.1773815
75011778,0.23512092,-0.009328008,0.061857224,0.22086316,0.25029907
75011839,0.25966653,-0.03858018,0.037711382,0.24602877,0.27406028
75012479,3.9164877,-0.31481743,-0.118759036,2.7974906,5.483084
75018236,2.0163014,-0.25205362,-0.08285785,1.5464183,2.6289594
75018280,0.19813798,0.019419909,0.095086575,0.17981243,0.21833119
75018528,0.28194314,-0.024856925,0.01885295,0.27328295,0.2908778
75019772,0.46724305,-0.1073823,0.056454897,0.41386148,0.52751
75022214,0.3434194,-0.091288805,0.061994553,0.30753937,0.3834855
77000366,0.50843793,-0.13573718,-0.025247335,0.44287074,0.5837124
77000631,0.64336723,-0.1480074,-0.09969187,0.5382187,0.76905805
77000791,0.8401639,-0.16004515,0.02477312,0.71454495,0.987867
77000850,0.18996994,-0.0056831837,0.017325878,0.18653738,0.19346565
77000862,0.20603189,-0.03347218,-0.0047067404,0.19918409,0.21311511
77000870,0.2054264,-0.0199759,0.011962175,0.20069857,0.21026559
77000926,0.96716654,-0.19828427,-0.10859454,0.7714692,1.212506
77001022,0.35223648,-0.10796881,-0.036962748,0.3142479,0.39481738
77001025,0.2745736,-0.075868726,0.006039381,0.25445157,0.29628685
77001055,0.94556284,-0.20470774,-0.08832908,0.7565957,1.1817263
77001058,0.5904265,-0.1556952,-0.041076183,0.5026141,0.6935808
77001245,0.6059126,-0.13506627,-0.030470133,0.5275667,0.6958933
77001286,0.16212668,0.04101205,0.07414365,0.14895548,0.17646252
77001453,0.19737971,-0.013225317,0.07951498,0.18209381,0.21394877
77001607,0.33512154,-0.07642639,0.00803566,0.3103329,0.36189026
77001713,0.8563217,-0.19551551,-0.08889961,0.69081247,1.0614847
77001761,0.24530546,-0.047914267,0.010148048,0.23358057,0.25761887
77002152,0.46281618,-0.095066786,0.00011777878,0.42084438,0.50897396
77002165,0.4002318,-0.11830616,-0.033335686,0.35394123,0.45257655
77002252,0.2297524,-0.056334376,-0.03397429,0.21512432,0.24537517
77002261,0.25831562,-0.080450416,-0.027003288,0.23729898,0.2811936
77002299,0.3990661,-0.11760819,-0.025110006,0.35384825,0.45006227
77002309,0.5480852,-0.13348031,-0.034994245,0.4774405,0.62918293
77002350,0.5148654,-0.14372063,-0.043768287,0.44304356,0.59833026
77002413,0.43168432,-0.07817376,0.015082598,0.3986481,0.46745825
77002523,0.30489555,-0.09159517,-0.017702818,0.2777382,0.33470833
77004148,0.22879183,-0.014211416,0.07746291,0.21146443,0.24753904
77004318,0.20649514,0.0046744347,0.069269896,0.19264506,0.22134095
77004957,0.4426529,-0.12128246,-0.003563881,0.39207423,0.49975637
77005775,0.57791424,-0.14437687,-0.051118493,0.49584636,0.6735652
77005963,10.039886,-0.41596842,-0.1755122,6.3922462,15.768998
77006016,4.4680905,-0.31864476,-0.12796438,3.1695251,6.298682
77006280,16.397058,-0.46812272,-0.31020474,9.351413,28.751112
77006302,0.14111851,0.06315565,0.10494161,0.12485086,0.15950577
77006462,2.1668427,-0.28686202,-0.18084562,1.543669,3.0415893
77006471,0.3880212,-0.11102581,-0.06922567,0.34043378,0.4422606
77006537,0.16586633,0.03618145,0.06930828,0.15339223,0.17935485
77006602,4.052156,-0.3390993,-0.14756572,2.7994778,5.865368
77006650,1.2049489,-0.2277633,-0.121100545,0.9309784,1.5595441
77006776,0.51030916,-0.13031983,-0.0031023026,0.44794032,0.58136195
77006887,0.5583755,-0.15122545,-0.06741738,0.4731721,0.6589213
77006904,1.0207478,-0.24134803,-0.18992543,0.7508263,1.3877059
77007043,1.3024998,-0.2160492,0.01832223,1.0486048,1.6178693
77007086,0.19347073,0.013067961,0.10770416,0.17357889,0.21564214
77007140,1.8444655,-0.2580459,-0.060480595,1.4150299,2.4042268
77007153,0.5299609,-0.13997209,-0.05933273,0.45521736,0.61697674
77007165,0.30955452,-0.04837823,0.08770394,0.2800511,0.3421661
77007194,0.15521857,0.04388404,0.06913376,0.14301485,0.16846366
77007219,1.003859,-0.20378089,-0.09723544,0.80096424,1.2581497
77007269,2.2822254,-0.2900387,-0.14534223,1.6499308,3.1568308
77007339,0.5834919,-0.16904819,-0.07941079,0.4840846,0.70331264
77007357,0.5058501,-0.16495001,-0.09363854,0.41845325,0.6115004
77007366,4.3544574,-0.32473803,-0.14700258,3.0487719,6.2193236
77007461,0.3545137,-0.07745671,0.00015711784,0.32809073,0.3830647
77007475,0.1990684,-0.027891755,0.0259943,0.19162142,0.20680478
77007516,0.23492545,-0.022344828,0.076159716,0.2170002,0.2543314
77007561,1.9623863,-0.26626563,-0.10687566,1.4729202,2.6145067
77007571,0.2305785,0.015769243,0.0827117,0.21195836,0.25083438
77007590,0.21138711,-0.030983686,-0.014477491,0.20428006,0.21874143
77007594,2.5983458,-0.29133582,-0.13757789,1.882665,3.586087
77007607,0.38380915,-0.09665227,-0.016765952,0.34794688,0.42336774
77007803,0.66223776,-0.17583084,-0.050103188,0.55158424,0.7950895
77007849,0.22124937,-0.043262005,0.010534048,0.21161412,0.23132335
77007891,0.43429527,-0.115109324,-0.020144463,0.38639724,0.48813078
77008056,0.36295614,-0.0863508,0.0014204979,0.33292574,0.39569527
77008092,0.49718294,-0.15444589,-0.10897064,0.41155356,0.6006287
77008189,1.6799083,-0.25275373,-0.107168674,1.2766047,2.210623
77008391,0.3553812,-0.11417675,-0.038399577,0.31504956,0.40087596
77008566,0.59430474,-0.13216841,-0.03340304,0.5185664,0.68110484
77008597,0.2696261,-0.03647721,0.101427555,0.24207528,0.30031252
77008702,0.48779398,-0.11806774,-0.02595532,0.4322509,0.5504742
77008711,0.29287007,-0.036935806,0.031955957,0.2789097,0.3075292
77008719,1.5008789,-0.22421682,-0.0927912,1.177498,1.9130712
77008856,0.4818373,-0.11794543,-0.015866637,0.42777556,0.5427313
77009107,0.2744876,-0.0564245,0.026505947,0.25789848,0.29214382
77009148,0.41326192,-0.10747278,0.06099415,0.36522257,0.4676201
77009173,0.15514745,0.0013251305,0.03493142,0.14981773,0.16066676
77009559,0.35864958,-0.09853816,-0.0041627884,0.32496575,0.39582488
77009571,0.8862308,-0.19634843,-0.055785537,0.7226016,1.086913
77009785,0.6122968,-0.1584537,-0.03990221,0.5199936,0.72098464
77009844,0.24799038,-0.00729537,0.078522205,0.22918501,0.2683388
77010000,0.21816531,-0.0074219704,0.12168908,0.19312504,0.24645226
77010066,0.339975,-0.060738564,-0.009564757,0.31970063,0.3615351
77010075,0.59575546,-0.15300226,-0.020519733,0.51053447,0.695202
77010181,0.8362156,-0.19680333,-0.05306971,0.68201613,1.0252786
77010532,0.5302325,-0.14766335,0.013335705,0.45716813,0.6149739
77010554,0.23627877,-0.052718997,-0.033619285,0.2219575,0.25152406
77010990,0.23967017,-0.03192377,0.05688238,0.22453585,0.2558246
77011296,0.23691113,-0.056806564,0.025964499,0.22256652,0.25218028
77011973,0.30986252,-0.085469484,-0.028458357,0.28316957,0.33907166
77012698,0.19422877,-0.014768362,0.020567656,0.18937252,0.19920956
77013090,9.381073,-0.41273642,-0.12111652,6.101618,14.423146
77013378,0.12757051,0.07258606,0.09904766,0.112828836,0.14423826
77013380,3.5920677,-0.30482388,-0.094502926,2.6106286,4.9424686
77013504,2.384906,-0.27407682,-0.10431051,1.7787381,3.197647
77013533,1.0422927,-0.21219695,-0.08639741,0.8288728,1.3106645
77013802,0.38965458,-0.114254,-0.03165269,0.3460915,0.438701
77013878,1.3834056,-0.23233378,-0.10421121,1.0724152,1.7845802
77013879,0.11940493,0.07881045,0.10085034,0.1050597,0.13570891
77014029,0.17973374,-0.044841886,-0.024469972,0.17078279,0.18915382
77014034,11.13585,-0.41625166,-0.18531036,7.060616,17.563221
77014067,0.6888359,-0.2163465,-0.1464721,0.53045607,0.89450365
77014089,6.0704947,-0.35663617,-0.1381818,4.1411347,8.8987465
77014092,8.767728,-0.41406894,-0.27708292,5.327344,14.429902
77014099,0.22916138,-0.03159523,0.041424274,0.21752813,0.24141678
77014139,12.324975,-0.43444538,-0.20303082,7.629954,19.909035
77014148,0.13857697,0.050574064,0.08855367,0.12514187,0.15345444
77014215,2.8724692,-0.28789377,-0.13103259,2.0935504,3.9411893
77014233,1.9808599,-0.26876295,-0.1918875,1.4237543,2.7559571
77014277,0.5318915,-0.14502883,-0.04145336,0.45742035,0.6184871
77014336,4.5888095,-0.33448136,-0.13624442,3.1977754,6.5849442
77014363,0.121037684,0.069018126,0.11141491,0.10617001,0.13798738
77014485,0.7085774,-0.13377714,-0.016067624,0.6192572,0.81078094
77014498,1.1232172,-0.22127712,-0.12451422,0.8713538,1.4478812
77014585,0.23223262,-0.030866265,0.01237607,0.22463672,0.24008535
77014739,0.21586782,-0.048428416,-0.035743594,0.2032579,0.22926004
77014845,0.41661364,-0.107972145,0.019407034,0.3733278,0.4649183
77014864,1.2744231,-0.22370172,-0.120342255,0.98854256,1.6429787
77014890,0.4058386,-0.090937376,-0.02258873,0.3695384,0.4457046
77014992,2.9687881,-0.31593776,-0.16543782,2.078241,4.2409434
77015094,0.34569368,-0.096666336,0.013842821,0.31353176,0.38115475
77015123,1.0094618,-0.22905552,-0.1473651,0.7687818,1.3254906
77015232,1.2858405,-0.23250186,-0.15063596,0.97470325,1.6962967
77015250,0.82102776,-0.18768501,-0.076425195,0.6704226,1.0054651
77015257,0.23715007,-0.020195484,0.09655404,0.21487354,0.26173607
77015269,0.23528938,0.0048179626,0.06569004,0.22029106,0.25130886
77015290,0.83288604,-0.19549322,-0.08184242,0.67382026,1.0295018
77015395,0.5236056,-0.12805557,0.029364824,0.45914194,0.59712
77015559,0.5356637,-0.13500392,0.034163475,0.46602866,0.6157038
77015560,0.321375,-0.046479583,0.039126635,0.302431,0.3415057
77015638,1.1599509,-0.21617389,-0.03496194,0.9318297,1.4439182
77015822,0.3759976,-0.08895123,0.070156336,0.33572572,0.4211003
77016106,0.41473174,-0.13178682,-0.08466995,0.35459977,0.4850607
77016176,0.2473104,-0.062093496,0.005063772,0.23237318,0.26320782
77016182,0.25681746,-0.06679404,0.011552811,0.23998581,0.27482963
77016390,0.38577744,-0.07808745,0.009233713,0.35660514,0.4173362
77016474,0.14941126,0.067192554,0.108584404,0.13150041,0.16976164
77016573,0.409865,-0.13130593,-0.07379925,0.35255402,0.4764924
77016654,0.8005911,-0.18081605,-0.0025482178,0.6681524,0.9592813
77016970,0.2094788,-0.0045638084,0.07297492,0.1947088,0.22536922
77017034,0.43123528,-0.117652535,-0.03995776,0.3808483,0.48828858
77017044,0.5998448,-0.16228807,0.010079861,0.50982636,0.70575756
77017228,0.90507483,-0.18364942,-0.06626463,0.7445493,1.1002098
77017582,0.25242066,-0.030164123,0.10177517,0.22699906,0.2806892
77017635,0.1325965,0.07981634,0.11866379,0.11492745,0.152982
77017739,0.30876797,-0.08066487,0.057401896,0.2796632,0.3409017
77017846,0.44569594,-0.10617924,-0.011967778,0.4005287,0.4959567
77017856,0.19194385,-0.0035390854,0.07448578,0.17815128,0.20680426
77018233,0.4357679,-0.12201083,-0.007456064,0.38562727,0.49242795
77018505,0.24152128,-0.031292915,0.043159485,0.2289829,0.25474623
77018728,0.16640183,0.04054284,0.09300399,0.15034743,0.18417054
77019041,0.22675532,-0.026905775,0.10006976,0.20443454,0.25151315
77019091,0.20651813,-0.0131697655,0.111968756,0.18449965,0.23116434
77019479,1.234411,-0.23014057,-0.041496158,0.9770106,1.5596253
77019688,0.14730838,0.058870316,0.09094548,0.13218358,0.1641638
77019767,0.3882628,-0.09938192,0.044711113,0.3481753,0.43296584
77019774,0.23507768,-0.051077247,0.033652782,0.22112963,0.24990553
77019913,0.16694514,0.039343357,0.13977742,0.1443811,0.19303551
77020059,0.4460345,-0.10760534,-0.0009942055,0.4005291,0.4967099
77020227,0.4014707,-0.103782654,0.044320107,0.35862762,0.44943196
77020383,0.2709961,-0.04529488,0.04142213,0.25486273,0.28815073
77020840,12.628527,-0.4456141,-0.27976835,7.461827,21.37274
77021347,4.6900268,-0.34956288,-0.2321428,3.0827255,7.1353583
77021367,0.5331579,-0.1345942,0.015702248,0.46559238,0.6105283
77021829,1.5022606,-0.22770667,-0.023611307,1.1948773,1.8887185
77022922,0.3376629,-0.06996095,0.014084578,0.31440547,0.36264074
77022935,0.2296242,-0.006909251,0.05446148,0.21735807,0.24258254
77027234,1.093547,-0.22613752,-0.15453327,0.8315458,1.4380988
77027239,1.4156277,-0.23926246,-0.16166472,1.0605775,1.8895382
77027270,12.279822,-0.43172276,-0.2634083,7.405492,20.362461
77027289,7.9306197,-0.3851459,-0.23414075,5.0530863,12.4467945
77028005,0.4412776,-0.105683446,-0.03065598,0.39529577,0.49260816
77028081,1.9983389,-0.26110172,-0.12137616,1.4983759,2.6651247
77028250,0.6486851,-0.18082595,-0.11726725,0.52291846,0.8046997
77028401,0.45486093,-0.18343055,-0.054219007,0.37567177,0.5507426
77028432,0.36419407,-0.07965648,-0.015197992,0.3358261,0.39495832
77028496,0.7877618,-0.27873063,-0.13798594,0.5771948,1.075146
77028613,0.12631772,0.0574646,0.09856248,0.11269774,0.14158373
77028684,1.2614585,-0.26801562,-0.20024073,0.9027687,1.7626636
77028728,0.66803056,-0.16761804,-0.05848968,0.55936605,0.79780465
77029175,0.24034803,-0.018913865,0.036328077,0.23070298,0.2503963
77029314,0.17599343,-0.00385499,0.06929445,0.1641934,0.18864149
77029462,1.0162666,-0.20906854,-0.05624938,0.8184299,1.2619258
77029538,0.49427545,-0.12327576,-0.012233853,0.43668482,0.55946124
77029791,0.16363245,0.03298354,0.072304964,0.15113145,0.17716749
77031167,0.8175804,-0.16254532,-0.0400604,0.6915532,0.9665745
77031177,0.47367996,-0.11499131,0.0051395893,0.4221775,0.53146535
77032373,0.5587546,-0.1319058,-0.026044965,0.48846015,0.63916516
77032383,0.9189383,-0.19583333,-0.11706185,0.73147655,1.1544424
78013910,0.3357099,-0.05720508,0.008145809,0.31686166,0.3556793
78013953,15.011843,-0.45804954,-0.27118397,8.815689,25.562996
78015577,0.22741725,-0.01520431,0.08292723,0.20902981,0.24742214
78015586,0.3289772,-0.04400325,0.089898586,0.29764405,0.36360884
78015651,0.47261056,-0.13129401,0.068288565,0.40759757,0.5479933
78015719,0.430053,-0.22094631,-0.13401389,0.33211988,0.5568639
78015758,1.2733965,-0.22517037,-0.03342426,1.0141493,1.5989152
78015961,1.3013283,-0.19048476,-0.074661374,1.0605539,1.5967649
78016113,0.9431962,-0.19043994,0.014879942,0.7791892,1.141724
78016114,2.496618,-0.29521,-0.11417532,1.8192365,3.4262183
78016214,0.2705497,-0.017989874,0.067893505,0.25219923,0.29023543
78016361,2.3622282,-0.30447495,-0.12742496,1.6981535,3.2859938
78016567,0.19452256,-0.003807664,0.061308146,0.18293335,0.20684597
78016626,0.9968999,-0.2333312,-0.07379925,0.78049356,1.273309
78016805,1.9909877,-0.28342128,-0.11244702,1.4677311,2.7007887
78016860,0.7303366,-0.16666567,-0.039916158,0.61531025,0.86686605
78017082,0.46772063,-0.11630249,-0.006194353,0.41629905,0.52549386
78017199,0.39140934,-0.09474051,0.020168781,0.35527438,0.43121958
78017271,0.48490694,-0.12291634,-0.011068702,0.42860824,0.5486007
78017689,17.35737,-0.4721352,-0.30440748,9.897243,30.440632
78017749,3.9831822,-0.32376957,-0.102971554,2.8358207,5.594762
78017902,0.57541156,-0.13334739,-0.008710861,0.50343466,0.6576791
78017926,4.779251,-0.37606692,-0.2181251,3.0942235,7.381898
78017944,0.18344444,0.015336275,0.091367245,0.16721267,0.2012519
78018009,0.87229455,-0.17727792,-0.012754083,0.730253,1.0419647
78018235,0.21863694,-0.027395368,0.03331566,0.209407,0.2282737
78018433,0.27297455,-0.038457513,0.08662796,0.2482901,0.30011305
78018586,0.5599665,-0.14643371,-0.029486537,0.48226994,0.65018046
78018843,0.4773747,-0.12211251,-0.023970127,0.42151648,0.5406351
78018885,0.19265132,0.011036396,0.042407274,0.18439166,0.20128095
78019343,0.22873351,-0.026244283,0.11701536,0.20288418,0.25787628
78019752,0.12563272,0.10377121,0.15374565,0.104362845,0.15123755
78019905,1.0212886,-0.1909957,-0.0119822025,0.8434067,1.2366874
78019919,1.5234901,-0.23083031,-0.04278958,1.2047125,1.9266188
78019938,0.14891651,0.0430336,0.1138258,0.1318542,0.16818672
78020300,0.3184183,-0.0866977,-0.026727557,0.2908018,0.34865746
78020325,0.2904664,-0.051097035,0.025124073,0.2743894,0.3074854
78020408,0.65917945,-0.15514565,-0.036520123,0.5620607,0.7730794
78020581,0.37327576,-0.091259,0.058248997,0.33497408,0.41595694
78020583,0.6824518,-0.1708945,-0.050396085,0.5710755,0.8155496
78020598,0.6104053,-0.1603831,-0.03338778,0.5181691,0.71905994
78020663,0.23552348,-0.028580308,0.038270473,0.22453822,0.24704616
78021753,1.2399288,-0.20908129,-0.06559658,0.99593246,1.5437027
78021843,0.12093846,0.09365821,0.13445973,0.10265955,0.14247198
78021944,0.9208523,-0.18192244,0.014176369,0.76726,1.1051912
78022004,1.7960309,-0.27674448,-0.16193604,1.3033501,2.4749506
78022034,0.20160753,0.017821789,0.07841182,0.18603061,0.21848874
78022109,0.15647055,0.036381483,0.07572055,0.14386287,0.17018312
78022215,2.2877026,-0.28241575,-0.16450715,1.649897,3.1720665
78022222,0.8678365,-0.17284489,-0.056732893,0.72348934,1.0409831
78022223,1.567806,-0.24234295,-0.11451709,1.1991817,2.0497441
78022298,2.596847,-0.2875191,-0.15201378,1.8758591,3.5949473
78022357,0.16465561,0.041908264,0.089164495,0.1492069,0.18170387
78022428,0.5103133,-0.12722206,0.039007664,0.44673112,0.5829449
78022608,0.18763119,0.020739317,0.08302045,0.17224306,0.20439409
78022648,0.86194927,-0.19758093,-0.07539463,0.6976512,1.0649399
78022737,0.5001131,-0.12281299,-0.009687543,0.44214588,0.56568015
78023280,0.2572998,-0.061920643,0.0639832,0.23538032,0.28126052
78023365,0.18170314,0.022115946,0.09835982,0.16427778,0.20097685
78024083,1.6144158,-0.26004934,-0.163059,1.1877139,2.194416
78024158,10.752249,-0.4269917,-0.26101768,6.518622,17.735474
78024200,1.8701154,-0.26127303,-0.0815711,1.4223205,2.4588916
78024239,0.12683219,0.07701826,0.11199641,0.11071309,0.14529812
78024252,0.136825,0.063979626,0.08091426,0.12341466,0.15169251
78024299,3.2205353,-0.32490897,-0.22014415,2.1751158,4.7684116
78024302,2.1631923,-0.29557753,-0.1953013,1.5178776,3.0828578
78024308,1.315115,-0.22980583,-0.11310434,1.0179518,1.6990267
78024327,1.8078991,-0.26173174,-0.1214726,1.3547527,2.412617
78024357,0.5213982,-0.12570643,-0.024260163,0.45874202,0.5926121
78024476,3.4648757,-0.33354282,-0.2141099,2.331067,5.1501584
78024498,3.643954,-0.3136717,-0.15221679,2.5713086,5.1640635
78024606,3.458232,-0.3248254,-0.17096663,2.3957264,4.991959
78024645,1.7723577,-0.24900162,-0.104373455,1.3529924,2.3217068
78024795,0.12303982,0.08941817,0.15020227,0.10330692,0.14654195
78024815,0.6914609,-0.15137398,-0.027679086,0.592839,0.80648917
78024822,0.30910045,-0.077350974,-0.011855483,0.28583425,0.33426046
78025044,0.15497652,0.057564497,0.11325407,0.13648704,0.1759707
78025137,0.53110677,-0.14089406,-0.020292997,0.4606392,0.61235434
78025249,0.29327503,-0.0665859,0.029360771,0.27269092,0.31541294
78026526,1.3484746,-0.23808753,-0.118237376,1.0336992,1.7591037
78026636,2.458098,-0.27868533,-0.10251844,1.8265778,3.3079596
78026735,5.0888934,-0.3610927,-0.20919693,3.352633,7.7243276
78026784,0.12289088,0.08864188,0.11468434,0.1063089,0.14205931
78027212,0.60597795,-0.16136992,-0.047563076,0.5121462,0.71700084
78027276,0.52956015,-0.13579774,-0.030836225,0.4607207,0.6086854
78027278,0.7690356,-0.19828546,-0.053694487,0.62622535,0.9444136
78028265,0.8986346,-0.19563115,-0.08651304,0.72557896,1.1129653
