purpose,seed,n,T0_median_d,T0_q25,T0_q75,storage_median_mcm,restime_median_d,rho_storage,rho_storage_lo,rho_storage_hi,rho_restime,rho_restime_lo,rho_restime_hi
Flood Risk Reduction,42,233,1.3384634,0.655892,2.7696848,77.70935592,148.47929663846625,0.6986723372831155,0.6125335214084577,0.7823171793464608,0.09969812881608058,-0.03018911948419984,0.22031014117488756
Irrigation,42,95,0.5001131,0.26639496,1.0292796499999999,41.568338008,303.28491163257587,0.8803852197185056,0.7995871895368557,0.9327000547512543,0.504409294512878,0.34966785519810967,0.6436185384272273
Water Supply,42,154,0.42234812499999996,0.28074204999999997,0.6432196,40.34904120916,228.83093120180536,0.7494494247115142,0.652709925003367,0.8141331166309047,0.5233199438133025,0.3974448968638273,0.6324475623474886
Hydroelectric,42,266,0.259883655,0.1638154575,0.553959875,66.731367544,75.82412349344098,0.890974206509602,0.8598493886318369,0.9133561386625525,0.6365716070970303,0.5496905926317797,0.7109503401459765
Fish and Wildlife Pond,42,16,0.2245145,0.16470561250000001,0.40782875,42.64516765432,132.81524225056296,0.8941176470588235,0.7005832623660492,0.970261312177174,0.5970588235294118,0.13993470149253734,0.850657905026622
Tailings,42,18,0.21142689,0.170459165,0.33432128,16.12962528076,331.8493594828012,0.49638802889576883,-0.04534374999999998,0.8031040224716172,0.283797729618163,-0.180607966457023,0.6766692589103814
Other,42,47,0.20160753,0.14414963,0.30882652,38.4476289528,219.22555294670556,0.6826659096024362,0.4594058483241059,0.8100347970869177,0.6175994449583718,0.39412987916560904,0.7827097708237293
Recreation,42,154,0.19036461500000001,0.15604178,0.25689405249999997,22.57025070832,223.58268661341822,0.4532418779105958,0.31939743100008877,0.5829706839556936,0.5065395072985206,0.37325638884062795,0.6257784787976047
Navigation,42,25,0.1064829,0.097626925,0.11370622,19.489013072,1.156390103096358,0.81,0.5809116225976467,0.924990328820116,0.4130769230769231,-0.01613757685600095,0.7602386375796398
Flood Risk Reduction,43,233,1.3252043,0.8828433,2.4138954,77.70935592,148.47929663846625,0.5690998176881525,0.4624192101944924,0.6663894404649731,0.1410104620849034,0.00478624392071756,0.2671368948417006
Fish and Wildlife Pond,43,16,0.8637677500000001,0.501125825,1.546220925,42.64516765432,132.81524225056296,0.8323529411764706,0.5601782566242959,0.9479075232324667,0.4705882352941176,-0.11280335988220336,0.8590090090090089
Other,43,47,0.6863286,0.52671625,0.99974407,38.4476289528,219.22555294670556,0.5322538781855843,0.22561843784945057,0.7476122091840778,0.5852220166512488,0.33863821060268556,0.781971163928076
Tailings,43,18,0.603498765,0.49815462,0.8553850749999999,16.12962528076,331.8493594828012,0.4613003095975232,-0.013281297920628096,0.7475182481751825,0.4592363261093911,-0.06835794977854953,0.8130840968586388
Water Supply,43,154,0.484462525,0.34025110999999997,0.7788669275,40.34904120916,228.83093120180536,0.7588977158130099,0.6667466652383356,0.8229956704534206,0.4941094326293568,0.3538122060340186,0.6057078844801409
Irrigation,43,95,0.44581187,0.28213082,0.7642881349999999,41.568338008,303.28491163257587,0.7111167102392025,0.5586894518137423,0.8078307470694657,0.5751399776035834,0.4222064950277307,0.7188744453018843
Hydroelectric,43,266,0.36398312,0.2262309275,0.6869260500000001,66.731367544,75.82412349344098,0.7864322833578158,0.7238389353309563,0.8277090345929554,0.6846568403200072,0.5958482031313258,0.760632132716387
Recreation,43,154,0.36264272,0.28639492,0.500366305,22.57025070832,223.58268661341822,0.6531088019939213,0.5305080393782418,0.7346879251038524,0.4503758101481062,0.30547377587350455,0.5824831117220051
Navigation,43,25,0.10871683,0.10794632,0.112243555,19.489013072,1.156390103096358,0.03538461538461538,-0.4815441836209595,0.5350156468682673,0.43769230769230766,-0.07202896819980893,0.7766498400187999
