COMID,name,primary_purpose,storage_mcm,res_time_gauge_d,T0_days_s42,T0_days_s43,off_seas_T0,off_seas_lo,off_seas_hi,off_nse_seas,off_STAID,log10_ratio_s42,log10_ratio_s43
75001908,Sumner Dam,Flood Risk Reduction,78.5604583896,196.2515464594553,0.79126036,1.0195451,1000.0,169.05197822404836,1000.0,0.0617081013644428,8384500.0,-3.101680590704285,-2.9915935582645417
77016654,Courtright,Hydroelectric,152.07104212624,2899.529376082746,0.8005911,1.0353818,1000.0,1000.0,1000.0,-3.469069133719392,11214600.0,-3.0965892421629313,-2.984899473340101
75000290,Platoro Dam,Flood Risk Reduction,65.99867933104,307.1079261850427,0.63629067,2.027314,775.7417750638455,362.1335135907445,1000.0,0.5525130117045252,8245000.0,-3.086061624423149,-2.5827961601080762
77007891,Moon Lake Dam,Irrigation,61.05735108,210.75127377142653,0.43429527,0.3412162,280.9220946429914,101.73130517833803,601.7753015792059,0.6647260159917732,9291000.0,-2.8108007985952272,-2.9155562559078314
78022608,Henrys Lake,Other,72.405384008,611.5369801564859,0.18763119,1.1464278,101.73130517833803,2.907335362699394,217.9230043530077,0.1056906057954155,13039500.0,-2.734149583413727,-1.9481079075582195
77028005,Santa Felicia Dam,Water Supply,107.929661,751.5521065111033,0.4412776,0.40446484,169.05197822404836,61.21938685374067,1000.0,0.1922553306265173,11109800.0,-2.583308374706881,-2.621139482680679
78022428,Deadwood Dam,Hydroelectric,189.94633550528,325.9357332833063,0.5103133,1.0693254,169.05197822404836,0.4914907944250637,1000.0,0.374053617124446,13236500.0,-2.5201833699432163,-2.198910374318188
77014099,Tulloch Dam,Hydroelectric,82.64328327999999,39.30488372256384,0.22916138,0.4308007,47.49043582624104,28.578571341464123,61.21938685374067,0.4375927505175667,11302000.0,-2.316464726292124,-2.0423297548768153
77014215,Camanche Main Dam,Water Supply,748.7234768799999,253.37368532116008,2.8724692,2.8071623,0.0499999999999999,0.0499999999999999,1.0528435700809526,0.6860825796721228,11319500.0,1.7592853763343985,1.7492975183649515
77008189,Coyote Valley Dam,Flood Risk Reduction,91.89439708,116.23309288596327,1.6799083,2.3773465,0.0499999999999999,0.0499999999999999,2.255341494966317,0.7514979268196817,11461500.0,1.5263155715023953,1.6771224807455236
75002278,Two Rivers Diamond A Dam,Flood Risk Reduction,207.22494912,7352.816144894084,1.154111,0.46074107,0.0499999999999999,0.0499999999999999,1.0528435700809526,-0.1061643153704994,8390500.0,1.3632775760341345,0.964486922219647
77013878,Camp Far West,Irrigation,115.6265876816,121.2475015850713,1.3834056,0.4531872,0.0644544378132592,0.0499999999999999,8.028352123148267,0.8028580535954332,11424000.0,1.3316967046245032,0.8470248102403899
78026526,Applegate Dam,Flood Risk Reduction,101.392207248,93.2469245715971,1.3484746,0.89168775,0.0644544378132592,0.0499999999999999,3.7478133267479534,0.6564937592473443,14362000.0,1.3205899457147803,1.1409599756106676
78015961,Howard A. Hanson Dam,Flood Risk Reduction,32.07052784,13.401338149431554,1.3013283,0.99309313,0.0644544378132592,0.0499999999999999,1.7495626146803187,0.6386126170243391,12106700.0,1.305134049757784,1.187737152809667
74037334,Eagle Creek Reservoir Dam,Flood Risk Reduction,29.60356416,68.85324124147701,0.99963504,1.7104994,0.0499999999999999,0.0499999999999999,0.2957670210385463,0.8355773175917283,3353500.0,1.3008714666197267,1.5341529218455516
73005301,Raystown Dam,Flood Risk Reduction,634.00966576,210.2658189137348,5.054902,3.3290653,0.2957670210385463,0.0499999999999999,1.0528435700809526,0.6543030394872341,1563200.0,1.232762993141181,1.0513725668290896
