COMID,name,resops_name,primary_purpose,storage_mcm,res_time_gauge_d,T0_days_s42,T0_days_s43,resops_T,resops_T_lo,resops_T_hi,resops_nse,resops_wall,log10_ratio_s42,log10_ratio_s43
77008391,Upper Stillwater Dam,,Irrigation,40.85661898632,276.33605984188966,0.3553812,0.2588135,3000.000000000001,20.17188202981378,3000.000000000001,-0.0158142607658362,True,-3.9264268052296063,-4.064134328848992
78022223,Island Park Dam,Island Park,Irrigation,157.44902294864,104.13788331440232,1.567806,0.8509313,3000.000000000001,1809.018051789733,3000.000000000001,0.0791262100804407,True,-3.2818289325587475,-3.547226756016134
77006471,Harry L. Englebright Dam,Harry L. Englebright Lake,Debris Control,87.0714830856,24.686796846060243,0.3880212,0.5709891,283.11025582472246,202.07070940446485,396.65034674920906,-0.1441375804849136,False,-2.86310014776827,-2.6953277844248436
77007803,Ruedi Dam,,Hydroelectric,126.27523640632,323.60660403161404,0.66223776,0.76211053,152.56672932572448,102.94349150043972,226.110524889759,0.1451332840250918,False,-2.362445896001448,-2.301441873803437
77007153,Williams Fork Main,,Water Supply,119.401042112,350.9097886651776,0.5299609,0.6477073,121.84985368354496,86.97066202330795,191.02695812504064,0.2273887521967794,False,-2.3615811830652063,-2.2744462202158604
77007339,East Canyon Dam,East Canyon,Flood Risk Reduction,63.154270208,460.6463740227227,0.5834919,0.69666,82.21746269608742,62.075544812852826,121.84985368354496,0.317443134852178,False,-2.14892923836479,-2.0719431944942968
77014336,Monticello Dam,Lake Berryessa,Irrigation,1976.38081563152,1590.5591834869044,4.5888095,4.0964117,587.8530561515181,354.4789301259539,1031.2307163665462,-0.0182029414493871,False,-2.1075687516129658,-2.1568651824822953
77006776,Green Mountain Dam,Green Mountain,Hydroelectric,189.5121498976,183.32748733812284,0.51030916,0.5249072,52.44383252542266,35.38616349509065,77.7240395200274,0.4539412523346375,False,-2.011861057893921,-1.999611891939415
77007891,Moon Lake Dam,Moon Lake,Irrigation,61.05735108,210.75127377142653,0.43429527,0.3412162,21.33806951540065,13.610857199741227,29.89560603372289,0.6005383783735916,False,-1.691370026247959,-1.796125483560563
77001713,Pineview Dam,Pineview,Irrigation,135.868024676,549.4415844656671,0.8563217,0.7909118,41.88510396774698,25.25696972624804,65.6642889575361,0.432921591688261,False,-1.6894226481978885,-1.7239315427498942
78024083,Ririe Dam,Ririe,Flood Risk Reduction,111.63010652,434.68989122763975,1.6144158,0.79501355,52.44383252542266,19.069430078060385,86.97066202330795,0.3257736110902124,False,-1.5116790225636019,-1.8193198911205424
74009608,Buffalo Bill Dam,Buffalo Bill,Fish and Wildlife Pond,797.5261858796,351.9726261287538,1.082987,2.0705376,31.62394658117573,22.57167724712663,41.88510396774698,0.6258184411247201,False,-1.4653928242738443,-1.1839329462342034
77014992,Warm Springs Dam,Lake Sonoma,Flood Risk Reduction,302.2030508,505.6775327558797,2.9687881,3.3977277,82.21746269608742,58.68293596089054,128.89430170660572,0.1665854728517481,False,-1.4423848694063346,-1.3837754991498687
74046861,Clearwater Dam,Clearwater Lake,Flood Risk Reduction,27.13660048,10.204656511155797,1.1122277,1.023964,29.89560603372289,22.57167724712663,41.88510396774698,0.5045767645961807,False,-1.4294136547502438,-1.4653226735117926
77006650,Deer Creek Dam,Deer Creek,Irrigation,188.1923243288,536.3395809541119,1.2049489,1.1149707,29.89560603372289,20.17188202981378,41.88510396774698,0.5964300333310031,False,-1.3946387321667735,-1.4283439068856847
77006887,Wanship Dam,Rock Port Lake,Irrigation,76.62389190079999,178.6940781728531,0.5583755,0.6832064,7.334824237415264,3.736674250151829,12.866984314568002,0.6495010618804324,False,-1.118463357041267,-1.0308377854181212
77020840,Navajo Dam,Navajo,Flood Risk Reduction,2107.527071824,1027.492454886907,12.628527,5.411819,161.38699756810334,115.19040520889352,253.010293360175,0.2424422770466622,False,-1.106515844979448,-1.4745252790323358
77000631,Fontenelle Dam,Fontenelle,Fish and Wildlife Pond,412.48989559624,122.83622027269568,0.64336723,2.271535,6.554994013366661,3.3393952665835216,10.87052836241442,0.7421015675778823,False,-1.0081133631089496,-0.46025286654030584
74046874,Stockton Dam,Stockton Lake,Flood Risk Reduction,1100.26580128,480.98408357262025,6.210465,7.1667886,52.44383252542266,39.59596136070671,73.47619497382352,0.4030984888022347,False,-0.9265703032457709,-0.8643698276408073
73005518,Beltzville Dam,Beltzville Lake,Flood Risk Reduction,50.8441214448,117.56664816516056,1.0424393,1.5526888,8.681920994682315,5.858074457475261,12.866984314568002,0.4303471805938051,False,-0.9205650535179222,-0.7475314091267563
75000801,Santa Rosa Dam,Santa Rosa Lake,Flood Risk Reduction,246.696368,1300.4105600948037,6.2312083,1.7661619,49.57762472985712,26.717138984379886,1710.1499601062176,0.0427549447425501,False,-0.9007134465135628,-1.4482552039849725
74017872,Pactola Dam,Pactola,Flood Risk Reduction,69.0318111756,407.7342028371064,1.3876739,0.8981897,10.276422408789372,5.858074457475261,18.02723032806627,0.6809684299158735,False,-0.8695545275266834,-1.058473877007071
77014099,Tulloch Dam,,Hydroelectric,82.64328327999999,39.30488372256384,0.22916138,0.4308007,1.4372662814329311,0.4173935223004289,3.5324541474337,-0.0703468955981678,False,-0.7973958081699024,-0.5232608367545939
74045604,Buckhorn Dam,Buckhorn Lake,Flood Risk Reduction,39.594767064,28.184103856004626,1.4697965,1.1718521,7.758868965716292,5.537913670811173,10.87052836241442,0.6202965452148768,False,-0.7225412085574028,-0.8209256147929596
77007594,Dillon,,Water Supply,626.65318006624,1232.0828505797574,2.5983458,3.7122047,13.610857199741227,7.334824237415264,22.57167724712663,0.3909371685350821,False,-0.7191885290245087,-0.5642535612851702
77014215,Camanche Main Dam,,Water Supply,748.7234768799999,253.37368532116008,2.8724692,2.8071623,14.397735256582337,8.207428791554719,26.717138984379886,0.7254701157186003,False,-0.7000388028885901,-0.7100266608580372
74016679,Boysen Dam,Boysen,Flood Risk Reduction,865.2998455784,292.514421723147,7.7132945,6.2597203,37.43192704704449,26.717138984379886,55.47574303813376,0.4376402668954863,False,-0.6860022723630508,-0.7766872574892429
78024299,Lucky Peak Dam,Lucky Peak Lake,Flood Risk Reduction,361.58039961392,56.3329609955716,3.2205353,0.88528156,15.230104722763173,6.19674454843884,25.25696972624804,0.840733306450676,False,-0.6747748257901488,-1.235621471407912
73011226,J. Strom Thurmond Dam,J. Strom Thurmond Lake,Hydroelectric,3096.0394184,407.3375703395987,2.4872642,2.368147,10.276422408789372,7.334824237415264,15.230104722763173,0.6681189859043415,False,-0.6161200285173483,-0.6374332902678598
77006280,Oroville Dam,Lake Oroville,Flood Risk Reduction,4382.96555956352,1620.5531977827245,16.397058,10.804775,65.6642889575361,41.88510396774698,102.94349150043972,0.3468706335374633,False,-0.6025633130230343,-0.7837135183786269
77021347,Friant Dam,Millerton Lake,Flood Risk Reduction,642.02729772,420.30124141071417,4.6900268,1.2123382,15.230104722763173,6.9339547853554455,26.717138984379886,0.8063248145840534,False,-0.5115275651804774,-1.0990790998524216
74047454,John W. Flannagan Dam,John W. Flannagan Lake,Flood Risk Reduction,82.766631464,122.26399680217094,1.3969179,0.9375501,3.5324541474337,2.5212986842574843,4.949128947567097,0.4871421218850078,False,-0.4029056508507153,-0.5760820487768157
75001908,Sumner Dam,Lake Sumner,Flood Risk Reduction,78.5604583896,196.2515464594553,0.79126036,1.0195451,1.9036222273089,1.0851598253632078,3.1568876144031326,0.5011769222064828,False,-0.3812613578234642,-0.2711743253837208
73009439,Falls Lake Dam,Falls Lake,Flood Risk Reduction,141.5297063216,96.09960640629856,5.684764,5.8953433,13.610857199741227,10.276422408789372,18.02723032806627,0.6214208827585137,False,-0.3791730376567527,-0.3633763773685188
74038775,William H. Harsha Dam,William H. Harsha Lake,Flood Risk Reduction,114.220418384,101.09825688955117,2.834552,1.411186,6.554994013366661,4.678644673483973,9.183844791375565,0.5354987467267663,False,-0.36408787083362787,-0.6669880400985926
77014034,Don Pedro Main,Don Pedro Reservoir,Hydroelectric,2503.9681352,896.5990673735485,11.13585,7.749903,23.87660295982908,13.610857199741227,44.306587694822966,0.3515314689165638,False,-0.33124916531366827,-0.4886762708824439
73009540,W. Kerr Scott Dam,W. Kerr Scott Reservoir,Flood Risk Reduction,50.57275544,45.58744332972164,2.1155171,1.4564192,3.3393952665835216,2.5212986842574843,4.678644673483973,0.6514330501291323,False,-0.19825128710104264,-0.3603814316298941
74038465,Chatfield Dam,Chatfield Lake,Flood Risk Reduction,24.6696368,49.20208955505495,1.2181828,1.2686398,1.9036222273089,0.1356349415415747,5.537913670811173,0.9050448208613732,False,-0.19386830388434936,-0.1762424350780369
73005452,Blue Marsh Dam,Blue Marsh Lake,Flood Risk Reduction,28.24303369048,39.69934658330536,1.2872567,1.3148576,1.7995837426104426,1.214258406996678,2.66706133390326,0.7784842550037749,False,-0.14550690015676204,-0.13629334013133798
77013380,Folsom Dam,Folsom Lake,Hydroelectric,1102.73276496,269.0183979272436,3.5920677,1.5798275,3.5324541474337,2.253237057394177,5.537913670811173,0.7223713115294744,False,0.007267980003208836,-0.3494668639497654
74045509,Bagnell,Osage,Hydroelectric,2376.672809312,86.9930004424628,1.6342028,2.3935223,1.0258526885443484,0.2816337920146257,2.66706133390326,0.9162829593378232,False,0.2022209492873609,0.3679524770925619
