COMID,name,primary_purpose,storage_mcm,da_eff_km2,res_time_gauge_d,T0_days_s42,T0_days_s43,off_seas_T0,off_on_reach,resops_T,hydrolakes_res_time_d
78017689,Dworshak Dam,Flood Risk Reduction,4277.71502112,6319.570988400001,446.2262098133796,17.35737,11.298729,,,,
77006280,Oroville Dam,Flood Risk Reduction,4382.96555956352,9352.44706521,1620.5531977827245,16.397058,10.804775,3.7478133267479534,True,65.6642889575361,376.8
74053844,Bull Shoals Dam,Flood Risk Reduction,3759.65264832,15703.09791093,208.57182641732328,15.556895,12.013363,,,,
78013953,Hungry Horse Dam,Flood Risk Reduction,4277.71502112,4298.655065929201,514.7489229136733,15.011843,11.984726,4.831264020091606,True,,
74053909,Table Rock Dam,Flood Risk Reduction,3332.86793168,10411.7522022,262.85278265457777,13.22406,6.9353943,,,,
77020840,Navajo Dam,Flood Risk Reduction,2107.527071824,8303.683179827702,1027.492454886907,12.628527,5.411819,28.578571341464123,False,161.38699756810334,336.6
77014139,New Melones Dam,Hydroelectric,3355.0706048,2341.867249062,1729.4268216130065,12.324975,13.485299,,,,
77027270,Alamo Dam,Flood Risk Reduction,1737.97591256,12354.2432847,7885.32737511052,12.279822,4.6642985,3.7478133267479534,True,,
77014034,Don Pedro Main,Hydroelectric,2503.9681352,3988.5816894,896.5990673735485,11.13585,7.749903,47.49043582624104,True,23.87660295982908,503.1
74045533,Harry S. Truman Dam,Flood Risk Reduction,1484.3769801833598,29784.863265000004,62.01244132126266,10.897814,13.937353,,,,
78024158,Palisades Dam,Flood Risk Reduction,1728.10805784,13304.7948209511,112.99152861022353,10.752249,3.5962958,362.1335135907445,True,,165.8
73011587,Buford Dam,Flood Risk Reduction,2364.58468728,2693.5876344000003,597.2627709919327,10.611026,11.384311,13.341112707816194,True,,563.8
