variable,label,seed,n,rho,lo,hi,p
storage_mcm,normal storage [MCM],42,1024,0.6647961729635844,0.6283089574907909,0.6977132196018794,1.325180349087127e-131
storage_mcm,normal storage [MCM],43,1024,0.5970889969906941,0.5498440190189446,0.6365846871180517,6.072261629876182e-100
storage_max_mcm,max storage [MCM],42,988,0.7782739949092553,0.7517705875913019,0.8038916533146108,1.7800041118498616e-201
storage_max_mcm,max storage [MCM],43,988,0.7182208489791441,0.6814588204012154,0.7507923320074785,1.7669627220904177e-157
surface_km2,surface area [km2],42,949,0.4045146911337444,0.34856326361817014,0.4585757386205822,1.1469568810520764e-38
surface_km2,surface area [km2],43,949,0.43889126164666464,0.3834100203272773,0.4879440464684199,5.880469492897529e-46
height_m,dam height [m],42,1024,0.551717966176902,0.5085519667882511,0.5938121075594156,1.2661752165479019e-82
height_m,dam height [m],43,1024,0.4028726097267268,0.35287099138567096,0.4519167381370884,3.064293965146433e-41
da_eff_km2,drainage area [km2],42,1024,0.10129918565765317,0.035770783296752005,0.16899646979037009,0.0011705215888270244
da_eff_km2,drainage area [km2],43,1024,0.006766422640188241,-0.0640429199422144,0.07619813721741621,0.8287823288719242
max_discharge_m3s,max discharge [m3/s],42,844,0.3451485238601136,0.28467468676916474,0.4072775245104804,5.079465563479134e-25
max_discharge_m3s,max discharge [m3/s],43,844,0.0862367949143183,0.021676390384830036,0.15357915793268956,0.012200866118213735
res_time_gauge_d,"residence time, gauge-flow proxy [d]",42,1024,0.3637658362241613,0.3041634228391612,0.41934219766224673,2.1570959520269146e-33
res_time_gauge_d,"residence time, gauge-flow proxy [d]",43,1024,0.4222666140655174,0.37151703991980706,0.4795321709610109,1.533283179532021e-45
res_time_grand_d,"residence time, GRanD mean flow [d]",42,757,0.24767349885246875,0.17834694449256613,0.3152294448247611,4.80925732015704e-12
res_time_grand_d,"residence time, GRanD mean flow [d]",43,757,0.3297791482979508,0.25627687545998656,0.39579424193727847,1.1589308576237439e-20
res_time_best_d,"residence time, GRanD where available else gauge proxy [d]",42,1024,0.34933396216293544,0.285233543712872,0.4090520360922928,9.287882297158411e-31
res_time_best_d,"residence time, GRanD where available else gauge proxy [d]",43,1024,0.4106601593233674,0.3559784482672765,0.4668566584134359,6.213423047717954e-43
storage_per_area_m,storage / upstream area [m],42,1024,0.4120370391066447,0.35495132468675483,0.46618478075782815,3.0853713949681634e-43
storage_per_area_m,storage / upstream area [m],43,1024,0.4777151804234318,0.42387879261857925,0.528830893214577,1.6906943669678245e-59
year,year completed,42,997,0.3873298977348118,0.3289392822744032,0.436948800493949,4.921585950490766e-37
year,year completed,43,997,0.34034874949099386,0.28810451745373356,0.39413984871797464,1.851411158201972e-28
